codigo_nif,nombre,cluster_modelo_negocio,cluster_label,PC1,PC2,rotacion_stocks,personal_porcentaje,margen,nofs_ventas,productividad_va_pax,inmovilizado_empleado,localidad
A46052809,CARTONAJES BERNABEU SA,3,C3,-2.716853640195241,0.7858853909577207,1.8717304957461958,0.104050120838586,0.564671712015184,0.276505881249745,138.325919811321,134.3303537735849,L'OLLERIA
B46132387,UBESOL SL,3,C3,-2.2486318441687048,0.2412761779276208,2.0258840139100327,0.121833979276958,0.637401718637773,0.216378208813266,97.6499953882353,123.54531564705881,ATZENETA D'ALBAIDA
B54620182,ALBERO FORTE COMPOSITE SL.,3,C3,-0.2700271601295601,0.7928889893703565,0.8958508790713289,0.168556936463113,0.299747299392832,0.311235643869234,91.4003927826087,54.730594028985514,BANYERES DE MARIOLA
A03137874,ACTIU BERBEGAL Y FORMAS SA,3,C3,-0.2713379521152796,1.0080714688632233,1.0494717474051416,0.196922916327079,0.427087893907516,0.442984881609601,77.898457480315,53.62809354330708,CASTALLA
B03307162,PLASTICOS VICENT SLU,3,C3,-3.067876851015412,1.4755475269261185,1.5580285706690817,0.125985162185835,0.393708536289787,0.173098035875609,156.069208767123,276.43700356164385,IBI
B03821873,ENVASES DURA SL,3,C3,-1.947362455327707,-0.16620550099165451,2.2180643576615457,0.101055689598427,0.603066570989003,0.233346079818134,95.45183671875,62.49553854166667,CASTALLA
B46023677,PLASTICOS INDUSTRIALES Y COMERCIALES DE ALFARRASI SL,2,C2,-1.0083200423203325,0.32769788643511194,1.5600201380247642,0.16683855021982,0.58104941609117,0.291771430386843,66.6091087583893,75.64079775167785,ALFARRASI
B48051957,ITC PACKAGING SL.,3,C3,-0.8022440989490879,0.4746319306460103,1.2571675807490692,0.230887012009,0.468882754023999,0.228877482239768,93.1546875819672,82.41138073770492,IBI
B03036720,TEXTISOL SL,3,C3,-2.3418590170523244,0.83949360552973,1.522476223504347,0.0779013608482816,0.696125640442684,0.238926851884442,71.801490661157,180.77665057851237,COCENTAINA
B03016268,BORNAY SL,3,C3,-3.1970836836322087,2.324964658596435,1.0352319172733455,0.0784114873416499,0.782825906196512,0.501425554424436,123.637254356436,198.73879742574258,IBI
B78970365,CLARIOS PLASTICS SPAIN SL.,3,C3,-3.704089126324698,0.8216919776342441,1.822640720883201,0.0724973290349567,0.652868444004782,0.107868986452366,146.172134831461,213.8938988764045,IBI
A03046125,FLEJES INDUSTRIALES SA,3,C3,-1.544690865150939,0.9359395440172684,1.354969489970904,0.120046207449088,0.685193121052337,0.407681880622236,73.5675675675676,85.02027027027027,IBI
A03006384,RIPAY SA,2,C2,-1.5133862464944232,0.4616781683978485,1.2010478138533247,0.090072529874784,0.710082280892632,0.280690207549525,69.4661425757576,43.92050295454545,CASTALLA
A03001948,DOMENECH HERMANOS SAU,3,C3,-1.66805057253298,0.38065212984146957,1.4808911144090326,0.122534005679053,0.656423415960737,0.241525918771273,80.4973704597701,81.25916459770114,MURO DE ALCOY
B96956115,VALLES PLASTIC FILM SL,2,C2,-1.667200803864398,-0.08016680556153324,1.8555988177896945,0.114814678913199,0.625796964169235,0.168758160940783,71.0457852416667,93.09304041666665,L'OLLERIA
B54972146,INDUSTRIA PAPELERA DE MURO SL.,2,C2,-2.4344897064658713,-1.0493944958504977,3.1450944039810826,0.0644868557316851,0.720821019671711,0.132984336999692,64.6567854117647,93.76812694117648,GAIANES
B54182324,BIOPOLIMEROS MAYA SL.,3,C3,-2.9278750300258474,0.5660807236122821,1.8682648887134783,0.0662764628636265,0.742105424887906,0.176009616204178,86.5297344444444,190.02812864444442,COCENTAINA
B98246291,LAMINADOS CAREVA SL,2,C2,-2.597262244147943,-0.11468981569349357,2.049020114709685,0.0546461707400594,0.829388818771665,0.150860534367761,65.9726817391304,112.09068086956522,BOCAIRENT
B53888566,TERMOFORMAS DE LEVANTE SL,3,C3,-2.856738499169174,1.667827103742445,1.2041079648443975,0.129113388117324,0.560571576020411,0.186280231064426,111.335522328767,298.61247273972606,CASTALLA
B46103297,PLASTICOS FERRANDO SL,3,C3,-2.0090641261966256,0.9143184160999246,1.3851822394229607,0.0788069809787469,0.634769237837604,0.411638756373613,117.036252105263,35.53946736842105,L'OLLERIA
A53199402,DURPLASTICS SA,2,C2,-0.5988318179345863,-0.27401553112592675,1.6952896335503058,0.216828577442082,0.517547534430224,0.207624814384148,78.59788,18.693591559633028,BANYERES DE MARIOLA
B03834330,PLASTIMODUL SL,2,C2,-0.8750013243829567,2.0037946139207072,0.7934515631091159,0.0765664630191588,0.732234859102367,0.795715389944368,56.5007718571429,12.244608999999999,IBI
B46715934,DUCPLAST SL,3,C3,-2.449343061358514,0.15453205596888808,1.7884152494134655,0.090036924544816,0.557849991047968,0.113481936857803,122.053108433735,108.1139156626506,LA POBLA DEL DUC
A46050746,BENIPLAST BENITEX SA,1,C1,0.690833944892008,0.6228768624981811,1.044152499025346,0.280642200893329,0.423945822366707,0.437292910688551,50.8874564102564,17.2905641025641,BENIGANIM
B53048997,ALJUAN SL,1,C1,0.2355907788984677,1.4856905238970384,0.6797378412174265,0.204894728337519,0.362227060882365,0.525552029269216,63.9746104580153,69.66014984732824,IBI
B53794798,PRACTICEL SL,3,C3,-3.372025182085389,-0.9096807825263536,3.469967645867976,0.0472624501979702,0.738956886567741,0.125271497370208,100.208425217391,128.54372956521738,GAIANES
B46264800,VIDRIOS SAN MIGUEL SL.,1,C1,1.108292744914903,0.28004960665557016,1.0847514365872033,0.355313698838694,0.42481590212748,0.345511697552322,36.6025450163934,29.151593803278686,AIELO DE MALFERIT
B04980181,JOVISA RECYCLING MACHINERY SL.,2,C2,-2.736399758424408,-1.4304481795384387,3.0644864157968335,0.0759468552000557,0.8183215038161,0.0461647206976786,87.5407315384615,29.624341282051283,MURO DE ALCOY
A46185484,KAMAX GALOL COATINGS SA.,1,C1,0.5944938304754684,-0.21555638722236264,1.4383866697387344,0.271105365666169,0.29136888453371,0.22088506003045,63.6287861271676,20.26364161849711,L'OLLERIA
A03009263,CARTONAJES BAÑERES SA,2,C2,-1.2050603824444786,-0.14710895998592277,2.1310582639485345,0.140866611639424,0.493309011960393,0.258935046263747,81.03167790625,64.47748645833333,BANYERES DE MARIOLA
A46215661,ROCHLING INDUSTRIAL BOCAIRENT S.A.U.,2,C2,-1.2186101808022325,0.19994962030641936,1.69209343450855,0.157610321860003,0.652177752865368,0.3294008155925,77.2775238666667,31.651516266666665,BOCAIRENT
B46579058,PLA ALBERT SL,3,C3,-2.843592500871714,-0.1550717808582483,2.1594680216232582,0.050496295655013,0.692374211738132,0.194264483153683,132.079112857143,31.189872,ALBAIDA
B54596648,KARME NATURE SL.,2,C2,-1.0280064231786754,1.0892575703668905,1.0648613748639848,0.127195543815338,0.617002083107682,0.42253017888203,60.2880942592593,85.94487907407408,MURO DE ALCOY
A20098364,KERKOM 360 SAU,2,C2,-0.7937383616755971,0.10198320903459061,1.3974857052395644,0.12071509153342,0.581524867437234,0.268452287402049,56.1601846031746,30.08053206349206,ALBAIDA
A46089348,VILA HERMANOS CERERIA SA,3,C3,-1.541122338565629,0.6897652069320919,1.2784138353692065,0.124333927937868,0.680466143012712,0.290179683284782,67.76043578125,99.58633765625,ATZENETA D'ALBAIDA
B03006350,RESRG AUTOMOTIVE IBI SL,2,C2,0.09655105723087037,0.36655446044425105,1.3157397240249675,0.220567642703667,0.40720541283392,0.322975574484536,52.9119612403101,61.03112403100776,IBI
B03403136,INDUSTRIAS FRANCISCO GUILLEM SL,2,C2,-2.712374317457719,-0.820775610088153,3.495131960552397,0.0895280713365854,0.750259593472212,0.212331170292243,66.5396075675676,139.11457594594594,IBI
A46011888,GANDIA BLASCO SA,2,C2,-0.6212783384162234,0.44039152442047064,1.1261379221253516,0.150423693540883,0.562771701651195,0.288877413862343,55.0111798529412,53.13676470588236,ONTINYENT
A46168795,ARTESANIA COBAVIPLAST SA,3,C3,-1.8314588027193306,0.2412000651355951,1.783529221484752,0.149573458067757,0.669790610485966,0.224480319927643,83.3942127592593,102.64942148148148,L'OLLERIA
B53429106,HILEX TRANSFORMACIONES METALICAS SL,1,C1,1.2758141777171832,0.17973554385464238,1.178667676318421,0.40143698733537,0.396051054076992,0.333848886620507,42.282953632287,28.20085004484305,IBI
B54749460,INDUSTRIAS PEYGRAN S.L.U.,3,C3,-0.4485028134602057,1.164757707052229,0.9124472261888109,0.184385613312982,0.268175987376907,0.372278689167868,106.758277349398,81.80655265060241,TIBI
B03907862,SEYCA PLASTIC PACKAGING SL.,2,C2,-0.26342384462288254,-0.21269665647341554,1.7136830176754432,0.207850811380221,0.393873112439526,0.196440724044769,63.7662709009009,60.32814954954955,IBI
B97054118,POLYPRES MEDITERRANEO SL,3,C3,-0.8625037893572137,1.2618811483453678,0.9602595618251528,0.128810810343633,0.563344444120684,0.489749955929445,73.8918655223881,56.340603880597016,ALFARRASI
B96623129,CERERIA MOLLA 1899 SL.,3,C3,-2.239401572358949,0.9216975329900778,1.125594814158392,0.0974359623082829,0.389495469503953,0.282566325681764,191.376199522727,10.1092125,ALBAIDA
B41991647,MULTISCAN TECHNOLOGIES SL,3,C3,-0.07066168711895097,2.151391262875512,0.7955092168092496,0.250878187255156,0.457430070756037,0.792081427308311,100.475898780488,25.933479390243903,COCENTAINA
A46052536,GONZALO FERRI SA,2,C2,-1.1535318754711663,1.1777093511794896,1.0056776260694111,0.130387127641688,0.652470637482704,0.492100823463525,84.1343597608696,29.604039130434785,ONTINYENT
B03442415,REGICARP SL,2,C2,-1.0757522883903021,-0.39519362030749877,1.9474044126685286,0.188524647092583,0.566302189315716,0.115222211530516,60.3739149367089,94.81294784810127,COCENTAINA
B53139564,TEXTILES FERRE SANZ SL,3,C3,-2.010958205036941,0.8854437385464947,1.4846604459693151,0.077776104258813,0.729791575896899,0.381905397924507,76.1422161904762,98.22933690476191,BANYERES DE MARIOLA
B54114871,COOVER IBI SL.,2,C2,-0.8162823587272504,0.027003335255949102,1.7157342615871454,0.152261863368962,0.518096087305127,0.268495555803981,65.1920605714286,54.22953642857143,IBI
B46162400,GAVIPLAS SL,3,C3,-1.0242032255204618,0.8899642589890977,1.3225556102410918,0.188696220406516,0.46410901065704,0.286364425635928,74.2669764285714,156.11053416666667,ALFARRASI
A03027919,FRANCISCO JOVER SA,2,C2,-0.37323248109423235,1.273053526956742,0.9468078281091526,0.16157521333759,0.581263012767133,0.554654022878641,55.0520692407407,42.242606296296294,COCENTAINA
B96330725,ENTIDAD MAYA SL,2,C2,-0.6352143181347581,0.3546273896369109,1.2670422214097048,0.169237029414682,0.588522277379739,0.334686076916417,66.9051079310345,17.348575689655174,ONTINYENT
B98699572,CLUSTAG SOCIEDAD LIMITADA.,3,C3,-1.6432696853713702,0.7961453774910948,1.2748813465124005,0.165967268506155,0.586136744967744,0.326963649593197,120.417563902439,51.94589241463415,ONTINYENT
B54884820,JMOLTO LT SL.,2,C2,0.31683450591439966,-1.0978070123310781,2.7600743892534054,0.31963792467241,0.265458310173199,0.18310143870413,66.7277052136752,48.02882017094017,COCENTAINA
B53285490,ENVASES METALICOS EUROBOX SL,3,C3,-1.5643025826073849,1.1618664583807818,0.9319763867478336,0.138163914896187,0.444481065168523,0.372051459245706,150.621428914894,24.81740978723404,BENASAU
B46889408,PLAST-TEXTIL SL,2,C2,-0.09546587932050603,0.5476723141297322,1.6513327457869367,0.205824598969367,0.539833164121099,0.500077381259833,41.8554155434783,45.40470684782609,ATZENETA D'ALBAIDA
B53068334,FDJ NINCO SLU,3,C3,-1.6885103923658993,1.0416372175572786,1.3664524909046798,0.115045523953737,0.618269822001695,0.323923598197221,65.1747893023256,165.82168790697676,IBI
B54982723,IBIDE FITTING PLASTIC SL.,3,C3,-1.575302548228369,0.41761532897894676,1.526278662789054,0.0903718551031992,0.330606547879945,0.225051734498233,131.451401777778,63.184174666666664,IBI
A03218112,INDUSTRIAS CLIMBER SA,3,C3,-1.4911339559912409,-0.8611127376326266,2.9110163750817235,0.184768786387989,0.421970697215977,0.146185163635437,103.837469607843,75.95109117647058,IBI
B53264826,DICARCONO SL,2,C2,-0.024824247074116783,-0.5428326194022494,1.7209897662116016,0.233920820183729,0.35639213355562,0.107531280178561,61.3267068539326,53.68361168539326,IBI
B97700207,CAMPOS MONTAVERNER SL,2,C2,-0.11281648523875186,-0.03860926882336305,1.3922059391754105,0.196611216108949,0.51086316968728,0.261120015543676,47.9860123913043,25.012972826086955,ONTINYENT
B53020418,MAPELOR SL,1,C1,0.031147446555139176,0.9330503688766544,0.9706646561009743,0.281049964647474,0.465637598230728,0.402681787316832,71.1011308450704,63.90004816901408,BENIARRES
B03384070,CCL LABEL SPAIN S.L.U.,3,C3,-1.0427224158971098,1.0009064718688752,1.8170154123695013,0.243247050019291,0.418808506382948,0.337411159626843,70.2676953246753,226.18886896103896,IBI
B96563119,MOIXENT INDUSTRIAL PLASTIC SL,2,C2,-2.237857691145814,-1.2016773804443115,3.436635982702401,0.109628280935886,0.619904517756624,0.161726038447771,86.1036407317073,73.17897219512196,L'OLLERIA
B03561099,NONWOVENS IBERICA SL,3,C3,-1.7845357437360332,0.6185138934588471,1.8224764868173287,0.105409189577523,0.658217598360281,0.349764650450795,67.1778507317073,124.7459943902439,MURO DE ALCOY
A03003324,INDUSTRIAL JUGUETERA SOCIEDAD ANONIMA,3,C3,-0.6377991171920164,2.005857222383153,0.8583187108760314,0.237467398759023,0.488042732321728,0.556470004270694,74.2940105479452,163.06801493150684,IBI
A96345004,BREVIA SA,3,C3,-2.180280365551756,1.2360282720790703,1.4483268139702716,0.122767569234575,0.524803258786129,0.287955227961798,103.381338813953,199.6792753488372,MONTAVERNER
B53110730,HILADOS BENISAIDO SL,2,C2,-0.6951821555003944,0.4531979884884126,1.3323021753930553,0.148504957301653,0.655444676664298,0.364744700411327,42.1748082089552,49.314031940298506,MURO DE ALCOY
B46287132,PLASTICOS VIDAL SL,3,C3,-2.315235661002261,2.097690588567035,1.2344709613990155,0.09342629839154,0.737621745796237,0.469892687912653,48.0386743953488,282.1263562790698,L'OLLERIA
B53160099,VICEDO-MARTI SL,2,C2,-0.07078113531505012,-0.2907660021900277,1.6799361464013947,0.272242009122267,0.423820399955078,0.168324476932778,62.6576578777778,61.831993888888896,IBI
B97793665,ENVASES SANZ BELDA SL,2,C2,-0.47151262204957917,-0.14906954897281846,1.6888382833245656,0.185815273066371,0.449347128754765,0.253115992472736,75.9607124193548,20.03149677419355,AIELO DE MALFERIT
B42655779,LEMOINE SPAIN COTTON INDUSTRY SL.,2,C2,-0.5741617504882853,-1.0061262326958282,2.020687332857507,0.154338088307339,0.643811796268205,0.112125893907719,27.4805942105263,15.296000701754386,COCENTAINA
A03061314,PEREZ CERDA SA,1,C1,1.3360278338476916,0.4588157554851505,0.7652376802896625,0.377758005606659,0.329196711708118,0.294244997312412,43.3081278461539,49.80946353846154,CASTALLA
A03197308,MINILAND SA,1,C1,0.8090631262579333,1.420372680841337,0.6884192473606315,0.28294673426155,0.441681852719698,0.608350232608867,48.8883050684932,30.607815205479454,ONIL
B46089504,CANDIDO PENALBA SL,2,C2,-2.1840006432852364,-0.859251818762664,2.4492097506672046,0.0479579429491417,0.766229281458439,0.15647787088194,74.6370711111111,10.714758888888888,ALBAIDA
A46572467,"WINTEX, SOCIEDAD ANONIMA",1,C1,0.8884843492068495,3.3611475899357757,0.34055067870094624,0.252009981546886,0.483989166782931,1.1498505452943,44.7801103493976,57.697129397590366,ALBAIDA
B03051927,JOSE ALBERO PUERTO SL,3,C3,-3.053901962748316,-0.10396833996018584,2.716257963914721,0.0669552003351672,0.677213667703933,0.20278345328894,110.717735518519,135.23008814814816,BANYERES DE MARIOLA
A46251401,PLASTICOS BIOSCA SA,2,C2,-0.9005614454207174,-0.5673309345882408,2.0260171148669204,0.160314183987815,0.595304209948193,0.176507169832016,53.8448285454545,40.36085072727273,ALFARRASI
A46247748,PENALBA SOLER SA,2,C2,-1.406828929315545,0.11934233546265582,1.486363886400791,0.0742644796655176,0.716535946540921,0.3002738547602,63.92158,8.432086818181817,ALBAIDA
A03195260,ONDULADOS DEL PAPEL SA,3,C3,-4.460879589304999,0.8661954619166011,2.4521000950123506,0.0518465158060867,0.609630504506123,0.181831385650273,186.732558125,222.314786875,BANYERES DE MARIOLA
B03164050,OBLEAS QUINTIN SL,2,C2,-0.6475693630546268,-0.7237316232386037,2.2468228358827664,0.219795137382771,0.441940053983258,0.129420607590402,71.0637356060606,60.42176378787879,IBI
B53168365,GREAT PLASTIC SL,2,C2,-0.3189375524932469,0.22411811008478488,1.3185166055022484,0.138713346515834,0.440221414029664,0.320991640116507,66.2684736842105,11.782859649122807,CASTALLA
B96238720,TEXTIL CASA MODA SOCIEDAD LIMITADA,2,C2,-0.06816084567890954,0.459882881361426,1.1233754256811106,0.218850918816173,0.680165798459797,0.408847108547962,33.5684066,12.193093384615384,AGULLENT
A46122909,MOPATEX SA,2,C2,-0.8141990839012064,1.083668470025409,0.9848671737825766,0.168274802115326,0.677704506315383,0.445329646485915,54.2048476923077,68.49673051282052,ONTINYENT
A46096566,"PIEL, SA",3,C3,-0.2096916543295147,2.078094203360692,0.7115764050691636,0.177455921987899,0.497552590940895,0.652141702988553,44.8504698275862,129.21783396551723,AGULLENT
B98704521,SAMARPLAST PLASTICS SOCIEDAD LIMITADA.,3,C3,-2.7097207076407286,0.0655284653230512,2.1956348163092105,0.048919421457256,0.801356619645805,0.190761688896615,65.0928823529412,146.09529411764706,L'OLLERIA
B03867058,MORA FERRE E HIJOS SL,2,C2,-0.9322588530935073,1.5380105374109123,0.8739712803322561,0.122472124986037,0.673280693719743,0.61348535912248,71.811567,25.37503033333333,BANYERES DE MARIOLA
B46283941,RAFSOL SL,2,C2,-2.0106516063364768,-0.2808781639717475,1.644106192844575,0.0543216030650747,0.748210090668149,0.151369603788474,81.8092652941176,12.843940588235295,AGULLENT
B96490313,HILATURAS MAR SL,2,C2,0.02888064962054953,-0.1867960906621096,1.7198887812083359,0.245739191974922,0.476190231333329,0.231613009183266,36.5091998924731,74.54617129032258,BANYERES DE MARIOLA
B46661005,CREACIONES EUROMODA SL,1,C1,0.1516704748300905,1.509444558877433,0.7098865141951378,0.178431022117811,0.534843435816665,0.622113504570708,43.5017038571429,34.86055489795918,BOCAIRENT
B03016821,MANUFACTURAS ALHAMBRA S.L.,1,C1,1.5986606092174511,3.616170108447644,0.31252793474386065,0.367148328275676,0.386261844583239,1.23229188679241,50.0022847959184,66.906165,MURO DE ALCOY
B46182002,REBOCA SL,3,C3,-0.7350216370831831,1.4202511280346404,1.1123238497269023,0.183749421364732,0.508868084135118,0.517619528191331,77.0557726190476,96.00078880952381,L'OLLERIA
B98669609,BERVIBOX SOCIEDAD LIMITADA.,2,C2,-0.951985631045054,-0.31926450204980145,2.258500455956184,0.18656423914285,0.460274189199228,0.197491253817504,66.8475405660377,103.08254226415094,ONTINYENT
B53083762,COLORPRINT FASHION SL,1,C1,1.1275672139503827,0.17652617199310555,1.453574260465484,0.335238918809267,0.327863454127296,0.393938160281654,44.5841124175824,25.517923846153845,MURO DE ALCOY
A46013702,MANUEL REVERT Y CIA SA,1,C1,0.035430258528584106,1.6948258783848957,0.6714733206080731,0.167738029850708,0.555740302592057,0.675409656685614,48.84775375,28.29411725,AGULLENT
B53005906,CREACION Y DISEÑO IBENSE SL,3,C3,-1.6899658533499409,0.7426557942080245,1.1024493525177481,0.17921985801594,0.59178229679786,0.0626704671182099,63.3387304347826,228.00162173913043,IBI
B53078978,RIBETES Y CORDONES MARTI S.L.,3,C3,-1.6902705774502824,2.756402590163975,0.6788940801725494,0.0570967042902133,0.567696752518821,0.802893056684942,114.307812857143,84.7698438095238,BANYERES DE MARIOLA
A03017308,"MOLTO Y COMPAÑIA, SOCIEDAD ANONIMA",1,C1,0.42763232634722204,3.1104522924903715,0.585014539769201,0.213474592064243,0.451056618284971,1.03460732867978,47.7610747727273,101.1484825,IBI
B53040804,COLORTEC QUIMICA SL,3,C3,-1.4918821823297592,1.5599297127093128,0.9835263205260604,0.16656615850323,0.3029238324356,0.345836747991116,141.087805,143.42880825,IBI
B02757631,SCRIMTECH FABRICS SOCIEDAD LIMITADA.,3,C3,-1.9116537434691767,1.0925466709649543,1.342897050576597,0.0681417731856418,0.638303854811782,0.437449812490338,98.180060952381,68.90111523809524,AGULLENT
B96997432,CASA MEDITERRANEA 1967 SL,2,C2,-0.6092073669683898,2.4075485719949365,0.7182960083463419,0.106707318383103,0.668877977426682,0.867356428079337,50.9257775757576,52.31948727272727,ONTINYENT
B03434198,PLASTICOS INDEN SL,3,C3,-0.5405371031115086,0.44351013454851024,1.4509465586605592,0.172791728656364,0.37056999273815,0.296397656886751,78.6691779387755,79.27030224489796,IBI
B03025806,TEX-DELTA SL,3,C3,-2.5740122133039622,1.7251291033318523,1.2478765311262954,0.0928227051903984,0.617694460675278,0.420553206717314,121.78857,167.0952961111111,COCENTAINA
B03058757,JUGUETES PICO SL,3,C3,-0.8737997383929997,0.7907529685428737,1.2366090754759496,0.225258637554356,0.576002092361111,0.263701175408706,53.8130932692308,157.39468211538463,IBI
B46203550,PINTURAS AYELENSES SL,2,C2,-0.18610972791851485,0.21877148772040111,1.2837285062503503,0.194375179678894,0.55773084306422,0.312671057502221,44.6022862745098,32.79496039215686,ONTINYENT
B53171724,HERBES DEL MOLI SL.,3,C3,-0.665566051250445,1.5825064974438574,0.7746672729249788,0.125584773816777,0.511531243751604,0.507458395442742,59.5998252777778,101.45998083333333,BENIMARFULL
B03718905,MANIPULADOS VAZQUEZ SL,2,C2,-1.8736565017956799,0.2543732149707677,1.3117589735511253,0.0558671964276062,0.828376189105923,0.184879722098239,39.1022562631579,95.22873315789474,BANYERES DE MARIOLA
A03078862,COMERSAN SA,1,C1,1.5836462018870026,1.7004149312397283,0.4203693203107598,0.35412713664734,0.364257779107961,0.647150285025057,31.0385626966292,56.6675815730337,COCENTAINA
B03120318,PEREZ LINARES SL,3,C3,-1.7886883267669915,0.6136989271029809,1.2486622485633116,0.0952437482623758,0.653710429399418,0.25346143012076,85.7577219047619,81.15287714285715,CASTALLA
B54710835,PROTEKU EUROPA SL.,3,C3,-1.6596897231608532,0.7111314500964928,1.6335129505254093,0.136450446008416,0.432399724212674,0.34608863126001,132.83204236,64.2805624,TIBI
B03093713,ROTATEX SL,1,C1,0.4178729047819358,0.3210533816601684,1.276211310956936,0.269523463814042,0.436055699547706,0.349197372377345,48.8029935714286,39.47504339285714,COCENTAINA
B03308681,BRILDOR SL,2,C2,0.30577894240299447,0.5157964811063085,0.882259265521729,0.233230121544103,0.608746594728386,0.396630952360637,33.669683375,2.538805357142857,BENIMARFULL
B46307872,VAELLO CAMPOS SL,3,C3,-0.48732355608853034,0.7787129467234062,1.0616972065651034,0.204545066823569,0.385524546485469,0.291474633387241,83.8201687804878,92.08975731707316,AIELO DE MALFERIT
A46162665,INDUSTRIAL PLAST SA,2,C2,-0.15700163032350584,0.02582468465729484,1.5264912577897358,0.225948213959325,0.450322496235042,0.219160603947866,47.5143696,85.0584296,L'OLLERIA
B03933835,COMPAÑIA LEVANTINA DE REDUCTORES SL,1,C1,0.796102339139856,1.59553184813427,0.6560593013169222,0.327531085776774,0.433947032914137,0.612921237522094,57.1237590727273,53.46816890909091,IBI
A03266095,EMBALAJES ALBERO SA,3,C3,-2.5161367377715056,1.8804185884584137,1.8155436371223879,0.124024401978031,0.470480393771466,0.510782068783888,130.096876923077,223.53793115384616,BANYERES DE MARIOLA
B96362835,TEIXITS J FRANCES SL,3,C3,-2.8811379658975307,1.0183510154957105,1.9373056191685343,0.0765790717897551,0.705180121030188,0.341024215053246,100.723348571429,182.41466999999997,ONTINYENT
A97033351,SPUNLACE SA,2,C2,-1.2823874682638277,0.18022382277247603,1.7934564571918543,0.134066480127494,0.590972484017896,0.245541308463479,56.1199013157895,111.61652263157895,MONTAVERNER
A46969754,PALETS RIBELLES SA,3,C3,-1.6799360240869756,0.4608894498846418,1.6688472274840878,0.108991676179391,0.671182463664985,0.285236932016971,62.4960814814815,114.44429111111111,LLUTXENT
A03146081,FERNANDO CERDA BLANES E HIJOS SA,3,C3,-1.2234888066476168,1.4639089654130548,1.011250722359721,0.110753928510876,0.458387879154342,0.430446236097829,87.1007460714286,125.33596642857142,BANYERES DE MARIOLA
B53525184,ADVANCED PET S.L.,3,C3,-1.374242928721591,1.1286873602945064,1.0823588967909161,0.168904807960348,0.422891329161544,0.273979445324511,107.100270952381,143.14382523809522,IBI
B03463452,JUYPAL HOGAR SL,2,C2,-0.7569056692947402,0.7166960043430359,1.222143201751087,0.116399146961719,0.512985332754234,0.321147231584792,44.5254448387097,112.08507903225807,IBI
B98574056,BLUEBAGS & ACCESORIES SOCIEDAD LIMITADA.,2,C2,-0.6684041417946229,0.5316585242289382,1.2098822639861655,0.107550635576044,0.552107585129876,0.352230358480687,50.7130834782609,47.76033304347826,ONTINYENT
A03057577,INDUSTRIAS PLASTICAS BAÑERES SA,2,C2,-1.2338141382930294,-0.16537377330880598,1.8310235724112076,0.133472609939396,0.666833625724133,0.199699986136701,45.2516354545455,82.7567496969697,BANYERES DE MARIOLA
B98376916,AVAN EUROPE SOCIEDAD LIMITADA.,3,C3,-1.7590575487747033,0.751169098357948,1.4021128005934895,0.107632156837162,0.557536335131032,0.261360642990798,88.6226304,126.7271308,L'OLLERIA
B03311933,SATIS COATING SL.,2,C2,0.11931705455542395,-0.019865670958797866,1.7586933369797426,0.233512360324247,0.431425021315584,0.345662096743023,52.69823978,32.2536166,CASTALLA
B03160520,CREACIONES JOVIAR SL,2,C2,-0.5726410713817847,-0.9083499187864132,2.480501236229251,0.228839767459499,0.518180774910532,0.171103012052052,56.9307444736842,44.17939078947368,IBI
B54363361,PRODESCOM-ROTOMOLDEO SL,1,C1,0.4886980974463996,-0.11468825503120748,1.2977415043449247,0.301704391350799,0.39017491039532,0.221680662873371,63.261599787234,18.9446385106383,ONIL
B97328173,NEW MOP SL,2,C2,-0.03101472503738988,-0.05907717627411085,1.2886358276187222,0.196624387432624,0.515832168902223,0.244477597264294,44.53456478,19.980842,ONTINYENT
B97181978,DON ALMOHADON SL,2,C2,-0.5285111315106846,-1.1989271464544515,2.407911816678544,0.172976268453713,0.584749676468887,0.136945202950261,36.6196679545455,10.327358181818182,AIELO DE MALFERIT
B03940525,INYECTADOS IBI SL,2,C2,-1.1308430666234046,-0.9158940977753361,3.0018146244485986,0.202482043803116,0.494647156362463,0.154844294444507,56.140652975,120.86773175,IBI
B03506102,TERMOFORMADOS BANYERES SL.,2,C2,-1.734458715772293,0.34227781900311083,1.6229739755067236,0.0989294869064998,0.672594504863837,0.277285102553139,76.2201095454545,74.26371454545455,BANYERES DE MARIOLA
A03030707,PASCUAL Y BERNABEU SA,1,C1,1.216323607909115,-0.541433830676328,1.8784373060460595,0.370700205989587,0.246220528188056,0.221263501015612,43.1919603030303,47.88497636363637,COCENTAINA
A46225678,CAÑETE SA,1,C1,0.6126717012154352,1.0789859452433006,0.7176015940658746,0.240265753874255,0.513586748771665,0.525581391604721,35.4543032,21.3259018,ONTINYENT
B97162093,ACAPERSA 1997 SL,1,C1,0.24062527652260943,-0.4434539036453738,1.9646534714849315,0.205321337621134,0.127525067528806,0.191504706545882,80.3978830612245,46.99077612244898,AGULLENT
A03003647,GONHER SA,3,C3,-1.255312666079523,0.7231836740946528,1.2150167134826562,0.201702189973869,0.475030477250692,0.258764245369256,115.111418518519,82.31260555555555,IBI
B03663994,MUÑECAS ANTONIO JUAN SL,2,C2,-0.7250394777051185,-0.06048417885473288,2.096430993139024,0.189889814003864,0.550233776574406,0.343587207690731,60.3497675,52.62665833333333,ONIL
B53092219,AMBIENTES AMA HOGAR SL,1,C1,0.588623798917243,1.8681722651524193,0.428611400630003,0.217465270583577,0.327339679830515,0.671630738436974,77.7441284444444,17.02622688888889,BANYERES DE MARIOLA
B03076346,POHUER CREATIVE INJECTION SL.,2,C2,0.10098379803269021,-0.10551305389683989,1.506690295932271,0.252176042405816,0.419521137719379,0.216379681634384,53.3701524489796,56.10138448979591,IBI
B46821997,VEREMUNDO SILVESTRE JORDA SL,2,C2,-0.684471364059683,0.27077845619613317,1.5728643588454996,0.140821621758324,0.60807959461284,0.390764580454221,54.3408082758621,20.056571379310345,ALBAIDA
B53807772,FERRE & FERRE ETIQUETES SL,2,C2,-0.35199128944748354,-0.17476808686535583,1.6857660188519603,0.226786396091356,0.550028410359192,0.252557623884453,55.9892878571429,34.687712857142856,BANYERES DE MARIOLA
A46228649,OLIVES GARCIA SA,2,C2,-0.9429629396493909,0.1563097225999174,1.336677379028761,0.119921921170928,0.804019040402694,0.319599987553135,29.3642282352941,21.08774058823529,BENIGANIM
B96921069,CIEVA SL,2,C2,-0.6712714224870403,0.1002123572907941,1.498057722163286,0.161638436517476,0.597453131456065,0.295905035174766,55.5296610833333,31.24039722222222,ATZENETA D'ALBAIDA
A03160736,QIUB PACKAGING SA.,1,C1,0.4420253941544419,0.46876830413468284,0.9501169919781832,0.226679639717337,0.229928458897648,0.249693733178673,67.3913814634146,67.38417414634146,ONIL
B97532568,OPTRON INGENIERIA SL,1,C1,0.11066992035766018,0.9958491949595332,0.8201420837665264,0.257579644839393,0.565864254156047,0.428670416623568,44.4445547727273,62.6124175,L'OLLERIA
B02731685,MT PLASTICS QUALITY FILM SL,2,C2,-1.5750669669521282,-1.2405014062340962,2.819209045323448,0.125059335490312,0.697132914441842,0.101274743477583,46.6442881818182,56.577740454545456,MONTAVERNER
B53941217,SUMINISTROS Y MANIPULADOS TECNICOS SL,2,C2,-1.020705777172586,0.3023853662189982,1.3364252412681785,0.139642623434096,0.575180752182562,0.275841427266498,76.3722928,37.4540948,CASTALLA
B96218110,CATOTEX SL,2,C2,-0.9773404814430269,0.5245594314156077,1.2571376581253417,0.104769477968545,0.715720367337753,0.410120777699411,52.291573125,10.18939875,ONTINYENT
A46109021,TALLERES CONSTRUCCIONES MECANICAS SA,2,C2,-0.22647396549939694,-0.9017901031941185,2.5955751079164213,0.248797534872456,0.570858379365865,0.291820153376583,45.1068441666667,4.717536666666667,ONTINYENT
B03286192,CARTONAJES TORRALBA SL,2,C2,-0.028135666068891868,0.11349533072272265,1.5410862634203082,0.229469562919587,0.502863934633659,0.347989384052615,54.8471855,21.77102925,IBI
B53103891,LARTEC-J SL,3,C3,-1.1292112205280502,-0.5857055811990701,3.2470131357400867,0.186113718412993,0.135256419361775,0.167066612720807,94.7893618604651,186.40264976744186,BANYERES DE MARIOLA
B96998349,ABONOS ORGANICOS MONTAGUD SL,3,C3,-2.2004949401830074,0.6486858783711434,3.548058329189596,0.140570536346042,0.174257743683921,0.314703911500995,77.9878866296296,395.59703888888885,LLUTXENT
B03250735,DEFORMAC SL,2,C2,-1.1744953363730737,0.5552270273519885,1.3888273955563768,0.171009416058052,0.728952346079961,0.31326456241366,47.0217643043478,98.80872869565216,BANYERES DE MARIOLA
B98596885,MEDITERRANEA LIFESTYLE SOCIEDAD LIMITADA.,1,C1,0.9433942002022392,0.38204189211325457,0.9202783323582077,0.305754801651161,0.428472754995622,0.327690379308555,32.5534874666667,36.78952133333333,L'OLLERIA
B03821881,MUEBLES ORTS SL,1,C1,0.6084472718345285,0.3474217885794434,1.1063439142825786,0.299909394963015,0.462601805548769,0.320093548890221,38.1508717678571,50.95888125,CASTALLA
B03048881,M CASTELLO JOVER SL,2,C2,0.07211471267443735,-1.0304823270991408,2.3287375306190996,0.203191477632193,0.339036680415928,0.16196748600423,53.1031507692308,15.966610000000001,MURO DE ALCOY
B54398839,PROTEC TEXTIL 1980 SL,3,C3,-1.1120644644351014,0.8974336658091313,1.1605056277411734,0.116438558674767,0.581776707294437,0.350614239465257,59.5422686956522,103.26182869565217,BOCAIRENT
B03116076,CARLOS VALERO SL,2,C2,-0.2407047424107357,-0.04784926239022976,1.7353266750923924,0.226546188773736,0.375953408584205,0.281661475844555,83.6349893939394,29.051444242424243,IBI
A53560660,ALBERTO FERRE SA,2,C2,-1.0745474933774979,0.9348563193396439,1.259509065992286,0.125807380480025,0.79351373011616,0.500207823454013,40.2712438461538,50.522598076923074,BANYERES DE MARIOLA
B67770990,DIBER SOLUCION INTEGRAL SL.,2,C2,-0.06707476239092978,0.11828552106195798,1.4039256066472428,0.205715380547595,0.391898869016948,0.277466987540305,67.6612823333333,33.848958,IBI
B03012903,HILATURAS SANCHIS SL,2,C2,-0.14416860443320903,0.3285968186573199,1.2710059771179807,0.172765375792079,0.548810579489719,0.348898655453794,37.3494174418605,38.329466511627906,COCENTAINA
B53182622,SARABIA TOLMOS SL,2,C2,-1.126558144797854,-1.3794168877139692,3.7925290759506978,0.116849648721494,0.382595909908085,0.279418059097697,64.9592247368421,54.66365105263157,IBI
B53601811,DILEOFFICE SL,2,C2,-0.48973485847085596,0.017165550700654477,1.380250828649909,0.178192498320477,0.583766956637812,0.212260232252917,38.8456094117647,66.08576852941177,CASTALLA
B53696647,INYECTADOS PLASTICMAN SL,2,C2,-0.9572569057207613,-1.0803776818629724,3.3841825001846115,0.21500403842782,0.511098303185857,0.247712931553413,50.6388869047619,93.7755,IBI
A98628977,SALUSTAR LABORATORIOS SA.,2,C2,-1.680145719791297,-0.8686405592400245,2.704681762783538,0.133169850358959,0.640471136383238,0.130647590109409,59.9993503448276,86.63407310344827,MONTAVERNER
B53613634,COALCAFE SL,2,C2,-1.7526065156892126,-0.5139875609403893,2.3267279032083015,0.0867545471066391,0.78552527697407,0.234134727347673,46.24824625,50.5085025,COCENTAINA
B96120159,ROCHELTEX SL,3,C3,-1.5955425132726235,0.39727794660138993,1.8843622090314838,0.116344658084359,0.389901773386909,0.228950213344764,98.7208018181818,138.63804272727273,AIELO DE MALFERIT
B46131371,CERAMICAS ALONSO SL,3,C3,-1.7476728121548115,3.1618962414916076,0.8207299883460548,0.235070620919205,0.389468977498845,0.474823516850025,76.8848645454545,430.71476606060605,CASTELLO DE RUGAT
B46658589,EYSA CONFECCION SL,2,C2,-0.3459208608158587,-0.18124077380018908,1.4732563022659302,0.178684257803244,0.566981140558487,0.238174202092484,47.8527662068965,16.68850620689655,ALBAIDA
B13737648,RIBER SOLUCIONES TECNICAS SL.,2,C2,-1.068414290757034,-1.0728624844249515,2.880449113458224,0.13035783500798,0.539401559006404,0.23659305407684,63.120785,12.323593846153845,IBI
B53220125,HIDRAULICAS LA FOIA SL,2,C2,-1.475338151367318,-2.3831124279712954,4.0365262389883485,0.192046391972801,0.570771586559171,0.00411132282806921,60.4389589310345,48.41584896551724,CASTALLA
B41520446,PUNT NOU SOCIEDAD LIMITADA,1,C1,0.5138225895627202,0.9648663082389967,0.7771514003008989,0.245174053451783,0.529677789244318,0.483452218951243,34.356297122449,31.476843265306126,ONTINYENT
B03144979,MAQUINARIA E HIDRAULICA JOVISA SL,1,C1,1.033653398848934,1.485501029601001,0.8583298516554972,0.321946910713075,0.312743257909453,0.612376039663149,55.3183347058824,66.69270294117646,MURO DE ALCOY
B54437629,ADHESIVAS IBI SOCIEDAD LIMITADA,2,C2,0.15856109858232884,0.2790813579943939,1.2984659158711858,0.265453196238662,0.498518637871264,0.327982145563779,51.29796825,40.08265225,IBI
B98196009,GRAFINOU BOCAIRENT SL,2,C2,0.4419558398009942,-1.036602188931361,2.0778589507462977,0.292261809101645,0.4755916874612,0.154132889583837,35.6199826666667,5.407253555555556,BOCAIRENT
B03449261,ANTECUIR SL,1,C1,1.566970042227356,0.28956462338053296,1.172133592487731,0.37528220442929,0.17096284100144,0.290734438804691,39.1264644262295,85.02656344262294,MURO DE ALCOY
B03162310,PLASTICOS MIRAS SL,2,C2,-1.1441691536360152,0.9713173716636879,1.2999147513553502,0.0882155689481494,0.707028838374162,0.514716304319147,53.1089105882353,42.2362194117647,IBI
B53254488,PLASTICOS REIG SL,2,C2,-1.6658708888524492,-0.20909973376971328,1.8643068781762,0.0678741894747334,0.753849662783614,0.227508472562611,50.0127015384615,47.91509230769231,BUFALI
B80810641,FAPERIN SL,1,C1,0.007850710994410403,1.5895849285487171,0.7327531447355737,0.23681449895801,0.494665324831593,0.517329478742099,46.6129724324324,116.1622772972973,IBI
B03978764,INTERIBI SL,2,C2,-1.3042453500997873,0.3765437847424031,1.3701005750956963,0.0848597036471009,0.579929971264226,0.278434782931414,73.0269406428571,53.33630571428571,IBI
B53365458,AUXILIARES ONIL SL,2,C2,-0.8873204532909365,-0.9094895333995127,2.9203640984639163,0.20990682867193,0.549330818993097,0.227040015546415,51.0381712121212,74.12317878787879,ONIL
A46070900,GACELA DE ORO SA,2,C2,-1.288835625581628,-0.43474316691199744,1.954926948328468,0.139033426240555,0.627513764618405,0.142386202908089,58.30329036,67.6402444,AIELO DE MALFERIT
B96468301,PANIFICADORA BORDERIA SL,2,C2,0.1551305278675709,-0.5370992523363252,1.6469689836660573,0.238024981692592,0.510321306412919,0.171490306193713,32.0037229787234,32.78852234042553,AIELO DE MALFERIT
B54057344,EXCELLENT CORK SL,3,C3,-0.6423743190146257,-0.11107060328942941,1.7151747937542097,0.199342302750121,0.331710030410402,0.198759623874108,104.922476521739,37.85687173913043,IBI
B46481644,MLS TEXTILES 1992 SL.,1,C1,0.5603825757298735,1.140883713016445,0.7755510974771658,0.274478583343876,0.35097116261725,0.4263544508618,52.7901606744186,89.51767674418605,ONTINYENT
B42555763,VISION PLAST LEVANTE SL.,2,C2,-0.03247574055655713,-0.43431243217112975,1.4975295781733016,0.210391071058999,0.525910679061986,0.173010801930056,40.1817338709677,20.180859032258063,ONIL
B03048469,JOSE GISBERT SL,3,C3,-1.1827531575193273,1.4507954148236137,0.948115499379635,0.106757912340696,0.576352892368672,0.54091055090064,93.530393125,39.442665,BANYERES DE MARIOLA
B03197928,EXPOPLASTI SL,3,C3,-2.043534275976582,-0.2697219033647233,3.4932532299830834,0.111773686880923,0.485354054449972,0.437104176066445,100.5807852,99.14756933333334,IBI
B54697941,IBIPAL PALETS SL.,2,C2,-0.10734961335906924,-0.46893128932686784,1.5621535907875603,0.246106429477161,0.609372764834629,0.176293823543437,37.6741651428571,21.899271714285714,IBI
B53159901,INYECTADOS CARRETERO SL,2,C2,-0.6159560123373349,0.6553318128118799,1.0545068340363892,0.166695777385889,0.51562410488179,0.263791156112599,51.27372276,107.2206128,CASTALLA
A46101291,SA DE TINTES SANZ,2,C2,0.1929977436178987,-1.1358743311573845,2.37941456779352,0.321163081327974,0.420842450153795,0.108980063201232,52.5953264705882,38.90471382352941,AGULLENT
B03128337,TEXTILES JOYPER SL,2,C2,-0.7581485529461812,-0.1492581567547269,1.708918339848582,0.123293226025483,0.651282264412813,0.283378704631822,35.6449681818182,32.71624909090909,COCENTAINA
A03200326,SANJUAN HERMANOS SA,2,C2,-1.3833162319302472,-1.1078027446106768,2.3638248195875526,0.119791140365848,0.624587341060645,0.0265954465417443,49.2852649444444,64.00721277777778,BANYERES DE MARIOLA
A46249587,R & J CAMBRASS SA,1,C1,0.20769886769359236,1.4062037778812955,0.7350790418116799,0.252616852588124,0.545136523478409,0.536996681182225,43.12078356,72.3567496,ONTINYENT
B98824535,PLATAFORMAS ESTRUCKMET S.L.U.,2,C2,-1.7238458063809574,-1.6936982747120177,3.6056185896965673,0.159703779088085,0.699250604881949,0.107148472335779,47.0086060869565,72.3613756521739,BENIGANIM
B03025699,ESTAMPADOS PRATO SL,1,C1,0.542086519131127,-0.36141654215955304,2.0606927921065163,0.310287433198707,0.307204488135063,0.253053626555616,47.4349499767442,76.46629930232558,MURO DE ALCOY
A58234287,VENTANAS INTELIGENTES SA.,2,C2,0.10630515470872384,-0.33078542300069785,1.319463037583652,0.246720405370017,0.502379655492973,0.148294660846061,44.882237804878,29.918715853658536,BOCAIRENT
B03034154,VIDUCA SL,3,C3,-0.3525580476968514,1.7279587650892763,0.7766413048794581,0.253074909361796,0.425315010774155,0.416691464122525,56.59965840625,199.7036734375,CASTALLA
B03080728,POLIEX SL,3,C3,-0.4387630807542783,0.6620792910994975,1.5186616263530426,0.219402607949072,0.444891081280865,0.384190951740129,68.9992307307692,92.24662384615385,CASTALLA
B54486683,ETIQUETA DIEZ SL.,2,C2,-0.2082697302804686,0.468296400646042,1.2866920747522015,0.23431910649997,0.489255804217576,0.340581644857711,65.3052453461538,51.16173500000001,CASTALLA
B40517575,SOLUTIONS COMERCIAL UNIT SOCIEDAD LIMITADA.,3,C3,-2.2011012334915234,1.8451522925727357,1.4106717057532883,0.0739474121022234,0.79075486309426,0.718169064036727,103.7638415,53.98034833333333,IBI
B46670691,BELMARTI SL,3,C3,-2.670883726552165,0.18810785461516694,2.2913973776953047,0.0903882264506461,0.664078058447135,0.191990137875273,93.1793038461538,162.82165230769232,ONTINYENT
A46396891,SISTEMAS DE EMBALAJE SYSTEMPACK SA,2,C2,-0.6245361889993948,-0.7750436031195042,2.2208481095673,0.262942827490112,0.450978637933447,0.121967352086097,87.4469548275862,37.250481379310344,ONTINYENT
B98276249,CADEL RECYCLING LAB SOCIEDAD LIMITADA.,3,C3,-1.4312200967168387,0.6284671914801138,1.7864727520507055,0.210766090551723,0.49797539642897,0.163768778129556,56.3473826923077,254.94691884615384,ALFARRASI
B97654396,CE & VI PALETS SOCIEDAD LIMITADA.,2,C2,-1.4853373489408734,-1.018429689945138,2.5264485112896113,0.101545910353206,0.744754916174429,0.174546427608766,46.009390625,15.948355625,AGULLENT
B97129936,IMASD SL,1,C1,1.2466145535174193,0.5011822485160843,0.9427580837668048,0.400791848978422,0.376876840181702,0.365962737869872,51.6340229268293,32.35083048780488,ONTINYENT
A03306958,CERVIC SA,3,C3,-0.022735717186766875,0.48904979583467123,1.2730883604481258,0.301951625677127,0.346390268051851,0.238733818312763,76.3139288461539,111.97135038461539,IBI
B53729364,MODELOS ATIENZA-CLIMENT SL,3,C3,-1.6634691813778757,0.6716318042870468,1.8927432236270287,0.199630080425647,0.600540499048982,0.217877809011424,52.0102856521739,245.65533739130436,IBI
B53040341,HERRAJES BERMI SL,2,C2,-0.2064106835416494,-0.14271924413677245,1.5619015911774026,0.245637376690939,0.589029714135219,0.251632347813394,46.5874982142857,34.632152500000004,CASTALLA
B53010856,M LLORENS JUAN SL,2,C2,-1.2500471484687101,-1.6972455588968023,3.2577291604704626,0.143866412990704,0.636469493433908,0.127960594411742,49.5280227222222,12.734388333333333,ONIL
B40519159,VANTRY WORLD SOCIEDAD LIMITADA.,1,C1,1.5713580071178677,0.7620208541863103,0.6450291268501803,0.429130664625997,0.38186612136322,0.409953161564989,46.131044047619,26.88740380952381,ALBAIDA
B54497276,FILTAN 2010 SL.,1,C1,1.8136189609784918,-1.5594162324334417,2.212723944190088,0.43860129726471,0.139272977543733,0.0138937256324863,35.8190315625,29.7349353125,COCENTAINA
A46601852,BERETI SA,1,C1,0.34638041879907455,-0.3668540667478526,1.706738092059767,0.301401198239443,0.377385012443943,0.187898219973685,56.0849166666667,51.447653333333335,AGULLENT
B96672639,MANDRILADORA FERCATUB SL,2,C2,-2.1641304092588585,-3.2170935540413783,5.562590397185597,0.151474155812088,0.567746905895054,0.0453455932816255,66.768595,55.98588772727273,L'OLLERIA
B40621633,NELEMAN WINES SL.,3,C3,-1.2648758795982131,0.7834602913297476,1.3718404230195949,0.157144767481273,0.566753203147575,0.287265202059014,64.8123320714286,143.54239571428573,AIELO DE MALFERIT
B03937687,SERPISCOLOR SL,1,C1,1.7961202751195258,-0.6638327210347836,1.850955596221634,0.481726022387447,0.274579976730129,0.22561920071107,36.4136522641509,33.597508113207546,COCENTAINA
B97212013,CASA PERE PLA SL,2,C2,-2.6764372362872835,-1.7639504652518385,3.3425634517138367,0.0641768940704999,0.804999978357118,-0.00789399953337607,69.19365375,51.05294625,ALBAIDA
B03786720,GRAFICAS AGULLO SL,2,C2,-0.5968319824874556,-1.2039807291012399,2.697420949090489,0.22692705178375,0.475206193627112,0.117893916339476,60.5109896,43.5487872,COCENTAINA
B54620877,LABORATORIOS CAROL SL,2,C2,-1.9440557901034778,-2.9331252434381447,4.914287236988678,0.162508333554049,0.659196869834946,0.0618841831471752,62.862773125,16.258436875,ONIL
A03012481,HIJOS DE ANTONIO FERRE SA,1,C1,0.5369190317953626,2.2431860121772087,0.5317910519670619,0.230282653750853,0.565595365092842,0.862550981111853,43.2016572,22.469009999999997,BANYERES DE MARIOLA
B53347001,PACKSA TECNICA SL,3,C3,-1.7276241471207265,-0.1474801667004217,1.7924737720022064,0.133775528687811,0.598085789088876,0.133102259573386,91.7134908333333,72.82534916666667,BANYERES DE MARIOLA
A03061975,MANUFACTURA COMERCIAL DE PAPELES SA,3,C3,-2.9755751312423775,1.1514203088127524,1.8482757904389955,0.111792010830211,0.481690056754429,0.234193894876589,142.570586923077,226.37364769230769,BANYERES DE MARIOLA
B46998050,MIMAR TEXTIL SL,2,C2,-0.9874475062680748,-0.1987020957386464,1.5548368610468357,0.134233603563166,0.786435181997725,0.266064526323826,39.7310625,2.27142125,BENISSODA
B53826673,MECANIZACION DE HERRAJES IBENSE SL,3,C3,-3.4003796723853905,1.687048730077381,1.2420453315100943,0.0437190416580906,0.748771676366857,0.367864144735675,136.66995,161.89560333333333,IBI
B53339255,ETIMAISA SL,3,C3,-0.7503186647647317,-0.04692764522646953,1.7495949428270077,0.169041683757567,0.386963266890717,0.217361207653399,86.5644451904762,58.44266571428572,IBI
B97907406,TAM INDUSTRIAL ENERGY SL.,2,C2,0.32768144993214743,-1.3369649359828055,2.48351622471611,0.287315570584165,0.298793123186533,0.0995267461111225,64.776822962963,9.101158518518519,ONTINYENT
B03078870,JUYPAL SL,1,C1,0.2670564763815388,0.3552724780831623,1.502224234916216,0.297199694521064,0.375724182446299,0.263178586380668,38.3372291891892,140.95775594594593,IBI
B03085008,JORGE ALBERO PASCUAL SL,2,C2,0.2783503063840795,0.1413343117546624,1.2430691246510186,0.260504997670575,0.497343752989833,0.302188407296054,47.4717857142857,24.034589642857146,BANYERES DE MARIOLA
B98608110,TRESGRAPHICS PACKAGING SL.,2,C2,-1.2773774991347966,-0.7351779309425361,1.9547927336611308,0.133882015104676,0.663377630846442,0.0615759082009489,47.6315194444444,63.52959222222223,ONTINYENT
B03006681,ACCESORIOS Y RESORTES SL,3,C3,-0.8303658142644774,2.9155753623107863,0.7753869174574379,0.259932632083587,0.601238275213282,0.834106080700816,84.9087772222222,158.4987761111111,IBI
B53113494,INDUSTRIA AUXILIAR JUEMA SL,2,C2,0.7094364341789533,-0.13715308588555342,1.192747406982111,0.325138848322621,0.560238048032934,0.260478177113851,30.3037669767442,7.3126206976744195,ONIL
B03042256,BETIS TEXTIL SL,2,C2,-0.2676169267612091,-0.25356237870164455,1.5819550045643707,0.179422586692948,0.601093410973268,0.273126666427538,39.86433395,4.2934445,BANYERES DE MARIOLA
B54516877,FAMEPLAST MOLDES E INYECCION SL.,1,C1,1.7987560582884934,-0.2358975041436524,0.9411806362938185,0.443407839219727,0.319180860188362,0.182309805542392,38.0434687234043,12.732937021276596,IBI
B54574058,GARCIA FIESTAS SL.,2,C2,0.142850814760887,0.045182769692874686,0.9368326144794101,0.17312377879932,0.471787422572634,0.221639302700781,44.725680625,6.1416875,IBI
B53465845,UBAGO CAFETEROS SL,3,C3,-1.2903835593367372,1.3895258091901765,0.8073812694940022,0.101636403855615,0.633203606212272,0.387701289558172,55.9671391666667,131.12233833333332,MURO DE ALCOY
B03009453,CLAUDIO REIG SL,1,C1,0.7091413955232723,2.308137958359074,0.5857993451128202,0.206777257226622,0.459566506981166,0.895130798066731,44.8443505555556,25.442141111111113,IBI
B03161676,IBICROM SL,2,C2,-0.16507327840395453,-0.4896740463816098,2.337142967824613,0.324981460543117,0.411641116699623,0.178155859878148,57.5358171428571,115.78634214285715,IBI
B03260502,MUÑECAS SAICA SL,3,C3,-4.11673327235671,-2.2298932018460556,4.638030283963858,0.0402240607147445,0.634762810783814,-0.0120805128801197,170.57329,34.393935,ONIL
B54757455,CREACIONES ORCA SL.,2,C2,-1.0940334839429704,0.5412561103942313,1.0982160932571488,0.123607151546812,0.748832707179473,0.328453662939868,48.4295646666667,42.207794,BANYERES DE MARIOLA
B53643177,PLASTICOS BG SL,1,C1,0.2252253187915792,0.7118710987674403,1.1309538524812215,0.251653160599155,0.390186706283577,0.393936206878087,64.0538,55.665045,IBI
B97440119,VIO EUROPE SL,2,C2,-1.1317796415642023,-0.3010971999369498,1.7541181537666561,0.127768799021317,0.68869425548698,0.227642038818615,56.0218623076923,17.479521538461537,ONTINYENT
A03040060,ACABADOS BAÑERES SA,2,C2,-0.09543189671992285,-0.688265159590418,1.88442311058064,0.22819072915108,0.491041545969024,0.155483802348863,45.2812063636364,30.015604090909093,BANYERES DE MARIOLA
B96887104,GRUPO ALBERT 2000 SL,2,C2,-0.7731552334888582,0.5906642283823427,1.1808348102574295,0.157767428827408,0.692447477704888,0.383201460829148,50.4524506428571,35.80108857142857,ONTINYENT
B98563059,BSAFABRIC SOCIEDAD LIMITADA.,2,C2,0.3701294435459158,-0.3773768645846997,1.514192579645097,0.313620289482718,0.473835424145316,0.183158857375197,49.9745215384615,29.199566153846153,ONTINYENT
B96317474,LIBERFUSTA SL,2,C2,-0.592180560864044,-0.12844715587095692,2.063394399303983,0.176433789689113,0.536216176726566,0.346455430877979,56.1762516666667,37.30188944444444,L'OLLERIA
B03926060,HILADOS LES MOLINES SL,2,C2,-0.0967293083336532,0.6864559035487239,0.9950925581945032,0.203289939713735,0.517642572634261,0.367995214853488,50.1200866666667,51.29522238095238,BANYERES DE MARIOLA
B96263470,TEXTILES BELTEX SL,3,C3,-1.8446123179519014,1.898832894650607,0.7796654301818503,0.168706897477017,0.372706348560886,0.217860137538871,103.4699055,290.47857944444445,AGULLENT
A46020129,"PERCHADOS TEXTILES, SA",1,C1,1.1631285843866832,0.40303855679633177,1.2152022231502404,0.312064207111998,0.172339308413446,0.26743080941325,32.3232293548387,127.4019306451613,AGULLENT
B03058278,MUELLES BROTONS SL,3,C3,-2.417605115389545,-0.6870982407418214,3.4022647436592774,0.183692358800043,0.381519657775113,0.199643383976953,161.369385454545,86.35712181818182,IBI
B42693218,TOTCARTO SL.,2,C2,-0.10731249390547377,0.45137391430248724,1.2363239273158797,0.22310114186992,0.611514026656833,0.382813358549454,39.1045389655172,38.10025379310345,IBI
B54549381,MAXIMA AMENITIES SL,2,C2,-1.3494819108371219,-2.10100200006464,3.1409662981811173,0.156666471518857,0.70093139290438,-0.0349882648762132,42.470923,15.4328295,IBI
B03259082,LUXBER SL,1,C1,0.9288908658928204,2.034361863363929,0.6053458871421179,0.358978346437447,0.63514788806209,0.843930797078846,42.1813887878788,11.152515454545455,IBI
B53225108,SEMPERE TEXTIL SL,3,C3,-1.1866258647133001,1.7651479531956051,0.8714231848722093,0.154617412526374,0.447726455399355,0.538934532489188,122.5855549,71.444159,COCENTAINA
B46834735,ROIG ALBERT SL,2,C2,-1.0087288716247524,-0.6158762762827497,1.6800115147604158,0.118921952926538,0.811418384565909,0.170885119846916,26.181125625,2.858155625,ALBAIDA
B03088036,COMERCIAL INDUSTRIAL DE MANUFACTURADOS TEXTILES SL,1,C1,0.6097300992916969,1.544412106675153,0.6652987034760481,0.228330545004187,0.493636732017248,0.659954351721449,41.425286,23.1744895,COCENTAINA
B53030540,MUÑECAS PAOLA SL,2,C2,-0.39203398913709836,0.08894572216755806,1.686721824553675,0.176634540406681,0.652999664509473,0.404136512405665,38.6076455555556,9.907769444444446,ONIL
B53036844,NINES ARTESANALS D'ONIL S.L.,2,C2,-0.20613490071296992,-1.8317527726912057,3.4605805732901094,0.249307526427681,0.40479199744105,0.168466181095594,55.3244054166667,5.56068875,ONIL
B96363148,ETIQUETAS GRANERO SL,1,C1,1.6858363973582422,-0.0803097628764655,1.137308781109804,0.431777387030998,0.338435843983635,0.270996364863254,36.286909744186,19.233441627906977,MONTAVERNER
A03037728,JOVERTEX SA,1,C1,0.9168424110040796,-0.24142609268577792,1.4656768653538301,0.300126441534313,0.316482234586826,0.227911527412588,38.810504,42.467834333333336,COCENTAINA
B02721660,PRODUCTOS CONGELADOS LEVANTE SOCIEDAD LIMITADA.,2,C2,-2.218121691815757,-1.1274804058778394,2.456543819161282,0.125691352765341,0.767575384284215,0.00539826397310634,82.2933285714286,43.00107428571429,ONTINYENT
A46601373,COLOR INDUSTRIAL SA,2,C2,0.04681193377670949,0.24062507326850177,1.2714909158099261,0.274218180615762,0.550000105803991,0.292419690587,46.5576540909091,52.19463954545454,ONTINYENT
B03788262,SUINSO S. L.,3,C3,-1.1414544450640678,-0.3537614140816721,2.50285967458587,0.229148530971454,0.420771131367266,0.205191051806703,95.458408125,100.1019675,IBI
B96643291,FOCS D'ARTIFICI EUROPLA SL,1,C1,-0.015012464221877842,1.3111777011529635,0.7497971773522039,0.238999684234479,0.465050851331498,0.462247469661444,63.891396,78.56964,BELGIDA
B53547360,M T REMON 2000 SL,2,C2,-2.041086189562156,-0.7265592879504592,2.3687951391925823,0.0550088852551525,0.795156881720183,0.178437746690789,57.8205916666667,30.467135,COCENTAINA
B97761019,IGETEX ACOLCHADOS SL,2,C2,-0.6243202260866576,-0.8807450491638981,2.2722263043022117,0.186476230578716,0.600644192880859,0.174635832253648,41.762545,28.019840833333333,ATZENETA D'ALBAIDA
B03173283,JOPI SL,2,C2,-0.153942575942036,-0.81063909668878,2.1438333436119543,0.233711331426551,0.507172712213059,0.150156348896337,35.1887011538462,54.06947461538462,ONIL
B53379970,URDIDOS PUIG SL,2,C2,-1.6354321703030663,-0.27861630490423156,2.1993936686275712,0.115321509061874,0.803085684153469,0.330635054918935,61.8680898571429,10.408547142857143,BANYERES DE MARIOLA
A03115318,FULGENCIO TORREGROSA SOCIEDAD ANONIMA,3,C3,-0.2196340181056057,0.6827898774184918,1.2665859632511143,0.33630232753318,0.373494727830828,0.154853119877286,56.8272984,218.1402984,IBI
B97733521,LLUNAGRAPHICS SL,3,C3,-0.5555774525235897,0.21523658040254043,1.3823316640561298,0.26566637763126,0.503820722964201,0.202917702597991,77.5489153333333,81.00413666666667,ONTINYENT
B46435384,PLASGIMENG SL,3,C3,-1.459570448119956,-0.26028347105628363,2.1645178593327,0.160181276352267,0.440175755696834,0.101894080799654,83.6476846666667,136.57598466666667,L'OLLERIA
B46016408,RAMON ESPI SL,1,C1,3.4096965287451892,3.630492140480199,0.19542805163094693,0.517960577964904,0.264900711187921,1.39961456294605,25.3289286440678,5.730577457627119,AGULLENT
B03352226,ITALUX SL,2,C2,-0.55864877646994,-2.17702433321623,3.4989607832786676,0.205100665213776,0.543609494466097,0.0543167078870896,28.4556303333333,25.088821666666668,CASTALLA
B54678164,MANIQUIES SEMPERE SOCIEDAD LIMITADA.,1,C1,0.6937209758961658,0.21870508229052202,1.1926819544792242,0.296443853754389,0.362518611829538,0.328051465051404,61.4124043043478,13.02143304347826,CASTALLA
B46861779,PINTURAS UREÑA SL,2,C2,-0.771907992146758,0.21760090004072,1.3878886209484653,0.132931648167195,0.659628639980911,0.340968918191325,51.8825860769231,12.364623076923078,CASTELLO DE RUGAT
B54368485,CREALBER SL,1,C1,0.48678068649365497,-0.5775034928951666,1.292607321061912,0.23001504119352,0.301694497544153,0.0611363560057898,50.9070447619048,29.30818142857143,ONIL
B97966535,TERMOENVAS SL,2,C2,-0.4523463250737625,-0.014672535084249877,1.5823185436261722,0.186690002042146,0.571772786674509,0.270079577050341,45.0620977777778,49.13911722222222,L'OLLERIA
B42578674,IBERFILTROS Y TUBOS SL.,3,C3,-2.834290624646633,1.8854174215913466,1.551337495078266,0.14204713926655,0.803859396758978,0.23858708892569,16.0556823076923,447.55296692307695,BENIMARFULL
B96551304,EMBALAJES VIDAL ALBIÑANA SL,3,C3,-3.6550321223005287,-0.5689923919579222,3.368902619511692,0.0807272154765326,0.729566111394697,0.126642253301783,120.783289666667,162.32417333333333,L'OLLERIA
B53554986,JOSE ALONSO VALOR E HIJOS SL,2,C2,-0.7683612388034969,-0.6793373674650671,2.022658960984492,0.197566427856285,0.515664960757887,0.102496856708743,62.5245321052632,57.71934684210527,GAIANES
B46295788,VISDELTEX SL,1,C1,1.5561551643837248,1.2509686390134298,0.7283488298786246,0.411055451790255,0.323945210865412,0.583743695386231,59.2779266666667,23.008936666666667,ONTINYENT
B96727482,GRAFITEC IMPRESORES SL,2,C2,-0.36131126321887475,-0.8410307575674777,2.1523386888317457,0.227907810525304,0.50137825832442,0.105339032239482,42.2808872727273,66.70666090909091,AIELO DE MALFERIT
B03128402,IBERYARN SL,2,C2,-0.4395271090879442,0.17102635872278188,1.419474853676599,0.200746559213261,0.636773547508335,0.29949884915357,39.0780927222222,51.449399444444445,COCENTAINA
B54393103,TINTAS GREIS SL.,1,C1,1.0766593474826485,-0.7902130878750583,2.1359058646486933,0.327713913990756,0.157403010173249,0.189826476968785,53.540178125,41.0238734375,IBI
B03959137,VICENTE ANTON ESTEVE SL,1,C1,0.8053168384147932,-0.19295908616144497,1.078862440342048,0.333124389592274,0.377436731352478,0.154788651212454,52.8376156521739,26.535503913043478,CASTALLA
B98957640,TECHNOCOLOR TEXTIL SL,1,C1,1.2503422024989865,-0.03705414477462632,1.2771484347713888,0.374720319445128,0.239704751832634,0.217134047313695,48.9412041666667,62.91935833333333,ATZENETA D'ALBAIDA
A46143202,ORTOLA SA,2,C2,-0.34174777974950366,-0.2786904775280162,1.5866485117622076,0.168529506388397,0.48213819531424,0.230994328053163,62.2806813333333,4.905264666666667,LA POBLA DEL DUC
B03126828,LLORPIC VENTILADORES SL,1,C1,1.0771810435490554,-0.7907236136527094,1.6972207683985863,0.364977727436735,0.278228477124994,0.113908489864644,50.9344547142857,25.207857142857144,COCENTAINA
B53380002,JORDATEX GRUPO IND SL,2,C2,-0.644734049294524,0.11054662038578436,1.5572745158655852,0.222961393265869,0.589726335345004,0.243644198285887,54.9002757142857,76.94467285714286,BANYERES DE MARIOLA
B96806104,LEVANTEX BOCAIRENT SL,1,C1,0.48855294213472356,1.6599642742379164,0.6411810538360897,0.263152808278632,0.450357568349296,0.61573609347301,54.79595,58.36695470588236,BOCAIRENT
B54786777,PUNTO DE VENTA Y PROMOCION PLV SL.,2,C2,0.12611086005395353,-0.5402325431908356,1.6850349128841098,0.261784450045825,0.500920222003099,0.178646071080046,45.45093095,21.609201,COCENTAINA
B46749859,JOFESA IMAGINE SYSTEMS SL,1,C1,0.554602259393208,1.187801519887104,0.7610022107480435,0.354452447800818,0.366161879484837,0.412642582675477,72.1054885714286,90.36382714285715,ONTINYENT
B03888674,COMERCIAL DE URDIDOS SL,1,C1,0.7688619062653134,1.4691157883090862,0.722923943289037,0.277212506564962,0.542403179182595,0.68082041796358,40.2168285,7.7005275,COCENTAINA
A03412871,VANICO SA,3,C3,-1.2673670121810154,0.7063426912244686,1.6416617847257955,0.249424586495783,0.511523861313979,0.217793140588095,74.7168508333333,203.89372333333333,COCENTAINA
B96588181,VIALMAN SL,2,C2,0.5316213758343598,-0.5853696100514454,1.615954224676983,0.301772829496643,0.468837192338719,0.155510786962778,32.2662554827586,35.67566896551724,BOCAIRENT
A46178752,BELPLA SA,3,C3,-0.46268839601401984,1.2558678707941304,1.255012740950654,0.252693752837381,0.588992968038062,0.539897389511263,65.286268,85.10789866666667,AGULLENT
B96315205,JOVIPAL PALETS SL,2,C2,-0.5551254169836184,0.09730536954235028,1.434130573904583,0.168136358041639,0.700837321462277,0.312985159263207,31.229553125,33.710559375,RAFOL DE SALEM
B98619810,LAND TEXTIL AGULLENT SL.,2,C2,-1.244785394485705,-0.7111567382401043,1.7875648437395062,0.129890405874194,0.718915107711181,0.057996179716645,40.0975318181818,52.807773636363635,AGULLENT
B53272324,ZK-2000 SL,2,C2,-1.415311420327842,-0.6759432083295195,2.4961963537548826,0.17220614147481,0.56993754606265,0.180475600339582,84.288876,49.742694,IBI
B01742808,IBERSTRAWS PAPER SL.,3,C3,-0.1859303775591823,2.7062008772426993,0.9184658474381747,0.383703147426003,0.425721371774736,0.531939733595981,23.2472338709677,391.0891658064516,BENIMARFULL
B96265301,LIDEM CONSTRUCCIONES MECANICAS SL,2,C2,0.4056049234232815,-0.7921642371909519,1.8238288470283832,0.310440300648691,0.432388147050096,0.140182745576932,52.90914,12.4787655,ONTINYENT
B03871068,PRECOAN SL,2,C2,-1.026665620372201,-0.8977871572662349,2.886996924042273,0.206076939998169,0.474642741284971,0.149596263175478,59.492996875,109.822399375,BANYERES DE MARIOLA
A03010287,FILPRIM SA,1,C1,1.7646326427335965,1.0196108102426646,0.5193926108278278,0.36841660031626,0.339737411606709,0.500884372890855,32.1491111111111,20.733546296296296,MURO DE ALCOY
B53221651,MAYSAN PACK SL.,2,C2,-1.3316794105166485,-0.236903206616321,1.9257585070921115,0.129296222273046,0.624642172363867,0.208865403136318,65.3322744444444,56.8179,ONIL
B54532627,STICSA LEVANTE SL,3,C3,-1.601402941746859,-0.46359444981042863,2.1315547675546593,0.0858429459475036,0.472554479280355,0.0809888954697257,76.0454433333333,104.171945,CASTALLA
B03126646,PLASTICOS COLOMA SL,1,C1,2.3979002978211406,1.43174873744756,0.24184491416390116,0.427325503100099,0.0995489025367213,0.493564107719441,39.551736,77.39389657142857,IBI
B03622537,MAURO RIBERA VALERO SL,2,C2,-0.865234556835322,-0.7797801415741125,2.411786574089996,0.171862990105545,0.51616078012768,0.196953704142288,67.092835,29.852310833333334,BANYERES DE MARIOLA
B54564182,MUNDOBARQUILLO SL.,1,C1,0.0966181584138736,0.8787856170238656,0.8210412175894779,0.173821500003332,0.381828012319122,0.372188633019121,54.6895952666667,62.47331133333333,CASTALLA
B97322655,GRUPO SAMPER VAÑO SL,2,C2,-1.0131008175170815,-0.24750172650339394,1.8716767429157302,0.15323365434982,0.600080205342652,0.187315306507578,48.5597624166667,80.70087166666666,BOCAIRENT
B96001698,MEGAPUNT TEJIDOS DE PUNTO SL,2,C2,-1.6685476532581929,-0.43015658152523795,2.1338589001529504,0.110971079175834,0.680144923317225,0.152004418876662,57.6249426363636,82.56903545454546,ONTINYENT
B54287602,UBITECH MOLDES Y MODELOS INDUSTRIALES SL,1,C1,1.554134114421745,-0.9412707875451346,2.1392929889416274,0.429552660615534,0.201476005927944,0.17941322955407,44.2785466666667,34.580320740740746,CASTALLA
B98439433,TRANSFORMADOS DEL METAL Y CEMENTO SL.,2,C2,-0.41491327996381966,-1.3591187365107993,3.1434783170855423,0.244271560706274,0.473470428269777,0.230738524810879,60.6406236363636,10.929112727272727,BENIGANIM
B03106143,TEXTIL SAMA SL,2,C2,-0.4381737118231808,1.5551907331432078,0.782419391899862,0.163498838322959,0.551797559145602,0.57728523071631,65.6959069,52.954150000000006,BANYERES DE MARIOLA
B53717559,TALLERES ALFONSO Y FERNANDO SL,2,C2,-0.6445033526035366,-2.868800237300435,5.155887687321342,0.301398790059754,0.42451482337158,0.167924079491168,56.4036352941176,32.236244705882356,MURO DE ALCOY
B98039266,ENVASES Y CONTRACHAPADOS BELGIDA SL.,2,C2,-1.28873844480304,-1.1211419929888264,2.4512874870352275,0.0946156888210896,0.704209262542155,0.117324364657827,32.5476244444444,33.66099222222223,BELGIDA
B97171870,ZOLOPLAST SL,2,C2,-0.3681362970233961,0.2614169375637396,1.2891172210504311,0.187648935191064,0.66391667400542,0.340732340726466,36.7642153333333,28.495680666666665,ALFARRASI
B96413117,CONFECCIONES ANMITEX SL,2,C2,0.26208091345957063,-1.1457170075590373,2.1054921483080133,0.312272030473324,0.607182903755875,0.12221572791378,23.7123306451613,13.599877419354838,ONTINYENT
B98934441,VECTOR CONVEYORS SL.,1,C1,1.0438561374792676,3.4052378375850285,0.40027463356803167,0.500185307306281,0.337677976240911,0.862865283714963,59.07456556,249.4025864,MURO DE ALCOY
B96329974,EMBUTIDOS PIMAR SL,2,C2,-1.305220913057747,-2.2624657793334655,3.71186847869451,0.158235388949209,0.715248326964601,0.0682630692580036,32.1389275,12.429255,AGULLENT
B42961482,NAP SUMINISTROS HOSTELEROS SOCIEDAD LIMITADA.,2,C2,-0.6027787062269085,-0.3279282569976219,1.630025490002012,0.156661190291684,0.727648101656493,0.245233650270434,24.50351,19.802262666666664,COCENTAINA
A03225513,HIJOS DE CRISTOBAL ALBERO SA,3,C3,-0.3416823027152544,1.629371066840502,0.7382038242390276,0.199809456220456,0.529480654357962,0.546182375268803,62.821167,86.316452,BANYERES DE MARIOLA
B54203955,JC TOYS SPAIN SL,3,C3,-0.5882166299060114,1.805269250834508,0.8932626652024857,0.254781155082964,0.533136465543039,0.459395616227531,48.2746757142857,209.92335642857142,CASTALLA
B03900156,SERIEMPLAST SL,2,C2,-0.32344482354358195,-1.1743389672517701,2.3767601162164373,0.177721079622679,0.382671718757831,0.0943838725140213,57.8490305714286,22.83901642857143,IBI
B54251814,CESAVAS SL,3,C3,-1.9535247679331222,-0.1932383657045524,2.5663746570962935,0.122990431865715,0.545724244372173,0.272331482889697,103.125725714286,78.41061142857143,BANYERES DE MARIOLA
B96543418,TORPUNT SL,2,C2,-0.5464624792156122,-0.492448178298691,1.7532633703711427,0.204166413153754,0.65736743072226,0.181449436732203,38.8307161538462,32.541436153846156,ONTINYENT
B44970499,SKATEFLASH SL.,3,C3,-0.564572808601917,2.9017410719087966,0.7721291609220629,0.223558262755678,0.500022781133233,0.853031992199173,79.3510666666667,152.40045444444445,ONTINYENT
B53257796,VICENTE PASTOR BASTAN SL,2,C2,0.343908807158382,-0.4062065797604075,1.6100908749944927,0.342460899761685,0.458550360017066,0.14869138585044,50.3028864705882,58.659835882352944,IBI
B03899473,URDIDOS GRAFER SL,1,C1,0.514709018845143,1.490705301546709,0.877558845007496,0.237127911280965,0.562643082247386,0.704420840059439,36.331129375,18.7819525,COCENTAINA
B54009089,DENSIFICADOS SL,1,C1,1.4107349292976916,-0.13358451418193742,1.4146182800602543,0.425699762827365,0.319303696282587,0.290114799269024,52.0394152380952,18.82350619047619,IBI
B54711684,HARINAS CLIMENT SL.,2,C2,-1.7334088752068002,-0.6710512901458134,2.3981364450868417,0.10397113622229,0.595590181228022,0.182096359169187,91.7492566666667,21.519208333333335,COCENTAINA
B53708103,SOPLADOS Y ENVASES PICO GALVAÑ SL,1,C1,-0.019095744307936143,-0.13919547553548414,1.6135146082835587,0.282857148322779,0.348591390444239,0.193591223078414,81.3246599230769,53.26443538461539,CASTALLA
B09919168,CELUQUIMIA SOCIEDAD LIMITADA.,3,C3,-3.0355543546565844,1.1599166145817732,2.2804476984961615,0.157241573682603,0.595801571702248,0.164747013218149,73.662725,395.659563,BENIARRES
A46190138,MELBEN SA,2,C2,-0.1194465154551483,-2.5294682530374755,3.899519562384887,0.298018173231705,0.470152781066714,0.0641788390582277,39.7978872222222,4.213780555555555,BENIGANIM
B53757027,TROFEOS Y MEDALLAS DEPORTIVAS SL,2,C2,-0.17078869446208658,-0.33124884578254254,1.790269216164028,0.227685963508086,0.553522699488573,0.238931186183728,38.4663913333333,44.204373333333336,IBI
B97187801,TRITURATS DE FIBRES SL,1,C1,1.1374839477752758,0.349718383121799,2.676018997739777,0.281703302804013,0.075748269677045,0.644170431788023,44.239199,89.6385095,ONTINYENT
B53136362,CALATAYUD FERRE SL,1,C1,0.7865687814572316,-1.2013749014046495,2.6465231530821733,0.333735040470426,0.257278200804138,0.169692296863745,43.8403172727273,46.113792272727274,BANYERES DE MARIOLA
B46413001,TRITEXCO SL,1,C1,-0.22376281158743141,2.4500825416451524,0.6403342321381683,0.154714373320221,0.569523022714173,0.809704059735329,41.744722,101.43551099999999,ONTINYENT
B54746433,BELLAS ARTES LEVANTE SL.,2,C2,-1.2456154329560007,-0.6273428664955784,1.9942438739027242,0.0773365743785026,0.785264473469165,0.187867906830846,18.724877,38.393142,MURO DE ALCOY
B03690815,INDUSTRIAS BUZMA SL,2,C2,-0.6647928435649162,0.34877785690148927,1.6411921001141456,0.162454088843021,0.633479446013262,0.446968652822175,58.7844125,8.77717625,ONIL
B96364575,MODACOLOR ESTAMPADOS SL,1,C1,0.9040747847375221,0.0675233054934935,1.0885557586215353,0.37950231118364,0.395692189318382,0.25268237997929,62.5971125,16.515019166666665,AGULLENT
B42671990,MARINA & PAU SL.,2,C2,-0.925545900378849,-2.6368182804652944,4.6136696890655875,0.210783953623624,0.5268350625957,0.162721647906547,48.4114926363636,3.44515,ONIL
B98188378,TROQUEL 9 SL.,1,C1,1.2282089721857552,-0.8238913388816855,1.8348301273101046,0.34667665394507,0.364597056320046,0.208504956506933,28.1116926086957,2.2119526086956522,BOCAIRENT
B96517511,SOGAR PUERTAS METALICAS SL,2,C2,0.5326716071711666,-0.7457114613634187,1.8847681410987058,0.34362987456941,0.406331917986908,0.123772603069776,44.7300447619048,51.70939523809524,LA POBLA DEL DUC
B54875182,CALATAYUD PUERTO SL.,2,C2,-2.2610784718662753,-1.35449685961861,2.7287501418621236,0.0672223513999866,0.840450794632381,0.000795618044997883,40.5156,72.953406,BANYERES DE MARIOLA
B54083480,ROTOMOLDING SILCO SL,1,C1,2.095871445348123,-0.2114742676590422,0.9756439075037956,0.496570680010183,0.370480750926509,0.239789953119927,29.0051524242424,1.5660424242424242,ONIL
A03263555,VAYFESA SA,2,C2,-0.1204075536669718,-0.5324536744396098,1.7259467746570534,0.225102730081551,0.562251496896142,0.191638484806174,39.4567646153846,21.31394076923077,BANYERES DE MARIOLA
B96726914,ART FUSTPI SL,2,C2,-0.12110901753561093,-1.9190092289320841,3.3305706801776176,0.287623814307124,0.462543927144186,0.093368573442889,41.898435,28.12907,QUATRETONDA
B42592600,IMAGINDARE SL.,2,C2,-0.35229579754216084,-2.749439461045336,4.563163772157292,0.30477911029051,0.377556296970697,0.0826515881272429,55.9894953846154,27.462792307692308,IBI
B46250767,HOGAR RIS SL,2,C2,-0.10510975217342096,-0.41377101187840987,1.454367686114329,0.222964609181314,0.623889027348984,0.191349307252314,34.3703,10.554734615384614,ALBAIDA
B53110243,EUROPLASTICOS EXPOSITO SL,3,C3,-3.421399521251854,-0.7557310278940937,4.500676675231167,0.0925705016761669,0.486031078461751,0.325416844654213,145.99887,151.60551800000002,IBI
B54195235,CARPINTERIA J.L. PASCUAL SL.,2,C2,-0.37535350003512474,-1.6053446006350043,3.1490602841248254,0.306488235912275,0.453032816054418,0.123776786690092,73.3380169230769,16.892786153846153,COCENTAINA
B53803409,FUNDICIONES VARI SL,1,C1,0.332997136460254,2.333949928300249,0.5043836278957561,0.258989667867437,0.591258983650125,0.787471022846162,36.9476435294118,86.47937235294117,ONIL
B03814621,TEJIDOS CAVITEX SL,2,C2,-0.22217161843263547,0.8513830299131381,0.7769820154954482,0.200309952701954,0.549338471191737,0.337247374959163,47.2851244444444,72.76252777777778,COCENTAINA
B98332752,REMEDIOS PLA SOCIEDAD LIMITADA,2,C2,-0.8830829121161834,-0.28975673180065287,1.4166072913291037,0.110309262769627,0.765465618793127,0.207388026274344,27.859055,10.51557625,ONTINYENT
B96021738,METALSANZ SL,2,C2,0.1536739096812484,-1.2139461044289384,2.8846631714854865,0.270421408066905,0.372236275831764,0.253231911021877,58.5158206,1.6908093333333334,ONTINYENT
B40554297,TRATAMIENTOS INDUSTRIALES CODOPI SOCIEDAD LIMITADA.,2,C2,-0.2316289446927909,-0.16132348593578663,1.6946053470780205,0.281997142587065,0.588496867576701,0.243820812679749,50.1873946153846,52.51360230769231,ONTINYENT
B54150339,ABAD INTEGRACION DE PROCESOS INDUSTRIALES SL,2,C2,-0.942446896247425,-1.3693882819670649,2.5940148741609375,0.225528413728357,0.635002057194217,0.0311515633680192,48.579901,50.82445,IBI
B53124335,INYECTADOS NEILA S.L.,1,C1,0.9501025484855271,-0.7240042820279192,1.8414157089665761,0.376665518758728,0.208706866640957,0.0947887435889438,60.5259077777778,62.4546488888889,IBI
B03030525,LUIS HERNANDEZ LOPEZ SL,1,C1,0.2785136599709884,1.0650778240847527,0.7113007494102662,0.179582111150091,0.504414673285185,0.511790445600129,44.9226865555556,10.575068888888888,COCENTAINA
B46219671,PENADES Y UREÑA SL,1,C1,2.2654123765509984,1.4547132588129812,0.6567740023264806,0.495308153739188,0.385435250988856,0.688959688998989,27.4433490606061,32.178799969696975,ONTINYENT
B46687059,PLASTICOS EL PLA SL,1,C1,-0.06600951096615897,0.3646131256597189,1.093664406954099,0.262414868211698,0.427125405314067,0.1722143214324,50.6808818181818,120.74823363636364,COCENTAINA
B46167060,TEXTILES PONGAL SL,2,C2,-1.063578795870894,-1.0971494301578861,2.2236822142921704,0.13177369091658,0.59711307717821,0.0628698674045816,53.145475,25.43109,ALBAIDA
B96968979,PLASTICOS BORONAT SL,2,C2,-1.2245728840063317,0.3154132008160949,1.4805464811165223,0.112457088311207,0.712481604373023,0.371873971787218,67.122832,5.863988,ALBAIDA
B98367816,CANTOPLAST SL.,2,C2,-0.9314299351647443,-0.09776675741167096,1.2556119422754148,0.183058986606976,0.647132283592342,0.0957748946053157,51.39649875,76.51371125,ONTINYENT
B03692308,MURO PUNT SL,2,C2,-0.6108247671829171,0.02984633198179872,1.4230202241043117,0.185450206066268,0.608565120190869,0.224392143710895,45.8404780909091,59.472516363636366,MURO DE ALCOY
B03683679,PAPELERA MARIOLA SL,3,C3,-2.7931232455791952,0.18193308656446333,2.0441625425673506,0.088382802943527,0.498379094615343,0.209808058506746,176.16358,39.10957333333334,BANYERES DE MARIOLA
B46587598,HILADOS BUFALIT SL,1,C1,1.5080449203522663,-0.6419626990579571,2.0058320957719395,0.423231057335324,0.292650609162458,0.281957951100887,40.0109063636364,16.97142090909091,BUFALI
B46337184,OMNIPLAST SL,2,C2,0.31845198950101544,0.466851431903546,1.0735473245521523,0.291277722810249,0.607438507102823,0.371343859197206,33.8559585,37.68749428571429,L'OLLERIA
B54267596,MUESTRARIOS HERMANOS CAÑADA SL,1,C1,0.8018341390619517,-0.3761897636393152,1.284025035946963,0.413384903158412,0.429584845324662,0.151371952211136,67.3653636363636,9.322223636363637,MURO DE ALCOY
B97310247,DECOLETAJES VICENTE VIDAL SL,2,C2,-0.43919582471704643,-1.4883499850478108,2.5964416192459367,0.227143702038497,0.495964214301713,0.0383514504702849,49.5294754545454,29.983114545454544,L'OLLERIA
B53608303,PANADERIA MARIOLA SL,2,C2,0.8729492147621937,-2.190484905060532,2.9795605700666017,0.402324349312215,0.407726628545322,-0.00496268489461655,27.4570518148148,11.907033703703704,ONIL
B54932330,ASCENSION GARCIA REDONDO SL.,2,C2,-0.6139576179664967,0.5346777350239542,1.000723909110839,0.141949404229213,0.641905985110976,0.328478454306629,45.7952425,37.64198625,BANYERES DE MARIOLA
B03044997,ANGIS SL,2,C2,-0.46895067967475446,-0.6413876741369797,2.842454667547482,0.320200313320735,0.450954374890171,0.211950898546987,54.7401571428571,135.14724928571428,IBI
B03255155,EROSION Y COPIADO PALAO SL,1,C1,2.1387817178966926,0.5139166876352096,0.7891122027402833,0.493747944106363,0.280332704293251,0.374714062884251,40.3451956521739,34.435238695652174,IBI
A46124418,JUAN VALLES SALA SA,1,C1,0.8733507560445021,0.9622750707103733,0.8442643625164514,0.241117899886449,0.459864636206415,0.557664141530676,34.2095516666667,1.5290708333333332,LA POBLA DEL DUC
B53364204,ALBERO I SEMPERE SL,2,C2,-0.6833302267324931,-1.9235556552896993,3.4719979092429187,0.185439324118972,0.395843586584902,0.0871987400226999,61.270328,23.284057999999998,BANYERES DE MARIOLA
B97056618,NAVARRO CERERIA SL,2,C2,-0.12393973224618147,-0.16591315696275857,1.2736242318956388,0.196232636347603,0.643212725655896,0.237415634053008,29.2109675,11.001696583333334,ALBAIDA
B46673620,ALBERT INNOVACION SL,2,C2,0.18199756464548883,0.2338364414192865,1.150767043238326,0.285462554646437,0.608157924459278,0.317543853183895,42.0675958333333,23.57883083333333,ONTINYENT
B53329603,METALICAS CRIADO SL,2,C2,0.6651970733280679,-0.5918162706697742,1.5503384109131388,0.261097448424478,0.380314525925252,0.161511495551881,35.4067143125,19.7691375,ALCOY/ALCOI
B03844438,LITOCHAP SL,1,C1,0.5203348460377331,1.27178038859806,0.8035942184619175,0.261314748804435,0.452180773143758,0.535345975901767,45.9497553846154,58.632171538461535,IBI
B19905652,HILATURAS ECCOFIL 1981 SL.,2,C2,-0.7164617606142697,-1.8303418100866278,4.41175265419268,0.137919184712953,0.534249121448984,0.42153664584117,25.61581,5.547063888888889,COCENTAINA
B42693739,DGM ROTOMOLDEO SL.,2,C2,0.45508732345070774,-1.2563276486120514,2.2158680960013677,0.242040061364316,0.461399975105467,0.132890432660314,20.1987856,5.459185199999999,ONIL
B40511941,IN MOLD LABELING LOGISTICS SOCIEDAD LIMITADA.,1,C1,3.472922725680356,0.9895022141303268,0.2972851927781956,0.648858099301225,0.119673848799449,0.476563856192647,43.6923641666667,22.592796250000003,IBI
B98556236,SERVICOLOR IBERIA SL.,3,C3,-0.35332503053923275,1.1950161611262002,0.9864204008813932,0.213470940386645,0.485565450775201,0.385512293313772,46.561876,145.51516099999998,BOCAIRENT
A03097359,INDUSTRIAL DEL TORCIDO SA,1,C1,0.7851993996265135,-0.6419223363628854,1.854710915821333,0.341642935599831,0.238607171669032,0.136600978827889,60.31116445,52.375814500000004,COCENTAINA
B54046552,VICTORIANO CALATAYUD SL,2,C2,-1.452717686163628,-1.5266285905009138,2.74158788986627,0.122529663052156,0.747231783815418,0.0674415793747033,43.2887933333333,10.392216666666666,BANYERES DE MARIOLA
B86840758,ARTE Y CANO SL.,1,C1,3.1033781274251107,0.05989821357240663,0.6256968971530307,0.581956278508276,0.192489044097485,0.279150958689004,28.38320965625,2.770840625,MURO DE ALCOY
B53130654,MANATEX DE BANYERES SL,2,C2,0.3262995043567728,0.6866078496443636,0.8629814858828181,0.234114848940849,0.573487369546545,0.429893360337025,37.8368572727273,11.973746272727272,BANYERES DE MARIOLA
B03164043,ARTESANIA BEATRIZ SL,2,C2,0.34497545085594883,0.780487745667431,1.4438868857077478,0.299042322091577,0.621061117982704,0.606483733061107,44.3915024166667,5.0048775,CASTALLA
B97968721,NEUTROLEADER SL,2,C2,-1.7214238187068027,-1.251936284197003,2.865188997202066,0.113733282543525,0.678211659664733,0.136109977084512,69.801632,16.408578,ALBAIDA
B02906592,PLASTINEZ GROUP SL.,2,C2,0.5676524284010553,-0.806247120512785,1.8760623069508398,0.266375556015784,0.378181952432004,0.161501841969068,38.1136666666667,19.120572666666664,AIELO DE MALFERIT
B98932197,SOLUTIONS & BUILDING SYSTEMS SOCIEDAD LIMITADA.,2,C2,-0.7276453584946416,0.16611921684776076,1.288849074680176,0.162479769550279,0.521449645307878,0.217396266311307,68.424385,50.472364999999996,AGULLENT
B97682801,LINCEX PACKAGING GROUP SL,2,C2,-0.19443477656404204,-0.2776167738789581,1.6955533818167239,0.169172800579834,0.60449043671707,0.308165484125775,31.3399171818182,3.0018345454545456,BOCAIRENT
B96231790,MUEBLES EXPORTJUNK SL,2,C2,0.16588768576715768,-0.9842582033176726,2.02186415307785,0.220575569291981,0.39884098070463,0.11111176792429,41.7338599090909,23.235313636363635,AIELO DE MALFERIT
B42590869,RAFAEL CALATAYUD SL,2,C2,-1.280960629406126,-1.2909625660493524,2.641688751785932,0.112448243963178,0.7285208757974,0.125812675339187,33.5955914285714,20.475491428571427,BANYERES DE MARIOLA
B96359005,ZEBRA TEXTIL SL,1,C1,0.5465881290314343,1.4233629965530545,0.6169475837385688,0.235839202530173,0.411688500611139,0.536169983209996,47.2907033333333,61.143944444444436,ONTINYENT
A46372017,CORBISA ONTENIENTE SA,1,C1,1.0104424414906192,-0.6807701472952866,1.8772122354999305,0.413108832507227,0.334523179729646,0.20641620233599,64.5135525,5.82576,ONTINYENT
B53841292,CREACIONES TEXTILES CANO Y CANTO SL,2,C2,-0.8320974488014082,0.9829097566142736,0.831529127154575,0.161487370393561,0.837532284488241,0.450595206955063,36.54651875,35.667085,COCENTAINA
B09708017,FERRUM ACCESSORIES SL,2,C2,0.5126788831375244,-0.5845665558635178,1.5617134114519202,0.306611786435784,0.520768543567602,0.178076157550555,34.50846,11.449564666666667,L'OLLERIA
B54523741,KUBIK MONTAJES INTEGRALES SL,2,C2,-0.0942511093587844,-1.9562913093567738,3.3735649122286535,0.340215260189987,0.541678714931638,0.108738932312166,43.0770699333333,17.493176666666667,COCENTAINA
B98412737,PLASDEXIN SOCIEDAD LIMITADA,2,C2,-0.6732254274932402,-0.6352876216357596,1.8815300068997873,0.16424419104964,0.617501879293934,0.151515632349442,38.56363875,37.3143375,L'OLLERIA
B98647530,NOVA GENERACIO CASTELLO SOCIEDAD LIMITADA.,2,C2,-0.5918004623126738,-3.6987138825902424,5.299745342984066,0.301228138603882,0.510238185020294,-0.0042783778353562,37.2291014285714,2.4855857142857145,AIELO DE MALFERIT
B54462411,LACADOS TICA SL,2,C2,0.6507885360177219,-0.9973312263859644,2.683359654240775,0.300528282202239,0.388157112940528,0.311213178856213,33.9812414285714,12.322940714285716,TIBI
B54112081,BONA MEL ORGANIC SL,3,C3,-1.1505237267737098,2.7659113226960605,1.3535070922027654,0.127854463321445,0.595695025178143,1.07577949799019,107.944959666667,34.974,L'ALQUERIA D'ASNAR
B66509233,3DLAB SL.,3,C3,-6.286317394513986,1.9993006463732488,2.8320441936510754,0.0615719109172637,0.703385527559449,0.161623009708137,198.04515,488.96166,IBI
B54437165,ALMAZARA LA ALQUERIA SL,2,C2,-0.41340073007452116,0.3345531788258167,1.3268441964922022,0.0614075709082078,0.471937907890164,0.362419577985915,40.41995,29.994545,MURO DE ALCOY
B03302692,INJUVA S.L.,2,C2,-0.44491436439741766,-0.17464711856265788,1.4340584748568608,0.1832306774629,0.54131462728151,0.164113438283864,44.8391579,59.150479,BANYERES DE MARIOLA
B96555735,ACABADOS PLASTICOS MOVIMAR SL,2,C2,-0.9361081295039267,-0.5150376623082938,2.0038192236980485,0.262284693799714,0.664213087168877,0.143729237981495,64.3682066666667,60.511345,ALFARRASI
B54723739,TECTUM GLOBAL SL,2,C2,-1.2960697199527556,-0.7267664759115288,2.169697215689817,0.14400388723587,0.612548429943304,0.124026933711863,66.6723316666667,42.04810833333333,BANYERES DE MARIOLA
B54972443,V. & C. ACABADOS SOCIEDAD LIMITADA.,1,C1,1.3037255638536336,-0.6481787593880532,1.6604410546217847,0.442242815661153,0.379894485961366,0.193096381104775,47.208168,9.408106666666667,IBI
B03184470,PLASNOVO SL,1,C1,0.19368888709205836,1.945624486428844,0.7161259919122567,0.242004059325194,0.45580527825894,0.64267829736221,49.599691125,112.14727125,IBI
B53514287,PINTAMETAL ROMAN SL,2,C2,0.8080579035509128,-1.6431880068363676,2.7309976390650106,0.30056974996997,0.325554892173699,0.116229059138736,27.544885,12.261496875,CASTALLA
B03109246,PLASTICOS RASPA SL,2,C2,0.23459409301567255,-1.1454701324475343,2.2384612692314194,0.295735280471714,0.470284464822231,0.0979460129449216,36.0216661538462,37.261343076923076,TIBI
B96516208,DOBLETALL ONTINYENT SL,1,C1,0.7281949470785102,-0.7869125696790988,1.9949503241925401,0.383815705182241,0.250198220568998,0.134038803907154,78.8163536363636,27.90230181818182,ONTINYENT
B53215257,NOVATEX BAÑERES SL,1,C1,2.6165121545292993,0.791871763310555,0.3196648130623166,0.497375859587926,0.11285387493844,0.334986061579148,42.2983463157895,54.86607157894736,BANYERES DE MARIOLA
B46679189,GENEROS DE PUNTO MOLLA SL,2,C2,0.44901673324847097,-1.1727995764156778,2.0824624337549262,0.30212807290853,0.535474461563817,0.122623421520282,25.0682423529412,6.250761176470588,ONTINYENT
B16749905,INMETAL COLLECTION SL.,2,C2,-0.9114249625782882,0.7794485865547651,1.0874790664781153,0.125689897388455,0.64860813278606,0.421851788068416,66.63879225,20.6528375,L'OLLERIA
B53240560,EDELPLAST SL,2,C2,0.2041602368959322,-1.076640031375162,2.347892597471097,0.290541424217105,0.368975923255619,0.0860658772829644,43.3744208333333,68.66710083333334,CASTALLA
B96941372,BELLVIPLAS SL,2,C2,-1.0133954462546226,0.3844339657644953,1.5398916123995745,0.12998074068438,0.576724128226746,0.277313596959187,46.1608916666667,110.63984833333335,L'OLLERIA
B54588397,ILUSIONES EN CARTON SL.,3,C3,-4.329235507319589,0.4406293077469798,2.3398488299135227,0.0512919759930954,0.803330793198149,0.0707602400736982,136.79368,229.97458,CASTALLA
B46215877,BALBASTRE Y SANJAIME SL,1,C1,0.6475989834411213,0.9085665893379313,0.7814432263396746,0.29007253752899,0.581085751888708,0.503614450130169,36.2302553636364,9.255578181818182,LA POBLA DEL DUC
B98276868,CERDA SATORRES SL,2,C2,-1.5670584872354034,-0.7299763183980122,2.503547344582068,0.0663619624740455,0.70394657961473,0.268484318645606,57.02998,3.5883800000000003,ALBAIDA
B98966971,CARELI WOOD SL.,2,C2,-0.3364339794578326,-0.2737588506840834,1.4501412366152726,0.207248525587708,0.546036125564379,0.140652979331062,42.25765875,59.7939025,L'OLLERIA
B53762753,FORNITURAS JOMAR SL,3,C3,-0.4254293380365904,1.718084740636402,0.8184037801858508,0.200827470041379,0.440768895576023,0.487693051640207,60.11275,154.39655875,IBI
B96201900,COLORMANT SL,2,C2,-0.7304151915672268,-0.38443275144225303,1.9349561145615919,0.161885648018543,0.753968836429429,0.308327318905388,30.3428057142857,6.999754285714286,AGULLENT
B97304489,ARTESANIAS OVIEDO SL,2,C2,-0.316195483047767,-0.5966950245955316,1.9205157827644934,0.241684630811861,0.494880653910851,0.175292705843168,65.5825484285714,21.096945714285713,L'OLLERIA
B03324258,DALBER SL,1,C1,1.440645244700937,0.3582867077237917,1.3284402716277957,0.416284342615754,0.326257845385784,0.407098112921465,43.6896375,45.07829,CASTALLA
B54907969,REKLIN COAT SL.,2,C2,-0.6830346017264003,-1.1339678471992158,2.4634373871571307,0.165757761658516,0.546038715361627,0.101669786696512,36.6100325,51.42517375,IBI
B03827193,ANTONIO GINER SL,2,C2,-0.1054145640458382,-0.3629952487832782,1.679727724085842,0.233453174463397,0.579064811284137,0.253080643480299,45.07742,7.6471125,COCENTAINA
B53472353,URDIDOS JORDI SL,2,C2,-1.2891065705405103,-1.6263103439048776,3.1294889327498256,0.13557412447498,0.743711537012111,0.156597189349033,36.444605,1.17948,COCENTAINA
B53175279,TEX AGUILA SL,2,C2,-0.24754885464440007,-0.799711511901021,1.8182627320914497,0.251116495445162,0.461148850514265,0.0661306372067635,63.937795,33.459208625,COCENTAINA
B03027158,VICENTE BARCELO VAÑO SL,1,C1,0.7331471894401984,2.867031483210254,0.46171229348422305,0.290316523743444,0.504041417321348,0.978455345057636,48.667415,72.1256275,BANYERES DE MARIOLA
B96649827,SOLER TEXTIL 2000 S.L.U.,2,C2,-0.09808563530523275,-0.7234414622708975,2.2677050024155716,0.268248399782859,0.509179277169728,0.235272855885541,50.5999588888889,26.478742222222223,AGULLENT
B98215288,GUITARRAS PC SOCIEDAD LIMITADA.,2,C2,-1.0796585820946774,1.5670351197413044,0.9159726274907161,0.0878742994296143,0.674584172443387,0.565351297896988,50.71294725,82.7489625,ALBAIDA
B53357539,AMBATEX SL,3,C3,-2.0812095943661704,0.19933446135888877,1.7880803741812825,0.0871086438650061,0.732895123178073,0.173973486377093,54.819625,144.93585,COCENTAINA
B09874504,BELLTX SOCIEDAD LIMITADA.,1,C1,3.2078276570609376,-2.110208396949384,2.7010456095288453,0.714576227707159,0.140109677696647,0.0544358588354828,24.2207775675676,1.5686408108108107,ATZENETA D'ALBAIDA
B54972120,HILATEX DE MURO SL.,1,C1,1.6072194406560134,4.182611068643148,0.2832076992701644,0.294845353728526,0.429643551483416,1.44329907874097,28.9005876923077,68.57217846153846,MURO DE ALCOY
B03102647,TEXTILES OLCINA S L,1,C1,1.6820940217139815,0.8971140477123309,0.6409622205684206,0.375109012387303,0.410704452150472,0.508246717206118,27.0552840588235,11.413137058823528,COCENTAINA
B03894474,BARCELO FRANCES SL,1,C1,0.4057740864556327,1.973079191411925,0.4221223823328595,0.221195791121321,0.553841415819093,0.684125479998871,32.7810111111111,66.17256555555555,BANYERES DE MARIOLA
B42693408,PROFILBER COMPOSITES SL.,3,C3,-1.9306632061837012,-1.991778071168622,4.102513282403109,0.121622377379631,0.350030001105373,0.015081636755119,97.110418,93.119616,COCENTAINA
B98196785,SOLUCIONES ENERGETICAS LEVANTE SOCIEDAD LIMITADA,3,C3,-0.03125947800959749,2.423465729449311,0.5451126933841524,0.315921629550462,0.535392163760425,0.725696217622081,76.57509,109.94523714285715,LA POBLA DEL DUC
B03507746,TROQUELADOS CRUNE SL,1,C1,0.894172769774059,-0.42254433079628434,1.846644768442325,0.403527839549058,0.359367776014497,0.215409337644976,47.4195130769231,62.92593153846154,IBI
B53616561,FUNDICIONES BLAS DIAZ MARTINEZ SL,2,C2,-0.46039320223676716,0.26227298454655446,1.5468110483129316,0.158349477625884,0.612332234025052,0.38297171155156,38.5939131666667,37.28224,IBI
B03116100,PEPRI SL,1,C1,1.0748189881180912,0.45269184828863585,0.8904295735851229,0.323479378706205,0.292944217689697,0.273220824483695,40.2512515384615,77.26688923076924,IBI
B04944955,VISOMO'S PACKAGING SOCIEDAD LIMITADA.,2,C2,-0.9983353044404073,-0.32401932336797984,1.6389398051106874,0.164048592032574,0.612356559141015,0.138486728617866,60.2184981666667,50.26753,ONTINYENT
B54470604,IRR-LOP SL.,1,C1,1.0523217839743921,1.3492216591317012,1.0582012137187902,0.44683578078812,0.512676449889693,0.601653972765649,39.728506,90.468971,IBI
B03035995,ANTONIO GARCIA JUAN SL,2,C2,0.09357570882296105,-1.5358303453116942,2.7485146585948774,0.282677918343737,0.462697283395629,0.10869822862741,40.7321463636364,17.402769090909093,IBI
B54711353,FERCASE 2013 SL.,1,C1,0.6559830740490401,-0.7828416453509157,2.3158096882801567,0.30040977614319,0.231886405405282,0.201523289770885,51.7715439,55.595604,MURO DE ALCOY
B42567685,ARTISFABRICS SL.,2,C2,-2.169056033844685,-1.449397050942686,2.9983278369386688,0.159410745495779,0.795309731465563,0.0749902300142234,86.7614095,10.34836,MURO DE ALCOY
B53736054,ACEITUNAS DURA SL,2,C2,-1.1204721752984623,-0.4869248201671775,1.5919196428925948,0.105172548913909,0.763418267074003,0.161961697297352,37.459465,10.470825,CASTALLA
B54665286,EXPORT TEDELMUN SL,2,C2,-1.0689054765457144,1.431470263318823,1.4258547649939213,0.0571057710722689,0.68208193448899,0.656557011592006,32.390645,89.318985,MURO DE ALCOY
B54038922,FRANDA-05 S.L.,1,C1,1.5594584741136592,-1.170091077588191,2.0179212052454205,0.450391518227531,0.195856283015183,0.0709267425279419,50.1239127857143,30.712412142857143,CASTALLA
B03233822,HERRAJES Y ACCESORIOS PARA MUEBLES MALLE SL,2,C2,-0.1685519989586739,0.4101175765972424,1.003282288284726,0.199199353717355,0.610549585613692,0.316980578777879,39.7599616666667,33.21186333333333,IBI
B46193124,INDUFLEC SL,1,C1,1.6075205561180694,-0.4072566063617435,1.2613077508972144,0.4164170162596,0.351048932261766,0.187912342986708,27.1506570588235,26.381723529411765,ONTINYENT
B53052957,CARPINTERIA METALICA CREFER SL,2,C2,-0.39868858048436845,-0.06727206701684804,1.4732366912797785,0.224586115269599,0.659631018651796,0.271076700153829,46.23921,21.60786333333333,IBI
B42582627,MONTSERRAT 1958 SL.,2,C2,-0.9904759058664254,-0.2664577127944639,1.379225055385415,0.0712217540745817,0.760197911905966,0.214423460280789,28.42356725,2.316095,BANYERES DE MARIOLA
B40506263,SANCLIM SEL-LECCIO SL.,2,C2,-1.0660851776179676,-1.9280857375747802,2.8975094650015025,0.153638926219596,0.743428693778804,0.0168884075289628,25.2150228571429,3.4285714285714284,BENICOLET
B40572844,EL TEMPLO DEL DESCANSO SOCIEDAD LIMITADA.,2,C2,-0.9734387103742356,-1.6045608116008272,3.038262168582057,0.153907572728367,0.55529635030197,0.103856573035869,50.816644,18.626545999999998,ONTINYENT
B46131579,SEMPERE Y SANZ SL,2,C2,0.6673696761029366,-0.4447029789595476,1.5711462651283616,0.361754298394373,0.560386401723345,0.235847001092594,34.7795036363636,10.17248909090909,BENIGANIM
B53332920,CURVAS CANO SL,2,C2,0.6422738004294841,-1.9939593009571368,3.3392135367491087,0.409219383504512,0.444580102284661,0.121197379448677,33.2320139333333,19.941527333333333,IBI
B53124673,MARAMAT SL,1,C1,0.5392301462409744,-0.6769213629844473,2.0781446595308912,0.382993114569612,0.399920252080295,0.192644813392437,59.1684155555556,40.77182777777778,ONIL
B46640280,ALBAIDA MAQUINAS SL,1,C1,1.980709232793065,-0.25260773249947926,1.8993506610439217,0.49612961207503,0.286395931657861,0.424792676322519,42.7279976923077,2.364817692307692,ALBAIDA
B97229447,SOLUCIONES EMPRESARIALES PARA EL EMPAQUETADO SL,1,C1,1.8458514567102229,3.419156323252368,0.2820804977517802,0.469772916553201,0.288540265502545,0.97778792197452,28.7203564705882,203.70304588235294,MONTAVERNER
B46421475,VICENTE ESPI SL,2,C2,-0.9377116234956172,-1.0097242197548486,2.579088016534061,0.185859825977005,0.555810360394256,0.165274284630288,65.17051,26.460402,ALBAIDA
B97750939,RENOVA 10 SL,2,C2,-0.5535466652531156,-1.7096286695178462,2.9706186077157164,0.241047149778533,0.649937871435583,0.11019464587748,35.96848,4.372357142857143,ONTINYENT
B56864739,NONES BOCAIRENT 23 SOCIEDAD LIMITADA.,2,C2,0.5277692292856696,-0.4487989156800844,1.2782058624999653,0.329816829258114,0.550926866683457,0.160347524566853,41.0624125,3.72723625,BOCAIRENT
B40513277,EQUOTEX CONTRACT SOCIEDAD LIMITADA.,1,C1,2.4682590153183246,-1.1372774572525235,1.6765948472703505,0.548130729427398,0.229978775386774,0.104368828794289,27.937785,3.3443895454545456,AGULLENT
B54325477,SALVADOR EXTREMIANA S.L.,2,C2,0.628606992958239,-1.6065346094838369,2.6629830307201097,0.413233292497681,0.421652211288911,0.0690340250374296,49.9583843333333,18.407110000000003,IBI
B96493101,QUESERIA ARTESANA LA VALL SL,2,C2,-0.5114220643924533,-1.9202452766941986,3.1282202180291203,0.268553856167469,0.595613380509771,0.0428274989365769,39.9962242857143,23.03418857142857,ONTINYENT
B53843967,HILADE SL,1,C1,2.543932190727641,0.7232920681758882,0.5040757794787655,0.449895299819702,0.214678088519588,0.437576725814961,27.9144755555556,14.454162222222221,COCENTAINA
B96779665,INDICE IMPORT EXPORT SL,3,C3,-1.7056457883506597,0.5943292485021574,1.332931510885403,0.191371649521042,0.704357342778844,0.200769349005121,77.9000566666667,132.49393666666666,ONTINYENT
B53858692,ITARMA LUX SLL,2,C2,0.23461757815753684,-2.185351124918582,3.7397788510235452,0.253781643689035,0.363725886401229,0.160693573546584,29.9597122222222,7.495337777777777,CASTALLA
B54842828,PLASTICOS NAVARRO VALLS SL.,2,C2,-0.8984864277954614,-0.372107183680675,1.5350651321543758,0.134421360244658,0.58939571475093,0.0730543818994406,37.8801333333333,85.87712333333333,IBI
B53382180,FLORES RAD S.L.,1,C1,2.0817002058887977,1.0002898538347624,0.3402157799648763,0.412108850182253,0.0576556304460264,0.359893618886723,63.5309288888889,56.90911444444445,IBI
B54654058,INYECCION Y FABRICACION DE REDUCTORES SL,1,C1,0.9737893309435697,0.665948222877344,0.7842081435843388,0.2768727821468,0.444352815756358,0.441709783854402,37.3297643333333,1.5693866666666667,IBI
B46302188,SILLAS SANTA LUCIA SL,1,C1,0.6708812863004047,0.46956173977881915,0.9227299089824429,0.286434681685846,0.575781929569934,0.38438110949242,23.4291591666667,22.976399166666667,AIELO DE MALFERIT
B54908181,TUBOS CARTON NADAL SL.,2,C2,0.5873344141954608,-1.127817084813275,2.137325763847299,0.318742384446983,0.403353504576743,0.119762039225316,42.2770945454545,13.751287272727273,BENIARRES
B98467558,MPE SERIGRAFIADOS SOCIEDAD LIMITADA.,1,C1,1.062201624034851,0.5745096040344669,0.9925460639677606,0.278867640400728,0.175319316138793,0.314049409146709,48.0454457142857,85.28121857142857,AIELO DE MALFERIT
F97982953,CARPINTERIA PALMER COOP.V.,2,C2,0.4960387397561981,-0.9872803423234255,2.833498876303657,0.344741702458202,0.333633518990458,0.306349383918616,63.9990984285714,11.919012857142858,MONTAVERNER
B53328951,REISA TEXTIL SL,1,C1,0.507156766207554,0.4502273944368732,1.0676549880410313,0.311466163060578,0.573423484757545,0.401324387834176,43.733015,9.90123125,BANYERES DE MARIOLA
B53882809,PLASTICOS EL REAL SL,2,C2,0.5348787792181265,-0.4019628159900249,1.9187903884544388,0.285527531834701,0.478479248981593,0.316612352276852,31.222851,20.486597,TIBI
B42518878,IVITREO CUSTOM GLASS SL.,1,C1,2.8060631007962,-0.16389435165369837,1.1270847511274746,0.634140237693729,0.0854812707124148,0.216570214808091,60.4644491666667,37.1156725,IBI
B53461380,ETITECNIC SL.,2,C2,0.09899269707296499,-0.06866187172796552,1.25110516803982,0.205764549725538,0.503998333825224,0.226508307466818,36.8308428571429,32.73312857142857,CASTALLA
B53261939,COLORSOL QUIMICA SL,1,C1,1.391873366031888,1.0345001224343355,0.6407546124047069,0.311396421113224,0.39587737017465,0.540007173802051,32.718149,9.390298,IBI
B98783848,HOME TEX CONTRAC SL.,1,C1,1.3952511769640594,-0.5920529478667913,1.4067303889004008,0.353055155750408,0.378824869555109,0.192119791801707,22.1454625,5.6976775,BOCAIRENT
B96817895,CONGELATS CAMOS SL,3,C3,-1.8341605714214795,2.4081183387373635,2.1265630483109677,0.179176376420815,0.707473885801906,0.746723424273569,21.9878416666667,342.61253000000005,ONTINYENT
B46299525,RIBELLES CAJAS DE CARTON SL,2,C2,-0.9693636807884276,-2.1787800772947903,3.600805014143795,0.213041917070614,0.565074840241202,0.0222219332693014,46.5389698571429,36.851145714285714,GAIANES
B53244901,TORNILLERIA RECHE SL,3,C3,-0.45959493175479577,0.9708865600346609,1.199989419634146,0.293081470387612,0.440292844700229,0.412487392368255,109.187186333333,58.38773,IBI
B98004864,HIJOS DE VICENTE MICO SL,2,C2,0.7386631326704001,-0.9491962465038885,1.8263630180059223,0.30857360261293,0.47020795947529,0.142825548644098,25.059225,8.152984166666666,ALBAIDA
B54785217,INYECTADOS HNOS. PASTOR SL.,1,C1,0.9142129976572924,-0.9243861309539866,1.6056584520415753,0.325934049862587,0.319216299729398,0.0276489913964245,34.0984799090909,47.675740909090905,IBI
B53986980,CREACIONS NOVAIBENSE SL,2,C2,-1.0011789410738228,-0.2102530882257106,2.5655396869849407,0.152604722925666,0.763048190786752,0.5002975353366,40.20627475,5.451375,IBI
B42543777,MECANIZADOS DEL METAL MECAFORM SL.,1,C1,1.336619259952759,-1.8309979288147002,3.3387802987223254,0.495353748444392,0.272117727972184,0.165644594317901,42.3056049166667,33.27191333333334,MURO DE ALCOY
B53076345,TALLERES TIBI SL,1,C1,2.9763732042649567,1.0141559149239363,0.39343608910082556,0.541884347383581,0.16169470824675,0.494182774102138,35.5459028571429,27.31515642857143,CASTALLA
B03250487,MURODELL SL,2,C2,-0.6136459202199791,-0.4365978839370532,1.5525527194998776,0.178826830589396,0.710710210776732,0.161527829457379,28.2982533333333,34.098729999999996,L'ALQUERIA D'ASNAR
B54065081,MASIA EL ALTET SL,3,C3,-2.493087488400869,0.17231534702895313,2.455854006307762,0.0896962694682505,0.580300497173111,0.355937908548574,137.23442,47.242235,IBI
B54366463,PLASTONIL PIEZAS PLASTICAS S.L.,3,C3,-0.6656302311708543,0.5264037347509201,1.7324953449145613,0.226489382577119,0.354467537862318,0.301475764029884,83.98558225,129.9797775,ONIL
A03028719,MIGUEL VICEDO CERDA SA,1,C1,1.4375721781895883,2.0433034944926107,0.5493221803584112,0.40149888176364,0.595226014879673,0.818781450121954,15.0772975,53.920386666666666,BANYERES DE MARIOLA
B03120292,MANUEL ROCA SL,1,C1,1.8833858926922755,1.0238674754144148,0.6204703320910107,0.394484507982241,0.287169591089145,0.507089950016459,36.6497327272727,31.70002363636364,IBI
B03022290,BORRAS ENCAR SL,3,C3,-1.3371338618959934,1.360609698848978,1.2840900003028852,0.189530377944251,0.513368192623557,0.359864357852333,75.79853,197.35819,MURO DE ALCOY
B54861943,AESTHEMED SL.,1,C1,0.41070634898798947,0.987855726116989,0.7768290259508016,0.247102717237276,0.456905211808816,0.479772712987579,60.8345825,13.78147,MURO DE ALCOY
B53271805,FUNDICIONES GARRIGOS IBI S.L.,2,C2,-0.27801583861522067,-0.5734979402339538,1.6711708746259712,0.199752915269605,0.448134615683068,0.135057706274687,65.4406125,13.725735,IBI
B01620624,NIKOVI SOLUTIONS SOCIEDAD LIMITADA.,2,C2,-0.8515062847694626,0.5834542453000842,1.4743031706492,0.167684483857161,0.702741935222398,0.46842276890213,61.0558933333333,14.832406666666666,AIELO DE MALFERIT
B46952115,CINTAS ELASTICOS Y BORDONES MAVITEX SL,1,C1,0.9084071962407868,-0.7384486819105488,1.574262239143374,0.41443322111323,0.417994245645202,0.109576344360617,54.4137528571429,15.252564285714286,AGULLENT
B03818283,JOSE MONLLOR S.L.,1,C1,0.37651976240670715,0.6065047875211734,0.9161441564460858,0.193398190779829,0.440653650483125,0.404589707370207,46.6782025,11.2710125,GAIANES
B46864369,MEDITERRANEAN CANDLES SL,2,C2,-0.17670343644472677,0.47172297818200665,1.0333002150747392,0.169577181794035,0.466152675267609,0.32043664657773,59.73504,30.671184,AGULLENT
B54902895,MIGUEL VIEIRA CONSTRUCTOR DE MOLDES SL.,1,C1,1.0363517281841972,0.00684259922121147,1.1553795424492221,0.349591456119309,0.369303437795962,0.262560129472338,48.10712375,22.009245,IBI
B96527254,TRENZADOS JOSE PLA SL,1,C1,0.8663921427303267,-0.8597213198960311,2.464170513055145,0.311736803388256,0.334001052165513,0.307819069548442,37.1253855555556,12.18487,ATZENETA D'ALBAIDA
B97518351,MARMOLES ANTONIO GARCIA SL,2,C2,-0.06305037517688,-0.8345087145069772,2.1650731074377334,0.273234358888772,0.524718170827516,0.171043799298766,43.7487514285714,34.143722857142855,ATZENETA D'ALBAIDA
B54333059,COMERCIAL ATALAC SL,2,C2,-0.20921402016873622,-1.7329687462576175,2.4122789684128705,0.23417352214951,0.530472799839379,-0.034457768430915,36.441455,11.454099999999999,MURO DE ALCOY
B98015027,RAFAEL CAMBRA SL,3,C3,-0.7975374239392564,0.43090016828945243,1.5559069121639932,0.196694067177445,0.493339110980683,0.26928186418582,63.6923725,117.8618225,ONTINYENT
B03268497,GAVYP SL,2,C2,0.11034789620621628,-1.5788726450054806,3.282677632728761,0.350823808794109,0.539833558977207,0.244373122603636,44.6459928571429,2.1333228571428573,CASTALLA
B54876487,INTECH ALUMINIUM SL.,1,C1,0.7737106045094685,0.6603477158869294,0.8030613201145197,0.240145941545379,0.450298280873702,0.406229060478722,28.7567098888889,28.382464444444444,ONIL
B54706056,DISEÑO INYECCION Y TECNOLOGIA INDUSTRIAL SL.,1,C1,2.5322297442606567,0.5849889533858422,0.5612470232103199,0.449076296154701,0.1119878059437,0.366384814612063,40.1840645384615,27.135312307692306,IBI
B09897174,MECANIZADOS INDUSTRIALES J. NARANJO SL.,2,C2,0.5897710953616364,-1.7076705093491045,2.865047954162903,0.39904831245839,0.437589585933597,0.0975680987355112,44.7082425,13.11239875,CASTALLA
B42590356,NOUTEXTIL RIMAR SL.,2,C2,0.9367394202648929,-1.4277000969626508,1.8520588999509995,0.372257234763979,0.507367907073899,0.00579083756081633,17.8497188333333,6.769886666666667,COCENTAINA
B54870738,MANIPULADOS & DESARROLLOS VM SL.,2,C2,-0.08281799478031289,-1.2097591906659286,2.659430969038357,0.307433433802064,0.609458132991651,0.19955427594285,36.150791,17.80790125,CASTALLA
B53101259,GESTION DE CORTE INDUSTRIAL DE TEJIDOS SL,1,C1,2.091118043776886,-0.014256460735983125,1.7558551563357785,0.514737168767177,0.0789854678277629,0.335138013916395,54.795011,79.101754,CASTALLA
B16937690,TUBSOL INSTALACIONES SL.,1,C1,1.1218835711765989,-0.7608226120136783,1.7278263631942703,0.402081454658807,0.254954328314096,0.131748115792061,66.9106342857143,12.673078571428572,ONTINYENT
B53236725,TEJIDOS DOBELTEX SL,1,C1,1.0279330673317333,2.602503612507608,0.5594996380482657,0.340337891498955,0.481384781631557,0.909094291792277,38.0252625,89.38255125,BANYERES DE MARIOLA
B54994231,ROSATOYS SL.,2,C2,0.13217100658593675,0.6041111780358416,1.5993930220026191,0.231123217029127,0.525230992856652,0.526739403800885,41.0728883333333,38.317445,ONIL
B03760071,PORTELLY SL,1,C1,4.183803427146846,0.5143234043492253,0.29671973270525853,0.704236039461176,0.0178634962880909,0.35941497895759,28.0591790909091,22.240572272727274,BANYERES DE MARIOLA
B96728993,INRETEX SL,2,C2,0.23733759880479405,1.1679780551865202,0.804596487449654,0.211723632976212,0.651578776984734,0.578077217143513,26.2124328571429,21.16906857142857,BOCAIRENT
B96814413,ESCALERAS CLIMENT SL.,2,C2,-0.31276387246618387,-2.1425103217741,3.4564331669936506,0.253968820301373,0.521591717436169,0.0663840613425971,33.19279,19.80827857142857,CASTELLO DE RUGAT
B54724661,6 TORRES EG ESPECIALIDADES GRAFICAS SL.,1,C1,0.5546602881269022,0.1596666746552091,1.3560012188094843,0.310756677173463,0.452539486200603,0.293216868227585,36.41471125,66.025542375,IBI
B02857407,INDUSTRIAS PEREZ BELLOT SL.,1,C1,0.33352522276890695,0.37461824032038665,1.429668690419156,0.271234993172685,0.350080245629005,0.314576644547776,50.11554125,92.7588975,CASTALLA
B97974836,PIROTECNIA AITANA SOCIEDAD LIMITADA,3,C3,-1.3030783007654414,0.34357626152071435,1.5364779861516615,0.186736778400293,0.600918488692565,0.217027640301635,74.1254666666667,110.36849666666666,BELGIDA
B03874864,BORYSER SL,1,C1,1.4317515733986748,-1.6282217114818458,2.216473008436828,0.416261740668483,0.319759070560218,0.026718570789796,27.7675192857143,7.239386428571429,L'ALQUERIA D'ASNAR
B98539356,STD STRUCTURES INNOVATION SL.,2,C2,0.7643110339575018,-1.1176518827247617,1.9504383891777346,0.334074883032336,0.407276544879596,0.100213938056371,39.3011571428571,6.132222857142857,BENISSODA
B53492633,IBIMARMOL S.L.,2,C2,-0.3814353719887739,-0.9165463264073488,2.3392983645255767,0.24310700311968,0.483749376419298,0.16412761394509,63.84392,23.3760925,IBI
B01998103,URDIDOS LATORRE SL.,2,C2,0.45771555377816037,-0.9034754814262,1.9245703598014126,0.269454447219876,0.369061970775349,0.0957307060087387,35.7460057142857,46.77424285714285,BANYERES DE MARIOLA
B42696377,HORIZON FILATI SL.,1,C1,1.3352408155235433,-1.8828632537099892,3.043620088890336,0.462309822930673,0.177205897378204,0.07820801887137,57.7491933333333,18.38792666666667,MURO DE ALCOY
B53447462,IKER PLASTIC SL,2,C2,0.11753045313663749,0.14876007246786613,1.10001069615218,0.216815027006485,0.524707309821265,0.275844191517366,43.158555,20.531345,BANYERES DE MARIOLA
B46165692,TRAMAFIL SL,2,C2,-0.7385618646193675,0.24977540498322331,1.3860403234960033,0.17866932828571,0.827528535506125,0.37641866597547,30.7623838,16.558864,AGULLENT
B03852365,ROQUE ARTESANOS SL.,1,C1,1.819504364706373,-0.8553569453565241,1.428924479489881,0.480700506784936,0.366050449085109,0.105077494716457,26.5680335714286,13.554451428571427,CASTALLA
B03337680,INDUSTRIAS PLASTICAS VALBER SL,2,C2,-0.16516220478149599,-1.209645854168334,2.9298477773603806,0.201902177273412,0.359307172308033,0.20559655057334,47.219612,41.734386,IBI
B42518860,MARSALA DESIGN SL.,1,C1,1.5940790842455725,-0.4380071106819301,1.1047508017336716,0.382762613046892,0.169962103102581,0.0954305184013061,49.963875,33.30962375,BANYERES DE MARIOLA
B96537758,FERRERIA FERRI & VICENT SL,2,C2,-0.2618123142782457,-0.282397539146253,2.6423016552506295,0.220336725890112,0.648356560909285,0.527982118941789,32.340654,6.106882000000001,AIELO DE MALFERIT
B42558650,SISTEMAS Y ACRILICOS CASTALLA SL.,1,C1,1.206369863501642,-0.042191405221691416,1.0462817951122132,0.343861553141402,0.304595273707808,0.201784867069376,40.90793625,42.33106375,CASTALLA
B46900361,CONFECCIONES SILBE SL,1,C1,2.8288243583250265,-0.2634968080818065,0.9930818836357489,0.546233302874406,0.19143390145656,0.242602197393792,27.1349017647059,7.437652941176471,ONTINYENT
B46301503,CESTERIA VICENT SL,3,C3,-2.081172967080805,0.2001187780449543,3.9996601444721285,0.18993029758187,0.539321770129751,0.534620293054628,62.0896433333333,248.19342666666668,AIELO DE MALFERIT
B03063369,TEXTILES SAN JORGE SL,3,C3,-1.1502277969180763,0.044117872835627396,2.0712312135079096,0.187980487145034,0.443403982371096,0.161944479104989,62.67448,174.1659725,BANYERES DE MARIOLA
B96296512,FUSTERIA SOYCA SL,1,C1,0.8352994108367616,0.3075198753396814,1.0506984608956889,0.294138637245894,0.510558581529929,0.376596950214603,28.344,11.5678325,ONTINYENT
B53373445,TUSSY XXI SL,2,C2,-0.1088346067700078,1.9152038962044555,0.8078083754748185,0.131657289585754,0.753724987519098,0.829244256820507,14.747097,26.04078,BANYERES DE MARIOLA
A53264008,BORDADOS VELASCO SAL,1,C1,1.6066036082267054,-1.8386415399081986,2.929153905351217,0.501144551406917,0.234438662175068,0.0903917373781154,41.1366736363636,23.08867454545455,COCENTAINA
B54523675,ETIQUETAS BOCHEVADA SL,2,C2,-1.3535116553717694,-0.3837749688702332,2.0717387586211156,0.194838153060686,0.622702377643378,0.21460139927026,95.111205,18.9305,MURO DE ALCOY
B54625249,TOP NIMBOS SL,1,C1,1.1079857117188994,0.43769361683612057,0.9548530346063733,0.332555929282489,0.375248495140011,0.363044858671083,43.6782383333333,25.65828833333333,COCENTAINA
B54598081,MUROTUB SL,2,C2,-1.84265647015934,-2.0439249668645494,3.5680057347161545,0.0997126230787744,0.716077429058983,0.0550239649110499,50.5940495,18.49487,MURO DE ALCOY
B53047544,GRANERO FORNITURAS SL,1,C1,2.525708989571427,2.375253397110369,0.25852803608871294,0.441146731462373,0.292928194726759,0.913345571465562,28.6816327272727,30.881753636363637,IBI
B03900255,GRAFICAS PAPERMURO SL,2,C2,0.2450268450642678,-1.4663526946622745,3.2358769108584,0.367646062047959,0.423981876121814,0.223039252344951,54.9218933333333,26.139535,MURO DE ALCOY
F03896263,CARPINTERIA CHORI COOP V,2,C2,-0.5417122984830934,-1.7226138463004776,2.9342762276635264,0.320301614069017,0.57833610342951,0.0209657154217732,58.9941525,33.3310775,BENIARRES
A03282829,RIMAI SA,1,C1,2.0694287600986074,-0.7869158523638047,2.1136136392884843,0.483074784713632,0.229273117110703,0.299255379932384,33.75733,8.472461538461538,ONIL
B98742430,NUTEXA INGREDIENTS SL.,3,C3,-0.6474020889698934,-0.5505094241203368,1.9197928867912122,0.175444920755808,0.276741496508209,0.0821035236785817,95.3695666666667,55.70210333333333,ONTINYENT
B96348123,TALLERES MECTOR SL,1,C1,1.0059732994164396,-0.6296089137193863,1.6149025701222348,0.343701602478445,0.314511922785792,0.140273582800206,41.3499642857143,37.24608714285714,ONTINYENT
B53349650,MUNDO PASTEL SL,1,C1,1.5504450012814641,1.2019385657242523,0.6282106529599704,0.340387594050312,0.331093399485304,0.553834625432134,35.14441,35.76452625,COCENTAINA
B46950820,TEJIDOS JVR SL,1,C1,1.382616348140208,3.1271645865338025,0.42952321187365977,0.358212708767213,0.580178993136281,1.1707986682179,32.1181066666667,30.3199675,ALBAIDA
B46103495,PLASTICOS CAPUCHINOS SL,1,C1,0.6958314930741545,-0.7585410768681672,2.140718861098391,0.37515251734256,0.332724493220118,0.215204017967804,67.726958,14.155815999999998,L'OLLERIA
B03136199,TALLERES MOVIA SL,2,C2,0.24483193319338523,-0.2523140563051154,1.5277218594882667,0.280356011366091,0.619662247503274,0.287936929335015,32.7008333333333,4.633221666666667,COCENTAINA
B03817509,TALLERES PEYMAC SL,2,C2,0.11733839520735795,-0.6732678158055363,1.9772335169464552,0.337238140192425,0.49498490395597,0.19033343529617,66.2363,13.1126525,IBI
B96087648,SUEÑOCOLOR SL,2,C2,-1.820682482002612,-1.5457787451722516,3.0899516376763265,0.128435475887798,0.656765473014599,0.0912081882251635,83.187295,2.56808,ALFARRASI
B53448064,METALIZADOS BERNABEU SL,2,C2,0.6321800125301058,-2.4598891949357444,4.049682627451814,0.398835778218024,0.147091561508044,0.0786309463456908,73.539204,18.949317999999998,IBI
A46126819,RIBETES COLOMER SA,1,C1,1.2771503918402556,1.7346866003655623,0.6422023876284899,0.323467801834628,0.532281708444591,0.772932824876727,23.1538644444444,19.59714888888889,BOCAIRENT
B54886791,BZO ENGOMADOS SL.,1,C1,0.7861331766403797,-1.725862488710872,3.3561679371136983,0.424138917038586,0.242400266585465,0.144399196784495,58.6559585714286,45.82946,COCENTAINA
B01842277,MEDITERRAN SOCKS SOCIEDAD LIMITADA.,3,C3,-0.6157710989341868,1.563567825156246,0.7441694667074091,0.261809991906565,0.428609698243307,0.228975481453119,42.0943471428571,284.6148842857143,EL PALOMAR
B06913800,MJI ART AND TECHNIQUE SL.,2,C2,1.1152194309481958,-2.296903717341795,3.666716990185237,0.443789671064282,0.350717599909531,0.13956024443631,29.2876009,6.1703980000000005,MURO DE ALCOY
B98409782,ROVIRA SALUD SL.,2,C2,-1.0145438131854936,-1.1488946159964555,2.1392900764759775,0.134552810462013,0.555237123715727,0.0107734330941412,55.85238,32.811795,ONTINYENT
B42593186,GBIBI INYECTADOS SL.,1,C1,0.2229616541670294,-0.21650121609733924,1.8914441801387418,0.283534746031191,0.270675956033812,0.187911683122152,58.6413783333333,106.26776166666667,IBI
B96222898,ACABADOS PLASTICOS OLLERIA SL,1,C1,1.0767474195177795,0.0822357129836602,1.0128735480148425,0.414057434793142,0.514404527519189,0.286476557910106,44.2160665,6.960296666666667,L'OLLERIA
B97094338,TEXFELPA S.L.,2,C2,-1.4707840294164307,-1.2263109967164383,1.9586123585482662,0.0999353468076248,0.803654127588252,-0.0123231694687827,38.4402845,9.675,ONTINYENT
B46439824,HIERROS FELETE SL,1,C1,1.0012433027070806,-0.3021847188278324,1.2071921019696379,0.371569161812584,0.402165248223544,0.176458876837905,47.4239566666667,18.121,ONTINYENT
B98504244,MEKA TROME SL.,1,C1,1.5709272144346846,-0.8456703394662753,2.0932515303399515,0.49872438804715,0.312641963416733,0.219070001935212,47.8706928571429,21.668294285714286,BENIGANIM
B97006555,TACOME L'OLLERIA SL,1,C1,2.527818953915766,2.46579126953063,0.3391674082055468,0.445040403414343,0.277621401266032,0.971806602164162,37.21845125,18.5287325,L'OLLERIA
B03516861,STILO TEX SL,1,C1,1.0692557443177102,1.1027462927624407,0.7827534465000691,0.335415113707465,0.483476623494948,0.531152066790341,28.43632375,48.85763125,COCENTAINA
B03892452,ORONIK S.L.,1,C1,1.5732807515725975,-0.37371359053543685,1.6425103378828891,0.549290305011838,0.307856348001021,0.241100975964943,71.795084,20.618318,IBI
B53514428,DISTRIBUCIONES Y REPRESENTACIONES SEMPERE SL,2,C2,-1.440988659115672,-0.8548233427115017,1.8875049282766638,0.119250016769534,0.754409078901277,0.0219028386534338,38.63397,57.24338,ONIL
B53076543,PEREZ TAMARIT SL,2,C2,0.27982963350791573,0.005663840692661294,1.3260964231015335,0.280390568148768,0.459760569634738,0.216554716222014,42.039324,66.08272,IBI
B96025176,DREAMPUNT SL,2,C2,-0.2792445135129323,-0.293281889609413,1.6210434535593299,0.194137047792229,0.653998846199511,0.253245080416688,26.487912,25.735402,AGULLENT
B03823937,THE DOLL FACTORY EUROPE SL,2,C2,-0.6540860724080747,-1.255509780830594,2.59478477591739,0.244822305748995,0.456593177838541,0.0130968005866802,57.77313,84.04526,ONIL
B03254919,TROQUELADOS NAVARRO SL,2,C2,-0.42759744000731065,-1.1590473236118952,2.6985719397957117,0.236543756374127,0.441495017245203,0.159872849381709,65.748375,25.891695,IBI
B46251666,CREACIONES TEXTILES LUCENA CANTOS SL,1,C1,0.9154981539264367,-0.5587886632941005,1.251261454995889,0.269168938350545,0.362297536109145,0.116011265022421,27.8103571428571,21.54203,ATZENETA D'ALBAIDA
B53365144,TOTEMPLAST SL,1,C1,1.7234271176507614,0.2031238531931926,0.8928691788971744,0.37955059844965,0.214972971432462,0.291505116350369,47.3847228571429,20.089457142857146,IBI
B03738994,PASATEX SL,1,C1,1.3385980532976993,-0.38027501223108195,1.3476233186252207,0.387736543449512,0.423392051780813,0.235536056973287,28.8470477777778,8.48683888888889,L'ALQUERIA D'ASNAR
B46555694,SERIPRINT SL,1,C1,0.8554062368784913,2.0986382667001298,0.5006147873053031,0.285489661733198,0.467017756295375,0.761380932895757,42.1512198333333,57.83587166666666,ONTINYENT
B53920641,ETIQUETAJES LEVANTE SL,3,C3,-1.3669597677270688,-0.06289657199980112,2.7864342500690364,0.260159485275549,0.272089749075107,0.0992165185837645,81.0948525,279.1572325,BANYERES DE MARIOLA
B54761846,METUL SISTEM 14 SL.,1,C1,1.8566566053186437,-1.1483348562277402,2.296890362777715,0.520682959881526,0.280114498855563,0.206711713324185,42.5852475,5.957255,CASTALLA
B02879815,DAVID BLASCO SL.,2,C2,0.1731263649832184,-1.9147258917771426,3.0380161487047554,0.316234283642589,0.394262242188235,0.023896774755802,45.2052983333333,31.422071666666668,BENIMARFULL
B03972148,TEXMAFER SL,2,C2,-1.3147663848336413,-1.051299007082904,2.739172065570129,0.132900374857186,0.745624969419997,0.240375189615526,46.2404145,3.44373,BANYERES DE MARIOLA
B96373485,SILLAS JUALMI SL,2,C2,0.03898394489710182,-0.7451256600015981,2.206729342833538,0.241749594816649,0.560696844783978,0.257448811595273,28.4571766666667,20.183885,L'OLLERIA
B10535946,LACADOS Y ARENADOS GALVAÑ SL.,1,C1,1.5806955266271348,-1.1061435056235167,2.094559692347353,0.420922082468175,0.236720878944952,0.155988173023973,40.986512375,10.65169375,CASTALLA
B13709100,IBI COATING SL.,1,C1,2.9522435724860694,-0.7219006403125946,0.4957838242338954,0.523867549665199,0.178519389130244,-0.011098259189858,15.1244066666667,5.690592857142857,IBI
B46294807,CALZADOS LUCHENTE SL,1,C1,0.9555804800737008,0.954614222929577,0.715698978589905,0.291121405058554,0.454428058924643,0.48447928091873,35.0497971428571,27.80400857142857,LLUTXENT
B44986073,ALEMAR MUÑOZ PLASTIC SL.,2,C2,-0.15539793127436333,-2.6141250026565674,4.352979446322233,0.228775377565296,0.273388367140475,0.115685614883226,52.27107975,9.6105375,IBI
B96231782,CERRAJERIA CALABUIG SL,1,C1,1.5315805358229277,-1.3350269241817079,2.3083564237629237,0.514146759217818,0.387482926128956,0.138621205123008,38.081145,8.212735,ONTINYENT
B53249090,CREACIONES MARIOLA SL,1,C1,1.749209112120299,-0.19022350346580813,1.2294984866419805,0.409477229571491,0.322637235792652,0.289286418125548,33.65404375,1.43780125,BANYERES DE MARIOLA
B06837470,INTAP DESIGN SOCIEDAD LIMITADA.,1,C1,1.5480979836080788,1.101277066561052,0.49100521345681847,0.480031601235268,0.245829982180991,0.360708834730831,69.481793,86.61512,ONTINYENT
B96075650,BORDADOS REGISOL SL,2,C2,0.8423866177601601,-1.929798989816523,3.0161665191674754,0.387320185524524,0.404662874942898,0.099418349988765,31.87442625,3.107,ONTINYENT
B98530579,SENMARELI SOCIEDAD LIMITADA.,1,C1,3.771356790990144,0.4426686178369861,0.4640691783723402,0.672998884634993,0.150004899143706,0.38822519156243,22.9779811764706,10.462517647058823,BELLUS
B53015087,JOYCLI S.L.,2,C2,-0.33687868616852157,0.1531890048030866,1.4913472556982161,0.22584570161646,0.619319142020612,0.331025243372798,48.5080166666667,32.99931,IBI
F98581143,IMPRESSIONAT GRAFICS 2014 S.COOP.V,2,C2,-0.6591895357704389,-1.6304267273211017,3.2761586981183966,0.178467658979145,0.538367532112182,0.165344750545209,34.783,30.721463999999997,ONTINYENT
B96745781,BORDERA TEIXITS SL,2,C2,-0.03834050915945497,-0.3712202741766907,1.7793116278015957,0.23420221122134,0.496441006334307,0.221384005651373,41.9107075,44.5772425,ONTINYENT
B54487491,PRODUCTOS METALICOS DE IBI SL.,1,C1,2.1997528129469517,1.0479253603332936,0.6119181474682346,0.4672076024526,0.361326321558327,0.56238106187085,30.3508111111111,13.680579999999999,IBI
B97902001,METALPRATS GERMANS SL,2,C2,-0.2637053779167968,-0.4056100401122026,2.0480224047025453,0.218693031966288,0.582826338138384,0.301007933075037,40.3410775,24.993785,BENICOLET
B03066925,VIPAR SL,1,C1,4.500563263875222,1.2830806151678003,0.2138886750301851,0.776373789960161,0.0940388467998681,0.63495872592077,29.8096330769231,7.041536923076923,ONIL
B96711411,CARROSSERIES ONTINYENT SL,1,C1,1.4081836373094134,-1.0412672442234117,1.9627892952066668,0.43441467162265,0.379451061257166,0.164802108296158,34.3530485714286,1.93646,ONTINYENT
B97169999,UMBRITEX SL,2,C2,0.007130878301417987,-1.037241114014208,1.9260521949213725,0.268233752880029,0.635967809187363,0.114638676042696,28.0431078,5.160022,AIELO DE MALFERIT
B53611075,SOPLADOS LUCAS SL,2,C2,0.24474215318681167,-1.1443255847473286,2.3075999021943616,0.208393095974118,0.424732048453074,0.175599016619887,32.7628958,1.0596299999999998,TIBI
B67957043,ESTILMARBRE PROJECTES SL,1,C1,0.9745301619317654,-1.561144383678342,2.5485743248172557,0.410978101946147,0.352121765784253,0.0817138777616839,43.6690533333333,14.78107,COCENTAINA
B54300074,TALLERES HIVERMOLD SL,1,C1,0.5330874496611913,-0.9272513669419016,2.448063547624824,0.416887192997912,0.393122341211126,0.215802179971286,71.85317225,18.265355,IBI
B83064527,DAURELA SL,2,C2,-0.12604288456429438,-0.07368555093395604,1.4452737511110647,0.175565195687483,0.668028573844666,0.329372722167721,20.92593,5.897488,ONTINYENT
B53033775,ACOMUR ACOLCHADOS SL,1,C1,0.5346894278755087,1.117391673149637,0.8776452542443478,0.26731074514251,0.543245660803163,0.52231223402278,26.5215366666667,62.30306166666667,MURO DE ALCOY
B53596870,TALLER DE MATRICERIA KAYMI SL,2,C2,0.5231563367975741,-1.3710435308296123,2.68144880550695,0.349551654996784,0.307011275436162,0.102979015980136,53.55503,43.855462,IBI
B53161576,TECNIFORRO SL,2,C2,-0.15377106346687944,1.6027666190542607,0.776566617164935,0.15992183671545,0.738232267403997,0.720184540287903,30.35981,9.05518,MURO DE ALCOY
B97302004,ONTIMOVE SL,1,C1,1.089781416550377,1.01660882997287,0.9448642681945225,0.331079816823779,0.501027643646577,0.599810224420771,35.894406,6.034782,ONTINYENT
B96581277,TEX SANTA SL,2,C2,-0.44507124775541856,-0.5551659880673798,1.8852009010846964,0.246606793078726,0.445663251311071,0.0711311462462792,58.4209333333333,93.33494999999999,ALBAIDA
B54013073,INTERFRELIMA PSJ S.L.,3,C3,0.045853022529931974,1.0590337595467099,0.9675486166754066,0.366688144806772,0.287969765672832,0.251329907835761,87.8960633333333,171.55849333333333,IBI
B97215008,CARPINTERIA METALICA ALMENARA SRL LABORAL,1,C1,1.0360543119478292,0.10640444571176338,1.12052630287036,0.34224449316656,0.489911873141831,0.33110008460523,29.9833348333333,10.817451666666665,BENISSODA
B03263423,CONSTRUCCIONES MECANICAS DUPRA SL,1,C1,1.854653631900825,-0.6896806996448953,1.4683682737906933,0.477819602374588,0.323956815245727,0.172752172753978,36.0168125,4.93021875,CASTALLA
B97076921,CARROSSES EL LLOMBO SL,1,C1,1.0580831793548175,-0.9528250214908428,1.8945584348540474,0.373042009088045,0.145718042000569,0.0226549389231321,58.1686483333333,70.74853666666667,ONTINYENT
B53009528,METALICAS ONIL SL,2,C2,0.06451258486137201,-1.4447125501665299,2.5090262276655895,0.278110465279911,0.537562192131155,0.0991486066668836,32.281236,13.42774,ONIL
B54253398,LAYCER ELECTROTECNICA SL,2,C2,-0.08892380492476248,-0.40322290816946127,1.799233943583637,0.271512320114136,0.495219206656431,0.207321877167432,57.8860363333333,35.397483333333334,IBI
B03060555,MUÑECAS BERBESA SL,2,C2,-0.4371932355993218,-1.2361730621101215,2.2501981703731664,0.237680850922601,0.564214555642678,0.0343120195233873,41.8939266666667,40.85566,ONIL
B03427697,MOLDEADOS ROCA SL,1,C1,0.9761906214940393,1.5596101122393302,0.7104868299634111,0.337480002400781,0.445965723431389,0.679994522925389,60.3525266666667,12.98306,IBI
B54892799,H&M INDUSTRIA AUXILIAR Y ACABADOS DE ONIL SL.,3,C3,-5.225812203709042,4.433526432329902,1.0663534105031107,0.0622889334743334,0.61713463846984,0.559898598473731,178.91422,528.73273,ONIL
B53693438,ENGEPUNT SL,1,C1,1.5161308051244218,-0.9692395441491756,1.7547001675001392,0.494679505640578,0.399343983694855,0.0893717022701784,28.9675688888889,40.62547,BANYERES DE MARIOLA
B96518154,CRIMADER SL,1,C1,2.001835179268204,-0.013616089516641816,1.0152967898499394,0.435053546873358,0.34534146826209,0.311560811941736,22.80388,7.407134999999999,L'OLLERIA
B98165582,CARPINTERIA METALICA BENIMETAL SOCIEDAD LIMITADA,1,C1,1.2030559391648175,-1.1933110948253347,2.0963441890949075,0.45402415172758,0.459775790239349,0.125600804242938,30.239325,14.229686666666666,ALBAIDA
B96741947,JESANPUNT SL,1,C1,0.7501992598067373,0.029310197316421493,1.0021453428539848,0.371872877107333,0.484556059698011,0.241642809431687,59.2898266666667,2.1888,AGULLENT
B54997499,DESUCRE OBRADOR SL.,2,C2,0.6014269983989554,-2.712302698336231,4.098964399073994,0.347605962284861,0.367532349183725,0.0879806346988595,21.7314377777778,10.399826666666666,COCENTAINA
B40580698,MECANIZADOS Y MANTENIMIENTOS LA VALL SL.,1,C1,1.8733775085351008,-0.6324380721766687,1.4064237637118249,0.471967054252982,0.276924490777212,0.151533085719676,37.623577,19.834712857142854,ALBAIDA
B98818214,GRAMAGE TEXTIL SOCIEDAD LIMITADA.,1,C1,1.7453376580746893,-2.87014577651606,4.185796464033223,0.537065868641211,0.159438753526054,0.0570431972208593,32.805087,24.04751,ONTINYENT
B54819446,TALLERES MAQBOX SL.,1,C1,1.1391431066298998,-0.14214380704072227,0.9247945644752492,0.232335941525827,0.202921077299018,0.174941740527894,43.3828133333333,14.26999,CASTALLA
B98281355,IMPRIMINT LA VALL SOCIEDAD LIMITADA,1,C1,1.9539687191430357,-0.3846103011750515,1.0647296027286244,0.492031788271242,0.345923528712854,0.159193340292983,29.5092855555556,25.22015,AGULLENT
B54063946,FORJAMURO 2001 SL,1,C1,2.433582427423412,-2.145204662401879,2.89194533174875,0.622169134406623,0.228147267785803,0.0532113046575242,27.5874049,4.724939,MURO DE ALCOY
A03093325,MECANICA Y DISEÑO SA,1,C1,2.852265400504863,0.34602436941049014,1.214481235252066,0.621700891965653,0.235511378120924,0.480433952353007,42.3640328571429,10.549437142857142,IBI
B54781471,TEXVICO SERVICIOS TEXTILES SL.,1,C1,1.0918849518881937,-0.37964561366035354,1.0403779230816483,0.352854961555914,0.530831817920285,0.157624522432737,14.03526,18.640556363636364,COCENTAINA
B40528598,DOSGRAFIC ONTINYENT SOCIEDAD LIMITADA.,2,C2,-0.41613028334990465,-0.28741652629383985,3.859638184946235,0.169506979398802,0.475163445212897,0.760883368879821,39.860398,32.624862,ONTINYENT
B53178018,FUNCERDA SL,1,C1,1.8615608343051295,0.21081881574149722,0.9715085962070119,0.412934839453878,0.289786555795496,0.349681761283527,38.062162,8.534524000000001,CASTALLA
B44851228,WATAFIL SL.,1,C1,0.44495413830288205,1.2131513118471073,1.703003030270634,0.258665094093381,0.180280089827274,0.505288338466716,38.079014,205.31566800000002,ONTINYENT
F03358835,GRAFISTEC SODAD COOP VALENCIANA LTDA,1,C1,0.47785407509346195,1.3198086092684584,1.0339029059034714,0.33156097095619,0.539481516861645,0.530720877155842,27.180455,122.97098999999999,CASTALLA
B54355698,RUT & GEM SL,1,C1,1.714628942215186,-1.7801164900645172,2.5347149012130634,0.473792899962716,0.297291927568368,0.0545049428339801,22.263347,16.496008,CASTALLA
B97296404,PRENVES PLASTICS SL,1,C1,0.8829679182656867,-1.3668326356948117,2.7983654568930647,0.52121687499139,0.366503127262239,0.144642311397386,70.36508,31.43771,ONTINYENT
B03332616,MAYANS SELECCIO SL,1,C1,0.8062166881431236,-1.4218191884800973,2.0756908980249116,0.362423247289461,0.336102390030242,-0.000169587062293173,48.9695875,15.756965,MURO DE ALCOY
B54847173,HR-TEC ACABADOS SL.,1,C1,2.070971381837694,-1.1094582694243331,2.2518408351048094,0.466437926058032,0.15431916366495,0.219326929519683,38.5270728571429,6.135624285714286,CASTALLA
B96525530,PROGRAMAS Y DISEÑO PARA EL BORDADO SL,1,C1,2.202127735940214,-1.1878529817133383,2.6592831414601115,0.566960261788577,0.197405714510524,0.266529652490398,38.4041857142857,25.57144,MONTAVERNER
B06954622,CESTERIA APARICI SOCIEDAD LIMITADA.,1,C1,0.68152237370664,1.0287356460268657,0.6377019990644092,0.205744668995103,0.339502112716631,0.427426999314197,41.163673,55.48212,AIELO DE MALFERIT
F16734170,VEGATEX COOP.V.,3,C3,-2.264854897762246,-0.7629217203905264,3.814097257018136,0.134380005051655,0.323958536651147,0.383511888021728,172.45212,10.04634,BUFALI
B54690482,PINTATOTAL ONIL SL.,1,C1,0.7931513652952852,-0.24116535877876455,1.5345209901063104,0.230939119646637,0.309171715086743,0.271869236726006,34.68214,25.59471,IBI
B40528770,NOU RAYPE BENISSODA SL.,1,C1,1.6938708208834623,0.029548106397108285,0.961403437852892,0.420144130073293,0.357857132748554,0.279602327649914,34.4366881666667,12.328271666666666,BENISSODA
B03221561,BERSAL SL,1,C1,0.9382435754361508,-0.7406036434257225,2.186754591550655,0.38860579090867,0.420913371151168,0.278708019941587,40.915692,13.300514000000002,IBI
B42700971,QUADIBO SYSTEMS SL.,2,C2,-0.4412450531456954,-0.7107505395903445,1.8305616518400394,0.227366282133912,0.639757803688475,0.136880964155182,40.8187833333333,26.187236666666667,CASTALLA
B42516443,VINUESA VALLAS Y CERCADOS SL.,2,C2,-0.9407146734801124,-0.4644325489463921,1.8845617540628994,0.160222858669658,0.745233583866812,0.223959430596427,37.143225,25.15083,IBI
B03444403,DULCES RICO SL,1,C1,1.3172423008827217,-0.9456753520697261,1.6237710663291565,0.449926030864174,0.414385080584705,0.0907253293416017,37.567572,13.219937999999999,CASTALLA
B54321138,MOLDES TEIXERETA SL,1,C1,3.063219662208453,0.592803613944109,0.6560353561199047,0.69419615278722,0.187452761306496,0.368739614149192,52.786865,44.70574466666667,IBI
B03138302,FRANCISCO LEAL VIDAL SL,1,C1,1.532171967739598,0.81847392829886,0.7576776902051121,0.44590944589124,0.333434939925508,0.373235844032699,41.6542518,82.07376000000001,CASTALLA
B96605720,ARTPI RUSTIC SL,3,C3,-3.61101173794523,3.142073174205693,0.9017967203847165,0.195253247652544,0.389128950666142,0.309250725587687,184.6635,413.17477,L'OLLERIA
B96603006,JORDA CONFECCIONES SOCIEDAD LIMITADA.,1,C1,2.333164642153461,-3.108264722415289,4.228096459194883,0.645831367299598,0.166387127315736,0.028803239344181,23.8938425,17.925090833333332,ONTINYENT
B54771886,INVENTOS DE DISEÑO SL.,2,C2,-0.30184585808947956,-1.7334925205279081,2.76413163463013,0.18068947722919,0.434281073253518,0.0498352112326306,46.09947,0.7063833333333333,IBI
B03122462,CARPINTERIA LA IBENSE SL,2,C2,-0.4945435970808088,-1.6866398111260925,3.502184219117885,0.265315001574004,0.575920203967618,0.209655491057437,40.9846596666667,24.32916,IBI
A46389482,ONDUMAQUINAS SA,2,C2,-0.6145021471485799,-0.8508112219588178,2.0519951864426216,0.228406728179057,0.566648839328172,0.136162457141374,70.06781,1.632335,ONTINYENT
B98717093,TRENZADOS ALBERT CORDONES SOCIEDAD LIMITADA.,2,C2,0.6869639502281494,-0.4466400473763278,1.8406800268341885,0.243420026229529,0.466956241453694,0.333284344170222,20.060946,0.6597660000000001,ALBAIDA
B96104831,BORDADOS TORMO SL,1,C1,2.1639943592254434,0.10082416833634206,0.88761081018574,0.409600695135403,0.243745616372873,0.311222591332489,24.60756,13.72781,ALBAIDA
B98721103,TORMO TUB SL.,3,C3,-2.5515920961012712,1.0207257684838102,1.887984017474611,0.172548005438611,0.455227238750593,0.424664038730413,201.35235,44.03637,BOCAIRENT
B03901634,MATRICERIA IBENSE SL,2,C2,-0.43850506299703157,-0.8945318513560122,2.2415316760513284,0.241620874884832,0.514368518250431,0.112346327119353,50.8278366666667,55.78871,IBI
B97711956,RUBEN FRANCES SOCIEDAD LIMITADA.,3,C3,-0.2719408266169741,2.078138755383667,0.6969348856256246,0.30012722874378,0.365107067570447,0.5053044758612,85.55069,184.11816,RAFOL DE SALEM
B54739800,SERVICIOS INTEGRALES DE IMPRESION DIGITAL Y CORTE SL.,3,C3,-2.448900059441751,2.5504613034035253,1.1149847966107853,0.352066440726259,0.343665413939709,0.386494496688942,203.20877,279.72551,IBI
B03419157,GOMEZ SOLA SL,1,C1,2.84854842453962,0.2335823339295734,0.44383506001728606,0.542943675446651,0.0807467560866715,0.238583741426061,54.7322375,9.3479325,CASTALLA
B02912772,BETONWIN SMART CONSTRUCTION SOCIEDAD LIMITADA.,1,C1,0.7321246000626807,-0.2526478999278312,1.1191139389596667,0.290057405168966,0.41824074404997,0.182008503457769,43.8140825,8.692275,LA POBLA DEL DUC
B53092383,ECOPLAST MATRICERIA SL,1,C1,3.0557673797105127,1.0783718959146564,0.3477933958392797,0.637784560167459,0.111206245792353,0.388740445216824,41.1646128571429,97.96824285714285,ONIL
B97955710,BRILLONTEX SL,2,C2,-1.5348454289995135,-0.15882022386101555,1.671350903439572,0.0861828507478511,0.780451219105543,0.191524917257921,38.219159,64.9657,AGULLENT
B53258422,METALES CLOVAN S.L.,2,C2,-0.12793477152901622,1.3819714423327145,0.9609630476007944,0.193043342505756,0.647687628002852,0.66284723868098,49.33527,10.183635,MURO DE ALCOY
B96366877,TEJIDOS VALE SL,1,C1,1.0177858224038534,0.5073680566670693,0.8774211381123883,0.308826782989199,0.449160743281589,0.374861936645883,28.548002,32.491738,EL PALOMAR
B10616555,DUKA BAG SL.,1,C1,2.3887978661249316,0.007654491674322477,1.2596490868647396,0.535273177940634,0.35748347807468,0.388267011052672,20.64031,11.639861666666667,L'OLLERIA
B53274098,JUGUETES DYAL SL,2,C2,-0.268657786704521,-0.638391868031286,2.00401991252214,0.267312006118393,0.628559660573636,0.23164414190965,50.3737445,4.216815,TIBI
B98818982,INNOVACIONES FERRE 2016 SL.,1,C1,1.0373278818132758,0.38724688596947604,0.8137757293959604,0.331680294363062,0.430002505315442,0.338865765060621,45.49612,5.921873333333333,BOCAIRENT
B54079413,BERSIL INYECCION Y SOPLADO SL,1,C1,0.8774691949901029,-0.5207893716976385,1.7044802053853862,0.33732242222098,0.349344241098925,0.188882467316851,39.9744475,42.2388325,TIBI
B54411996,MITE PRECINTOS IMPRESOS SL,2,C2,-0.47537594611196715,-0.5416902641688761,2.316677671372676,0.179857140410309,0.570516819630931,0.31328763343577,42.007545,22.780865,BANYERES DE MARIOLA
B98145592,BRODAT-D'OR SL,1,C1,3.4239496881675113,-0.26745828527635457,0.9601180954373791,0.673332396861597,0.237033696669579,0.276121146058638,19.36933,0.7263783333333333,ALBAIDA
B03313426,BENALCO SL,1,C1,3.874793507496882,-0.7454618305450509,0.7702881261819624,0.692802223996487,0.019733517860855,0.051615014556517,28.171854,11.566464,ALCOCER DE PLANES
B98561772,CANALVAL L'OLLERIA SL.,1,C1,2.081003163080555,-1.6212548489140268,2.3032420319800586,0.552510200070837,0.265147775694108,0.067935244740103,35.0347333333333,4.169261666666666,L'OLLERIA
B53573556,PASTISSERIA MERCEDES SL,1,C1,2.2300258024922055,-1.2900963654508277,1.8057766796258286,0.572719936002805,0.299795976730844,0.0602654116227857,30.5540571428571,11.510084285714285,CASTALLA
B54978812,MOLDES GARCIA UCLES SL.,1,C1,0.8723659874468922,-0.8317920968598281,1.8424489905474004,0.369688921408481,0.304292398074362,0.0973029092897406,51.277305,44.6269625,IBI
B53105623,ABELJOY SL,1,C1,1.9077003082239798,-2.189545980495643,3.213641969313319,0.549688687236654,0.278878794249557,0.0774579724158391,21.3397871428571,22.955062857142856,ONIL
B53419941,PANADERIA HEMA SL,1,C1,1.91147507848701,-1.491093614879917,2.263910255066194,0.505090424941164,0.334602172101655,0.116317970531526,22.6606825,2.53651375,COCENTAINA
B96324132,JORGE BORONAT TEJADA SL,2,C2,0.1262729439531034,-0.9229204685590872,1.7883679075751318,0.279460535147449,0.587864692372315,0.113479865198487,34.587953,6.195426666666666,BENISSODA
B03507084,GUIBESOL SL,1,C1,1.1740553439160737,-0.48099886105275935,1.3726259896666386,0.38799903554956,0.525275193521078,0.223562717785747,21.6541383333333,1.5107949999999999,COCENTAINA
B06914022,VABERTEX ENCONADOS SL.,2,C2,0.04385157735745488,-1.168221566652393,2.4927519047025846,0.310747795404472,0.333234259878813,0.0824329617292029,70.285625,47.312255,BANYERES DE MARIOLA
B54620968,MANUFACTURAS Y TRANSFORMADOS LUZ SL.,1,C1,2.2359930671010937,0.034563442300121594,0.8246557635395131,0.467680112116042,0.200180596459761,0.202957481833077,27.6240155714286,57.3157,TIBI
B54659578,CERDA TEXTIL SL.,1,C1,1.2844298317549223,4.447058306751866,0.3434200994356697,0.250819195430998,0.603627906146921,1.61418024771297,23.75489,25.1051325,BANYERES DE MARIOLA
B96720354,SUCH IMPRESORES SL,3,C3,-1.3502771530511541,0.2627302796079049,1.4973467743074995,0.264312364400575,0.547905531275308,0.176167305790265,119.66015,73.78476,L'OLLERIA
B03872207,TALLERES SATORRE SL,1,C1,1.0914989027742987,-1.925311590152727,3.376670885180087,0.428199248847481,0.310503952912235,0.165056103874321,36.0103278,19.071348,MURO DE ALCOY
B53474987,DURA CARTONAJES FOTOGRAFICOS SL,1,C1,2.055516870438202,0.07937053605036844,0.8475268012273437,0.456115810018508,0.339933662763906,0.2975576149942,28.83835,6.792852000000001,CASTALLA
B96668330,CERAMICAS HNOS FENOLLAR PLA SL,1,C1,3.023857219630257,0.48722233134338255,0.5770666477664811,0.636737772497747,0.194910128171412,0.370135391981203,50.34392,9.971408,RAFOL DE SALEM
B03738259,LAPEÑA Y VALERO SL,2,C2,0.9441971366370314,-0.9975979562723304,1.8355348995706724,0.363144051036317,0.506730840688264,0.150397984278346,22.215354,1.7579239999999998,IBI
B03960036,TALLERES RAYPI SL,1,C1,1.5269048888336842,-0.03612344333124356,1.2947827856593526,0.454472196755512,0.434149442829215,0.303358091828301,27.615936,37.077116000000004,IBI
B98528169,CARPINTERIA METALICA ALU-VALL SL.,2,C2,0.20785346952680014,-2.366742881338099,3.6315515582847118,0.342502103888954,0.508038440978264,0.0845540090975977,30.351825,0.839065,ONTINYENT
B97809990,NOU PERFIL 21 ALUMINIS SL,2,C2,-1.4887176342592177,-2.6156164957431525,3.993399446342674,0.169796865433456,0.721217689572716,-0.00598840603382139,36.30226,19.16951,MONTAVERNER
B03868064,PINTURA INDUSTRIAL RICO SL,1,C1,3.3382772937411276,0.3224333494164823,0.7155758162568454,0.677919547252405,0.105603172007828,0.352309238656504,55.60441725,8.86721,CASTALLA
B53012134,MECANIZADOS TORTOSA SL,1,C1,2.957139306888469,2.3892951186198834,0.45041752745824304,0.650020850104289,0.34729814450961,0.939416173978182,41.1866631666667,47.209048333333335,IBI
B06848642,TALLERES AGULLENT SL.,2,C2,0.23244989071065428,-1.6575468306566417,2.681901659140853,0.324034479445228,0.470849916026423,0.0701899961912111,45.50025,4.692873333333334,AGULLENT
B40591281,TEXALEXPORT TEXTIL 2019 SOCIEDAD LIMITADA.,2,C2,-0.22243336947838474,-1.278736797621919,4.080768628587494,0.265390636918849,0.687872715124895,0.565663699040334,10.674938,7.4945520000000005,ONTINYENT
B42548420,MECANIZADOS IBI SL.,3,C3,-2.652350115015264,2.872210925060349,0.858142433600912,0.281404995573291,0.649730113331865,0.461542044981373,134.02278,317.68542,IBI
B54608096,CHENIBEN SL.,2,C2,-0.12261115286669426,-1.6212033716036969,3.7359653738049325,0.317917586759418,0.176214546077302,0.0404045976339465,46.8977666666667,181.31456666666668,BENIARRES
B96747324,IMPRENTA SIMO SL,2,C2,0.9233316672023617,-1.7685521427766846,2.920847923284864,0.358339098246153,0.355769137215589,0.119644361668991,25.9227133333333,16.57688166666667,ALBAIDA
B54018098,RIESPATEX SL,2,C2,-0.8136442253813857,-1.0773703940872599,2.1696795443414487,0.14182093683828,0.725912013850295,0.128947023853608,23.37618,10.98821,BANYERES DE MARIOLA
B96233457,MARMOLES ONTINYENT SOCIEDAD LIMITADA,1,C1,1.244537908706079,-1.1096159525998435,1.8226302906755998,0.430824296532873,0.412293018237488,0.089158962632169,34.84082225,9.9517175,ONTINYENT
B98277940,SOLO BORRAS SL,1,C1,2.7722223453965436,1.2698903410173006,0.9159505691931978,0.706815099890405,0.389382671755356,0.664842460462237,42.9126516666667,46.51687666666667,AIELO DE MALFERIT
B98698145,PRINTKEA IMPRESION Y ROTULACION SL.,1,C1,2.218643427868421,-0.6155463288755144,1.56992986268926,0.502583398101711,0.241260258668184,0.23321128885318,34.997182,6.331312,ONTINYENT
B44993616,SHT VIDRIOGROUP SOCIEDAD LIMITADA.,2,C2,-1.1003506575042974,-1.9217104097778506,2.9689155970712235,0.138620460063873,0.737098895650239,0.0350904719963658,23.421895,4.834505,ONTINYENT
B54874003,MON DEL NUGOL SL.,2,C2,-0.8849815199154225,-0.010207955019620735,3.2139210509191964,0.169562963466159,0.539943455028275,0.630259419004058,58.701335,50.789715,ONIL
B97691505,TEXTIGEN SL,2,C2,-0.2569171266258237,-0.643671555702358,2.075616798168333,0.183402898686357,0.518715250537761,0.220532383838714,36.642225,31.424455,COCENTAINA
B42566844,R. J. SANCHIS MODELOS SL.,3,C3,-0.9345839520335357,-1.4231689376115457,2.848397370773901,0.406339710255688,0.473926097700571,-0.0171361825382796,124.61846,45.05136,IBI
B46185443,GRAFICAS OLLERIA SL,2,C2,0.28160775568293894,-0.6164926181324869,1.6769056095106332,0.277572665573347,0.54741193688027,0.174073623437585,30.4481163333333,23.200976666666666,L'OLLERIA
B53184537,MARMOLES Y DECORACION ESTILO M-30 SL,1,C1,0.3970152838445156,0.8612338795110197,0.7771758589469089,0.260521739785011,0.519250626213297,0.418698359491105,42.919475,40.473825,CASTALLA
B97938179,TEXTILES SANTEX SL,1,C1,4.503299622435183,-0.28062791132575615,0.3917507236756372,0.787077529909397,0.0578134332222142,0.166130927702951,20.4603890909091,2.04096,ONTINYENT
B96046925,PLASTICOS LINARES SL,2,C2,-0.44780889096277027,-0.9199237485585421,2.1530976625978084,0.207624168744619,0.507932219427508,0.111438410378303,50.590675,37.133415,BELLUS
B96470901,FUSTERIA I MOBLES NALSANZ SL,1,C1,1.4230351268416241,-0.5187908531958687,1.5602816576151162,0.380714342745513,0.323655222543295,0.216821630358759,31.6646398,21.670496,AIELO DE MALFERIT
B01821115,DELENZO LINEN FROM EUROPE SL.,2,C2,-0.06781863019602612,-1.3799221875287864,2.3537522445354107,0.198477263453184,0.441910086421688,0.0768958878408523,40.798925,6.5057,COCENTAINA
B03987740,TEJIDOS VILANOVA S.L.,1,C1,2.5371808365710935,0.13231993880454185,1.4348369505981973,0.490490012313452,0.0523143379332544,0.369580430474497,35.469524,65.149202,MURO DE ALCOY
A46068581,DESSIGRAF SA,1,C1,2.2223680959472287,1.8210859358527793,0.58465049158519,0.53608197323419,0.364318299372691,0.712737173915812,32.69333,79.65424,ONTINYENT
B96909122,TEXTILES AETEX SL.,1,C1,3.7655298794531644,0.16572242695216952,0.4327722740685697,0.664489205733034,0.0173265578502404,0.225159509164293,30.6627871428571,41.565662857142854,AIELO DE MALFERIT
B54892989,IMPRESIONES SIMON SL,1,C1,2.8972926505573864,-2.031060196320049,2.7922067631139256,0.656965425247579,0.056926919866441,0.0643296528575169,42.11683,3.645884,ONIL
B53080594,FUSNIL SL,1,C1,0.5098207677059622,1.6264148767866018,0.6351176995983441,0.20002649447673,0.602748273106723,0.726769007194132,28.757935,3.09894,ONIL
B54737564,AUXILIAR MAPEL SL.,1,C1,2.9784576994706713,1.49996323123657,0.38527483679405833,0.571590833849767,0.255872713097981,0.657758232896402,30.578953,32.23186166666667,IBI
B54637715,BEST BREATHE COMPANY SL.,1,C1,2.058828400728106,0.3493800605578383,0.7327343483165839,0.472721030666932,0.256973629403263,0.278732286125654,35.5584175,53.093615,ONIL
B54396528,BATACHAP SL,1,C1,1.5863377054215162,-1.2636617460680863,1.811550854603726,0.432877466050519,0.367226214578153,0.0727304928133212,24.011268,1.567744,IBI
B54541727,DORADOS DE IBI SL,1,C1,0.9292467017012107,-0.4651424033590109,1.2062234720572218,0.34017762055241,0.432547481917829,0.139643545430488,37.9676066666667,12.626130000000002,IBI
B96215702,ARLIMPLAST SL,1,C1,1.3788663251397582,-0.1282885025959909,1.839664897164332,0.410476353509322,0.260832734120507,0.352503542935119,46.1582963333333,49.180823333333336,ALBAIDA
B96416516,GRAFICAS TORMO LIT SL,1,C1,1.4169560829387915,-1.1398500011355006,1.8028114286876227,0.432967101263351,0.381809893572749,0.0953384426476385,33.373215,1.2140525,ONTINYENT
B54840350,SISTEMAS METALICOS EL COMTAT SL,1,C1,1.3357929493910954,-0.8385840884708617,1.5446821428246762,0.391246259563913,0.411820845152531,0.136689598506101,26.31262,4.5438375,COCENTAINA
B96519715,JOAN ROSES SL,3,C3,-0.03250610669245177,0.20131849242389796,2.1814446717755325,0.322679116572527,0.317742616587419,0.259498957663516,44.3631233333333,202.23650333333333,ALFARRASI
B81350282,MARDAN INTERMEDIARIOS S.L.,1,C1,0.42742935871505655,1.01801255050803,1.407315092325434,0.310932112746173,0.50013327580768,0.599004050579402,51.175705,50.42355,GAIANES
B03955481,TERMO-ART SL,1,C1,1.1451907165014437,1.0169092950621708,0.7248065487810523,0.235912142379221,0.393542842506372,0.556282507086325,28.23592,6.161936666666667,MURO DE ALCOY
B53300497,JOSE JUAN RICO E HIJOS S.L.,1,C1,1.9209834378144788,1.0158706133417095,0.690393952672851,0.446105396889779,0.46032855426811,0.570774362386407,22.394512,14.807607999999998,CASTALLA
B54655733,ECOSPAIN MEDITERRANEA INGENIERIA DEL CONFORT SL,2,C2,0.5530187144063544,-0.8556581248774725,1.627877735861756,0.293064100617847,0.512127673692211,0.1107298266588,25.132343,14.407266666666667,MURO DE ALCOY
B54029913,BALLESTER MERINO SL,1,C1,2.8536428890852212,0.2863493011827481,0.545177862427003,0.530332575184849,0.16431740039428,0.314776487852357,38.339675,2.42175,BANYERES DE MARIOLA
B53612339,CASA GRIM S.L.,1,C1,0.9608526746931912,0.7262420276735193,0.7463311503926412,0.339192534251749,0.520146902092868,0.439921399558907,39.580575,8.67753,COCENTAINA
B72506819,ARTESANIAS SUCH SL.,1,C1,0.6853417198068182,1.0051048718227744,1.3379602503919135,0.222600553249107,0.485620562883777,0.67790094126382,29.42942,10.257056666666667,L'OLLERIA
B73901480,INDUSTRIAS GRAFICAS BASE 2000 SL.,3,C3,-1.2425608717491181,2.005809020623197,0.8149065116944965,0.0755302013717716,0.424259900460782,0.416200524556578,47.23105,253.28946,IBI
B03901147,DOLORES MORILLAS SL,1,C1,0.34162645968582683,2.8209672232328793,0.46092926936426826,0.215059192996752,0.718837968363014,1.05508494835533,31.585945,20.796995,MURO DE ALCOY
B40529539,MUESTRARIOS SOLER SOCIEDAD LIMITADA.,1,C1,2.7986547649067073,-1.2166607954363875,1.9944011315646637,0.581478149280135,0.164560691685566,0.154159957103685,20.29758125,16.539485,BENISSODA
A46106712,SA DE URDIMBRES,1,C1,3.0633016666607267,-0.03867512459084597,0.3576634455997147,0.53990936990111,0.0373302295663999,0.0937957988384197,30.0922518,54.01412800000001,ONTINYENT
B97108500,ESPAI EN FUSTA SL,2,C2,-0.27057722238524,-1.9719849971693606,3.195739865737525,0.337063976485866,0.497294215765508,-0.0192290024190848,46.654135,60.68605,L'OLLERIA
B98254931,FUSTES-DUC SOCIEDAD LIMITADA.,1,C1,1.7631405594599239,0.8572165157755502,0.7111763261532421,0.431762126707058,0.491848450250488,0.532485618558919,24.6253625,2.989325,LA POBLA DEL DUC
B53238382,GAME-MOVIL SL,1,C1,2.497050766307892,1.9536688612750421,0.34683338707334643,0.376073862578379,0.221569563351533,0.810249260991242,23.3505125,21.806305,IBI
B97393532,LARASUN METAL SL,2,C2,0.13543057831119307,-1.0409902220207479,2.4786132462415593,0.309454217464203,0.417882245478901,0.163223103142875,54.400595,37.343425,BENIGANIM
B02886356,REGENERADOS DEL ALGODON SL.,2,C2,-0.047474396170653056,1.085868298551228,0.9241704319177896,0.160529957184779,0.614484417457976,0.518894612158396,22.046275,55.98421,IBI
B03103132,FRANCISCO FERRE NAVARRO SL,2,C2,-0.31720212571417733,0.10309085053654377,1.346583714308812,0.153810166506876,0.680948013712916,0.345771253656995,25.748695,10.2933,BANYERES DE MARIOLA
B98756968,SANSAR PACKAGING SL.,2,C2,-0.19187493118128676,-0.9017078155336021,1.969949152413585,0.075409980822915,0.433217602839206,0.135692839098091,17.80035,29.26448,ONTINYENT
B98630932,VINYA ALFORI SOCIEDAD LIMITADA.,1,C1,1.7696094063506191,5.825496590470707,0.2296178226395369,0.345094340844261,0.391929714887463,1.89227640325489,39.4861833333333,124.4243,ONTINYENT
B46927414,BESANT SL,1,C1,1.763126319349039,-0.06511323846941984,1.0113742656264657,0.409321866851807,0.386492310080377,0.288987913614415,23.46545,4.5032875,LA POBLA DEL DUC
B54304084,BERENGUER & QUILIS SL,1,C1,2.322572611785232,-0.4095680148674813,1.2636264337886227,0.576828121315208,0.294212635855689,0.219199916835286,42.94373,9.091226666666666,ONIL
B40628034,LOGRATA DESING SOCIEDAD LIMITADA.,2,C2,-0.6501346170400285,-2.861243689872321,5.089279882601518,0.230997177143419,0.348655482707338,0.130027679553216,43.157645,57.57759,L'OLLERIA
B42502690,TROQUELES DE VES SL.,2,C2,0.6628359584942967,-0.9779468182326573,1.8870481208268195,0.360974924128083,0.452089130045899,0.114909044931444,45.15007,10.633805,IBI
B96398136,CERRAJERIA NAVALON VAÑO SL,1,C1,1.201825462566017,0.6476817207352631,0.8744109052427514,0.434244070190617,0.615092790813868,0.471310238220929,33.1556866666667,3.3728200000000004,ALBAIDA
B53280871,CHUSCOS CAPOT SL,2,C2,0.9020402631232753,-2.650163520145978,3.8088937370394564,0.45999838056075,0.424463099830955,0.0469311390442819,27.0051733333333,8.517,CASTALLA
B53934519,CELLER LA MUNTANYA SL,1,C1,2.353694088625696,3.920306890506195,0.27783058408508554,0.457109199095293,0.376383639069517,1.31303512784298,13.89989225,122.7889825,MURO DE ALCOY
B53496600,GRUP HERVER DESARROLLOS E INMUEBLES SL.,1,C1,1.1966937568549572,-1.259964028007675,3.057256678311925,0.812149649869262,0.838268856383267,0.197872193020466,10.5985845,122.47538,IBI
B53529624,MUÑECAS RAUBER SL,1,C1,1.1549505728100078,0.43760066339410564,3.6592423785647465,0.525426142499683,0.296409784760477,0.797445129489835,30.1166563333333,177.29608666666664,ONIL
B54166038,MANOLO DOLLS SL.,1,C1,1.5266957854875542,0.6850202799812327,0.6710459809017593,0.339690143592615,0.450842255021797,0.45841283943456,19.2269825,5.2326125,ONIL
B03993078,TOLDOS LLORENS GILABERT SL,2,C2,-0.49675721494772157,-1.8102949988600991,2.7102625901447364,0.212323480286116,0.639273853537871,0.0105789521673042,22.845925,17.838425,COCENTAINA
B54905369,IMPRENTA DOMINGUEZ 1922 SL.,1,C1,1.3825290932088974,-0.45176064242891045,1.43485746928288,0.374488828379243,0.395169985274608,0.241434425156486,27.63065,4.3826600000000004,COCENTAINA
B98864739,CUESTAMARK ALIMENTACION GOURMET SOCIEDAD LIMITADA.,1,C1,2.0730583486768626,-0.3854183588209395,0.9587008294447261,0.388307100917302,0.262265077426171,0.177946800716528,16.2193978,9.382472,AGULLENT
B03959020,BASTIDORES JURASA SL,2,C2,0.7200812370464736,-0.6818036326883556,1.4834065672639978,0.259087981048026,0.439988586499859,0.151116892516935,24.7364066666667,7.31941,MURO DE ALCOY
B54836432,PARTYPLAST SL.,1,C1,1.3022704826680882,0.5245751516702503,1.097805458066043,0.33243432850425,0.464517497413983,0.487932448120846,20.9222066666667,11.144079666666668,CASTALLA
B53745147,MOLDURAS SAMPER SL,2,C2,0.5109352543250755,-0.8184012152731607,1.5403375118775322,0.264884217903495,0.541382595781308,0.117843094249609,17.6748766666667,9.937483333333333,ONIL
B42657403,CONFOBIRD SL.,1,C1,2.603373471339632,0.39888501634612716,0.24475208358153488,0.385035696040899,0.0686919025426305,0.25686902018978,30.6148133333333,16.780803333333335,BANYERES DE MARIOLA
B03930062,TAPITER SL,1,C1,3.0267040083345242,3.6744044313733113,0.3153227059222498,0.693439755701072,0.598038590263199,1.39787802353901,26.64623,28.936453999999998,MURO DE ALCOY
B40577736,TABLERCHOP SOCIEDAD LIMITADA.,1,C1,1.5187135018585995,-1.0429981316816206,1.562983239250892,0.239829644491521,0.111784352661524,0.071934639326778,25.91685,5.32498,QUATRETONDA
B97746069,ROTULOGO SL,3,C3,-0.008091974910522546,1.7617209791383017,0.7476799422883399,0.379677901541984,0.27155695352163,0.380100014888515,98.53628,197.52209,L'OLLERIA
B46184487,SUMITEX SL,1,C1,3.3122076784584724,1.1164752521331376,0.3286082607822666,0.512749828880091,0.0922418399384656,0.539505933334517,20.89535,29.490784,ONTINYENT
B97675250,D & A MAURI SL,1,C1,2.0299170049391773,0.08031848278500611,1.0882785885204558,0.464676018186689,0.355749628025413,0.357389461351019,28.095385,6.22388,MONTAVERNER
B54824198,METALICAS LA FOIA SL.,1,C1,1.3946783685764959,-0.4362289453562345,1.3031413872316748,0.379673347637006,0.371847861334328,0.191863087025784,28.8252766666667,18.031470000000002,ONIL
B53410841,PASTELERIA PANADERIA TAMAPAN SL,1,C1,1.0156656306377299,-0.7528067734748408,2.134003150251642,0.347258755095933,0.377911450016697,0.245103851319657,23.94918,39.12094,IBI
B03472990,TEXTILES ELENA SL,1,C1,1.7306898260144312,2.7500649979637815,0.3748896627326548,0.336665916938065,0.440837127660898,1.06866305993518,33.23376,10.763475,BANYERES DE MARIOLA
B02912525,CORTE INDUSTRIAL MURO SL.,1,C1,3.7083245636582998,-0.2509570565785661,0.651787881064496,0.621666914539144,0.092570218711898,0.200705415153013,11.5471458,16.013759999999998,MURO DE ALCOY
B53032868,IBICANARI SL,1,C1,1.1306573743732722,-0.4052459330802651,1.411011823715698,0.310495795884512,0.316402087900167,0.212542462615056,37.04535,14.728745,ONIL
