id,nombre,codigo_nif,localidad,codigo_primario_cnae_2009,sector,actividad,literal_codigo_cnae_2009_primario,fecha_constitucion,año,antiguedad,segmentacion_de_antiguedad,nombre_marca,marca_sn,nombre_auditor,auditor_sn,no_of_companies_in_corporate_group,grupos_corporativos,numero_de_participadas,participadas,remuneracion_consejo,consejo,importador_exportador,importacion_percent,importacion_euros,exportacion_percent,exportacion_euros,total_activo,fondos_propios,gastos_de_personal,coste_por_persona,personal_porcentaje,rendimiento,ebitda,inmovilizado,ingresos_de_explotacion,ingresos_de_explotacion_mil_eur_ano_1,ingresos_de_explotacion_mil_eur_ano_2,numero_empleados,valor_agregado,segmentacion_tamano_1,segmentacion_tamano_2,crecimiento,crece,capitalizacion,rotacion_de_activos,inmovilizado_tactivo,va_porcentaje,productividad_va_pax,productividad_ventas_pax,ultimo_ano_disponible,ult_año_disp,materiales,resultado_explotacion,resultado_del_ejercicio,deudores,deudores_sin_iva,existencias,acreedores_comerciales,acreedores_comerciales_sin_iva,deudas_financieras,dotaciones_para_amortiz_de_inmovil,cash_flow,fondo_de_maniobra,margen,coste,rotacion_stocks,competitividad,nofs_ventas,segmentacion_tamano_2_grp,segmentacion_tamano_1_grp,localidad_grp,sector_grp,inmovilizado_empleado,ebitda_porc,clientes_proveedores_sin_iva
1,CARTONAJES BERNABEU SA,A46052809,L'OLLERIA,1721,Papel y Cartón,Industria,Fabricación de papel y cartón ondulados; fabricación de envases y embalajes de papel y cartón,1971-12-29,1971,54,Mayor de 50 años,MOLDECAR,Sí,PricewaterhouseCoopers Auditores S.L.,Sí,24.0,Grupo Corporativo,2,Participadas,,No consejo,Importador / Exportador,0.0,0.0,0.0,0.0,156256.4,139811.88,17737.55,41.8338443396226,0.104050120838586,0.250128058754713,39084.11,56956.07,170471.21,170791.0,183400.0,424,58650.19,Más de 100M€,Más de 20M€,-0.00187240545461997,Se mantiene,0.894759382655686,1.09097105782547,0.364503917919522,0.344047478750224,138.325919811321,402.054740566038,2024-12-31,2024,96260.27,32681.84,26987.61,42192.19,34869.5785123967,17503.35,6336.33,5236.63636363636,88.77,6402.27,33389.88,53359.21,0.564671712015184,0.43532828798481604,5.49953408918864,3.10543132942802,0.276505881249745,Más de 5M€,Más de 10M€,,Papel y cartón,134.3303537735849,0.22927103057460554,6.658774085314375
2,UBESOL SL,B46132387,ATZENETA D'ALBAIDA,1392,Textil,Industria,"Fabricación de artículos confeccionados con textiles, excepto prendas de vestir",1979-10-19,1979,46,Entre 25 y 50 años,SUAVETT,Sí,Auditores Valencianos Asociados S.L.,Sí,5.0,Grupo Corporativo,2,Participadas,,No consejo,Importador,6.0,6706.16218914,0.0,0.0,135690.1658,99829.75745,18673.56928,43.9378100705882,0.121833979276958,0.162356469019806,22030.1762,52506.75915,153270.617859,132542.88422,126733.68875,425,41501.24804,Más de 100M€,Más de 20M€,0.156385110833979,Crece,0.735718442537271,1.12956319977464,0.386960682378354,0.270771062449678,97.6499953882353,360.636747903529,2024-12-31,2024,97694.95524,16103.26075,13391.654739,46193.60052,38176.5293553719,14840.91688,24022.15962,19853.0244793388,9.075,5926.91545,19318.570189,37012.35778,0.637401718637773,0.36259828136222705,6.5828112932602,4.1958952317922,0.216378208813266,Más de 5M€,Más de 10M€,,Textil,123.54531564705881,0.14373385132606745,1.92295785436131
3,ALBERO FORTE COMPOSITE SL.,B54620182,BANYERES DE MARIOLA,2229,Plástico,Industria,Fabricación de otros productos de plástico,2012-02-29,2012,13,Entre 10 y 25 años,TOYMA,Sí,Audit Iberica S.A.P.,Sí,3.0,Grupo Corporativo,0,No participadas,,No consejo,Importador / Exportador,26.0,15605.84642734,36.0,21608.09505324,132941.76679,117476.58973,20747.46384,30.068788173913,0.168556936463113,0.307374402316682,40862.89611,37764.10988,123088.757279,112127.14827,107675.08296,690,63066.27102,Más de 100M€,Más de 20M€,0.09776052613596,Crece,0.88366953867531,0.925884770836812,0.284065051878344,0.512364186739252,91.4003927826087,178.389503302899,2024-12-31,2024,36895.52258,32708.0914,26331.92036,21420.1106,17702.5707438017,25455.3866,5866.50195,4848.34871900826,2019.68186,8154.80471,34486.72507,41008.99525,0.299747299392832,0.7002527006071679,1.44941906244708,0.434459449657003,0.311235643869234,Más de 5M€,Más de 10M€,L'Alcoià,Plástico,54.730594028985514,0.3319791101422678,3.6512577311936427
4,ACTIU BERBEGAL Y FORMAS SA,A03137874,CASTALLA,3101,Mueble,Industria,Fabricación de muebles de oficina y de establecimientos comerciales,1983-12-22,1983,42,Entre 25 y 50 años,ELYR,Sí,ADN AUDIFIEL S.L.,Sí,10.0,Grupo Corporativo,4,Participadas,,No consejo,Importador / Exportador,11.0,6698.9591405,44.0,26795.836562,145291.38048,130622.95629,17837.06919,46.8164545669291,0.196922916327079,0.0887669600040406,12897.07416,20432.30364,90578.94085,88114.36505,78918.1746,381,29679.3123,De 50 - 100M€,Más de 20M€,0.0279701930394833,Se mantiene,0.899041332379527,0.623429556183951,0.140629840342198,0.327662390633926,77.898457480315,237.740002230971,2024-12-31,2024,38685.16908,8515.72793,5964.38603,30244.39018,24995.363785124,20841.70824,6911.48447,5711.97063636364,1039.4332,4381.34623,10345.73226,44174.61395,0.427087893907516,0.572912106092484,1.85614195508957,0.792735758392584,0.442984881609601,Más de 5M€,Más de 10M€,,Otros,53.62809354330708,0.14238490800370185,4.375961533485153
5,PLASTICOS VICENT SLU,B03307162,IBI,2222,Plástico,Industria,Fabricación de envases y embalajes de plástico,1987-12-22,1987,38,Entre 25 y 50 años,PLASTICOS VICENT S.L. SOCIEDAD UNIPERSONAL,Sí,KPMG Auditores,Sí,1515.0,Grupo Corporativo,1,Participadas,,No consejo,Importador / Exportador,35.0,13128.122938,79.0,29632.0489172,89423.93517,63186.47586,9031.63431,41.2403393150685,0.125985162185835,0.277394406685894,24805.69944,60539.70378,71688.0794,73159.3716,74630.038139,219,34179.15672,De 50 - 100M€,Más de 20M€,-0.0201107823621601,Se mantiene,0.706594668864425,0.801665451914153,0.676996641502195,0.476776013614336,156.069208767123,327.342828310502,2024-12-31,2024,28224.20881,21303.84785,15835.533129,10155.58897,8393.04873553719,7527.56212,4248.96959,3511.54511570248,0.0,3501.85159,19337.38472,13434.1815,0.393708536289787,0.606291463710213,3.7494488069399,1.4761900016738,0.173098035875609,Más de 5M€,Más de 10M€,,Plástico,276.43700356164385,0.34602265324463416,2.3901298314540296
6,ENVASES DURA SL,B03821873,CASTALLA,1721,Papel y Cartón,Industria,Fabricación de papel y cartón ondulados; fabricación de envases y embalajes de papel y cartón,1993-01-29,1993,32,Entre 25 y 50 años,DURABOX,Sí,PRB Audit Partners S.L.P.,Sí,2.0,Grupo Corporativo,0,No participadas,,No consejo,Importador,9.0,4652.1922014,0.0,0.0,53391.84376,37351.52811,7075.69475,36.8525768229167,0.101055689598427,0.203890754717776,10886.10332,11999.1434,70017.77711,68889.31364,75751.148729,192,18326.75265,De 50 - 100M€,Más de 20M€,0.0163808203387987,Se mantiene,0.699573670426099,1.31139462845177,0.224737385993579,0.261744279902062,95.45183671875,364.675922447917,2024-12-31,2024,42225.38075,7961.13584,6386.6403,20021.82038,16546.9589917355,5156.02255,6491.17536,5364.60773553719,6736.9081,2924.96748,9311.60778,18686.66757,0.603066570989003,0.39693342901099704,8.18952600391556,4.93882936520663,0.233346079818134,Más de 5M€,Más de 10M€,,Papel y cartón,62.49553854166667,0.15547627715883655,3.084467645625269
7,PLASTICOS INDUSTRIALES Y COMERCIALES DE ALFARRASI SL,B46023677,ALFARRASI,2222,Plástico,Industria,Fabricación de envases y embalajes de plástico,1964-02-26,1964,61,Mayor de 50 años,ROCK BAG,Sí,Auditing Firm S.L.P.,Sí,0.0,No Grupo Corporativo,0,No participadas,,No consejo,Importador,31.0,14609.3887426,0.0,0.0,55692.82012,26498.49476,11174.27465,37.4975659395973,0.16683855021982,0.152716175472423,8505.19449,22540.95773,66976.57487,65849.98455,76868.5046,298,19849.51441,De 50 - 100M€,Más de 20M€,0.0171084371195953,Se mantiene,0.475797323656879,1.20260699181128,0.404737229708094,0.296365026854948,66.6091087583893,224.753606946309,2024-12-31,2024,38916.69972,3710.77619,2687.06507,18030.50858,14901.2467603306,10353.16792,6912.20199,5712.56362809917,4148.49299,4794.4183,7481.48337,21471.474509,0.58104941609117,0.41895058390883,3.75891707936289,2.18411657409893,0.291771430386843,Más de 5M€,Más de 10M€,,Plástico,75.64079775167785,0.12698759986619781,2.6085042951703494
8,ITC PACKAGING SL.,B48051957,IBI,2229,Plástico,Industria,Fabricación de otros productos de plástico,1968-07-09,1968,57,Mayor de 50 años,ITC PACKAGING WWW.ITC-PACKAGING.COM,Sí,Casamitjana E Iborra Auditores S.L.P.,Sí,8.0,Grupo Corporativo,1,Participadas,,No consejo,Importador / Exportador,79.0,33644.7661482,17.0,7240.0129686,53122.06143,36285.16079,15081.09063,61.8077484836066,0.230887012009,0.153618992379528,8160.55755,20108.3769,65318.05535,63723.49298,76040.77778,244,22729.74377,De 50 - 100M€,Más de 20M€,0.0250231475933131,Se mantiene,0.683052573888039,1.22958434954696,0.378531562192804,0.347985616659973,93.1546875819672,267.696948155738,2024-12-31,2024,30626.50968,3903.14644,3024.8175,11334.22495,9367.12805785124,12175.35945,7977.1131,6592.65545454545,865.85517,4257.41111,7282.22861,15532.471299,0.468882754023999,0.531117245976001,2.51545014385592,1.17945119106123,0.228877482239768,Más de 5M€,Más de 10M€,,Plástico,82.41138073770492,0.1249357089134467,1.4208429550785744
9,TEXTISOL SL,B03036720,COCENTAINA,1320,Textil,Industria,Fabricación de tejidos textiles,1972-11-29,1972,53,Mayor de 50 años,"TEXTISOL, S.L.",Sí,PRB Audit Partners S.L.P.,Sí,0.0,No Grupo Corporativo,0,No participadas,,No consejo,Importador / Exportador,0.0,0.0,11.0,5544.6424077,40958.8673,11169.27811,4603.48903,38.0453638842975,0.0779013608482816,0.0999577109887509,4094.15462,21873.97472,59093.82044,50609.25037,50656.72283,121,8687.98037,De 50 - 100M€,Más de 20M€,0.167648601944704,Crece,0.272694994912616,1.44276012339824,0.534047354380818,0.147020116575831,71.801490661157,488.378681322314,2024-12-31,2024,41136.7236,2664.43073,1242.65779,5597.46111,4626.00091735537,11479.28631,2403.28596,1986.18674380165,16321.82909,1429.72389,2672.381679,14673.46146,0.696125640442684,0.303874359557316,3.58356107593243,2.49460874904894,0.238926851884442,Más de 5M€,Más de 10M€,El comtat,Textil,180.77665057851237,0.06928228010163831,2.329086593590388
10,BORNAY SL,B03016268,IBI,2420,Metal,Industria,"Fabricación de tubos, tuberías, perfiles huecos y sus accesorios, de acero",1965-04-01,1965,60,Mayor de 50 años,BORNAY,Sí,Doña Carmen Prieto Pastor,Sí,5.0,Grupo Corporativo,2,Participadas,,No consejo,Importador / Exportador,64.0,29316.101344,50.0,22903.204175,75504.1253,64767.29865,4570.90129,45.2564484158416,0.0784114873416499,0.0505204261998119,3814.50059,20072.61854,58293.77104,60922.96544,68341.88319,101,12487.36269,De 50 - 100M€,Más de 20M€,-0.0431560476580767,Se mantiene,0.857798145368356,0.772060742487669,0.265847971355811,0.214214357164017,123.637254356436,577.16604990099,2024-12-31,2024,45633.87414,1740.30765,4688.77546,10307.0021,8518.18355371901,25132.11805,5348.58132,4420.31514049587,2343.73012,2074.19294,6762.9684,30090.53883,0.782825906196512,0.21717409380348796,1.81575918309838,1.42142332794363,0.501425554424436,Más de 5M€,Más de 10M€,,Metal,198.73879742574258,0.06543581796042269,1.9270534527462317
11,PAPELERA DE LA ALQUERIA SL,B53011060,L'ALQUERIA D'ASNAR,1712,Papel y Cartón,Industria,Fabricación de papel y cartón,1995-02-23,1995,30,Entre 25 y 50 años,Sin marca,No,PricewaterhouseCoopers Auditores S.L.,Sí,24.0,Grupo Corporativo,1,Participadas,,No consejo,No realiza actividad exterior,,,,,115353.0,100992.0,3294.0,54.9,0.0591329324118122,0.127929052560402,14757.0,80223.0,55705.0,55537.0,74000.0,60,19527.0,De 50 - 100M€,Más de 20M€,0.00302501035345815,Se mantiene,0.87550388806533,0.482908983728208,0.695456555096096,0.350543039224486,325.45,928.416666666667,2024-12-31,2024,23590.0,12685.0,11871.0,2817.0,2328.09917355372,10119.0,8143.0,6729.7520661157,656.0,2072.0,13943.0,4793.0,0.423480836549681,0.5765191634503191,2.33125802944955,0.987243100524457,0.102636156672435,Más de 5M€,Más de 10M€,,Papel y cartón,1337.05,0.2649133829997307,0.3459412992754516
12,CLARIOS PLASTICS SPAIN SL.,B78970365,IBI,2222,Plástico,Industria,Fabricación de envases y embalajes de plástico,1988-12-12,1988,37,Entre 25 y 50 años,Sin marca,No,Grant Thornton,Sí,4018.0,Grupo Corporativo,2,Participadas,,No consejo,Exportador,0.0,0.0,15.0,6150.87015,33014.772,21582.731,3915.952,43.9994606741573,0.0724973290349567,0.292095065808723,9643.452,19036.557,54015.121,51089.412,44837.935,89,13009.32,De 50 - 100M€,Más de 20M€,0.0572664449534084,Crece,0.653729518410728,1.63608947534152,0.576607253262267,0.240845892023458,146.172134831461,606.911471910112,2023-09-30,2023,35264.768,7680.428,5307.261,4344.334,3590.35867768595,6797.139,5518.739,4560.94132231405,0.0,1963.024,7270.285,5622.734,0.652868444004782,0.34713155599521806,5.1881781437749,3.38719779194594,0.107868986452366,Más de 5M€,Más de 10M€,,Plástico,213.8938988764045,0.17853245205171345,0.7871968578329215
13,FLEJES INDUSTRIALES SA,A03046125,IBI,2420,Metal,Industria,"Fabricación de tubos, tuberías, perfiles huecos y sus accesorios, de acero",1975-08-19,1975,50,Mayor de 50 años,FLINSA IBI,Sí,PricewaterhouseCoopers Auditores S.L.,Sí,493.0,Grupo Corporativo,0,No participadas,,No consejo,Importador / Exportador,0.0,0.0,57.0,24386.31,38535.0,32828.0,6443.0,43.5337837837838,0.120046207449088,0.106708187362138,4112.0,12583.0,53671.0,60652.0,68707.0,148,10888.0,De 50 - 100M€,Más de 20M€,-0.115099254764888,Decrece,0.851900869339561,1.3927857791618,0.326534319449851,0.202865607124891,73.5675675675676,362.641891891892,2024-12-31,2024,36775.0,2184.0,1875.0,12078.0,9981.81818181818,12784.0,1071.0,885.123966942149,264.0,1928.0,3803.0,23791.0,0.685193121052337,0.314806878947663,2.87664267834794,1.97105577492958,0.407681880622236,Más de 5M€,Más de 10M€,,Metal,85.02027027027027,0.07661493171358834,11.277310924369743
14,RIPAY SA,A03006384,CASTALLA,3109,Mueble,Industria,Fabricación de otros muebles,1963-07-16,1963,62,Mayor de 50 años,RIPAY,Sí,Grupo Auditor Ros S.L.P.,Sí,2.0,Grupo Corporativo,0,No participadas,,No consejo,Importador / Exportador,100.0,44239.86788,11.0,4866.3854668,37530.11742,15818.00385,4810.71966,36.4448459090909,0.090072529874784,0.108906854040959,4087.28702,5797.50639,53409.3987,52307.89029,55427.64429,132,9169.53082,De 50 - 100M€,Más de 20M€,0.0210581693104639,Se mantiene,0.421474936328616,1.42310768981335,0.154476105819762,0.171683842978745,69.4661425757576,404.616656818182,2024-12-31,2024,37925.06765,3448.36166,2383.17562,8715.19876,7202.64360330578,16321.70195,10324.74892,8532.85034710744,7012.0401,638.92536,3022.10098,14712.15179,0.710082280892632,0.28991771910736797,2.32359761048081,1.64994549112688,0.280690207549525,Más de 5M€,Más de 10M€,,Otros,43.92050295454545,0.0765274861632172,0.8441075737074671
15,DOMENECH HERMANOS SAU,A03001948,MURO DE ALCOY,1393,Textil,Industria,Fabricación de alfombras y moquetas,1967-09-01,1967,58,Mayor de 50 años,Sin marca,No,KPMG Auditores,Sí,75.0,Grupo Corporativo,0,No participadas,,No consejo,Importador / Exportador,0.0,0.0,55.0,18918.5928305,20924.49428,5054.48822,5072.99517,58.3102893103448,0.122534005679053,0.0926508571274297,1938.67233,7069.54732,41400.71274,35879.82751,32236.297,87,7003.27123,De 10 - 50M€,Más de 20M€,0.153871565532507,Crece,0.24155844114384,1.97857650397656,0.337859889247464,0.169158228602999,80.4973704597701,475.87026137931,2024-12-31,2024,27176.39728,1204.45796,464.917709,3942.50002,3258.26447933884,8000.44186,1523.827,1259.36115702479,0.0,734.21437,1199.13208,10419.11488,0.656423415960737,0.34357658403926306,3.39686204281722,2.22977978569345,0.241525918771273,Más de 5M€,Más de 10M€,El comtat,Textil,81.25916459770114,0.04682702788657353,2.5872359657625226
16,FUNDICIONES BALAGUER SA,A03028552,ONIL,2829,Maquinaria,Industria,Fabricación de otra maquinaria de uso general n.c.o.p.,1970-12-30,1970,55,Mayor de 50 años,B BALAGUER ROLLS HIGH QUALITY CENTRIFUGALLY CAST ROLLS,Sí,PRB Audit Partners S.L.P.,Sí,10.0,Grupo Corporativo,10,Participadas,,No consejo,Importador / Exportador,36.0,11316.3510168,95.0,29862.592961,43484.84124,36529.19727,1519.49067,50.649689,0.0395830832635962,0.118533143344184,5154.39492,20704.80968,38387.37523,37449.41353,36752.048989,30,6953.06685,De 10 - 50M€,Más de 20M€,0.0250460984989422,Se mantiene,0.840044397733669,0.88277602344536,0.476138559773663,0.181128999009188,231.768895,1279.57917433333,2024-12-31,2024,25213.04054,4167.53298,3631.13418,9048.56752,7478.15497520661,5495.17568,3551.99582,2935.53373553719,400.0,986.86194,4617.99612,10991.747379,0.656805535385911,0.343194464614089,4.58821373659886,3.01356417973181,0.261486930521491,Más de 5M€,Más de 10M€,,Otros,690.1603226666666,0.13427317937517658,2.547460069927672
17,VALLES PLASTIC FILM SL,B96956115,L'OLLERIA,2222,Plástico,Industria,Fabricación de envases y embalajes de plástico,2000-02-10,2000,25,Mayor de 50 años,Sin marca,No,Juan Carlos Tomas Auditores S.L.,Sí,2.0,Grupo Corporativo,0,No participadas,,No consejo,Exportador,0.0,0.0,32.0,8687.59471392,23162.45523,6331.43834,4095.925,34.1327083333333,0.114814678913199,0.190887315532655,4421.4189,11171.16485,35674.22771,33742.32417,31332.06665,120,8525.494229,De 10 - 50M€,Más de 20M€,0.0572546079003544,Crece,0.273349188465976,1.54017470754977,0.482296230648775,0.238981886259872,71.0457852416667,297.285230916667,2024-12-31,2024,22324.8234,2802.60855,1666.9202,7454.13329,6160.44073553719,4137.65402,5176.11101,4277.77769421488,6461.21589,1618.81035,3285.73055,6415.6763,0.625796964169235,0.374203035830765,5.39552685944486,3.37650432873416,0.168758160940783,Más de 5M€,Más de 10M€,,Plástico,93.09304041666665,0.12393874188229763,1.4401030572178537
18,INDUSTRIA PAPELERA DE MURO SL.,B54972146,GAIANES,1722,Papel y cartón,Industria,"Fabricación de artículos de papel y cartón para uso doméstico, sanitario e higiénico",2016-11-28,2016,9,Menor de 10 años,LUY,Sí,Don Fernando Maria Musoles Martinez Curt,Sí,0.0,No Grupo Corporativo,0,No participadas,,No consejo,Importador / Exportador,25.0,7178.067265,0.0,0.0,15880.45511,7948.19055,2205.97254,25.9526181176471,0.0644868557316851,0.207900568789177,3301.55565,7970.29079,34208.09582,35935.42654,33306.81344,85,5495.82676,De 10 - 50M€,Más de 20M€,-0.0480676281406398,Se mantiene,0.500501433677111,2.1541004702352,0.50189309656378,0.160658657790207,64.6567854117647,402.448186117647,2024-12-31,2024,24657.91451,2007.98767,1320.37683,5811.58894,4802.9660661157,1109.62386,1649.77327,1363.44898347107,3982.65373,1293.56798,2613.94481,5271.43953,0.720821019671711,0.27917898032828903,22.2218676065599,16.0179892671703,0.132984336999692,Más de 5M€,Más de 10M€,,Papel y cartón,93.76812694117648,0.09651386816069786,3.5226591712205497
20,IBERPAPEL SL,B03406485,BENIMARFULL,1721,Papel y Cartón,Industria,Fabricación de papel y cartón ondulados; fabricación de envases y embalajes de papel y cartón,1988-11-03,1988,37,Entre 25 y 50 años,PAY-PAY,Sí,ADN AUDIFIEL S.L.,Sí,4.0,Grupo Corporativo,0,No participadas,,No consejo,Importador / Exportador,0.0,0.0,95.0,11012.124633,35824.19389,33333.25131,2999.58131,37.0318680246914,0.0913434250459903,0.498282418714321,17850.56598,14000.5107,32838.5027,29110.26988,32584.46197,81,21246.79256,De 10 - 50M€,Más de 20M€,0.128072767286897,Crece,0.930467588813064,0.916657128443205,0.390811604665531,0.647008566562933,262.306080987654,405.413613580247,2024-12-31,2024,11417.03917,15315.63587,11829.24135,3740.42323,3091.2588677686,5591.11857,1738.25474,1436.57416528926,0.0,2534.93011,14364.17146,7593.28706,0.347672342868422,0.6523276571315779,2.0419955375763,0.709945372676016,0.220649623969589,Más de 5M€,Más de 10M€,,Papel y cartón,172.84581111111112,0.5435864766148427,2.151826854791143
21,INDEN PHARMA PACKAGING S.L.,B54867437,IBI,2222,Plástico,Industria,Fabricación de envases y embalajes de plástico,2015-06-16,2015,10,Mayor de 50 años,Sin marca,No,Asesores Y Consultores Financieros Independientes,Sí,4.0,Grupo Corporativo,3,Participadas,,No consejo,Importador / Exportador,0.0,0.0,28.0,4921.8805832,119151.68948,107092.64105,4855.34458,38.2310596850394,0.158773748009359,0.0656540839927669,7822.795029,103586.66088,30580.27313,35652.72574,30702.38981,127,13002.12819,De 10 - 50M€,Más de 20M€,-0.14227390766673,Decrece,0.8987924679656,0.256649933068158,0.869367957198688,0.425180250507462,102.378962125984,240.789552204724,2024-12-31,2024,12261.17139,5204.71534,3429.02407,7065.54296,5839.29170247934,4290.98596,1999.00315,1652.06871900826,3521.84634,2618.07969,6047.10376,9357.52577,0.400950355736734,0.599049644263266,2.85742519418544,1.14568564809976,0.277244382593619,Más de 5M€,Más de 10M€,,Plástico,815.642999055118,0.25581181030478256,3.534533179700102
22,BIOPOLIMEROS MAYA SL.,B54182324,COCENTAINA,2222,Plástico,Industria,Fabricación de envases y embalajes de plástico,2006-11-24,2006,19,Entre 10 y 25 años,Sin marca,No,PRB Audit Partners S.L.P.,Sí,2.0,Grupo Corporativo,0,No participadas,,No consejo,Importador / Exportador,17.0,4216.5288751,0.0,0.0,19793.61346,4061.80994,1901.93228,42.2651617777778,0.0662764628636265,0.100528700028479,1989.82623,8551.265789,28696.94908,28591.97806,35119.94232,45,3893.83805,De 10 - 50M€,Más de 20M€,0.00367134515071732,Se mantiene,0.205208106554588,1.44980850201972,0.432021460168496,0.13568822382982,86.5297344444444,637.709979555555,2024-12-31,2024,21296.16159,1298.29464,666.39176,6508.60396,5379.01153719008,3888.25525,5101.75663,4216.32779338843,5384.43233,691.53159,1357.92335,5295.10258,0.742105424887906,0.257894575112094,5.47704824419642,4.06454721439094,0.176009616204178,Más de 5M€,Más de 10M€,El comtat,Plástico,190.02812864444442,0.06933929542310774,1.275757436512607
23,LAMINADOS CAREVA SL,B98246291,BOCAIRENT,1812,Artes gráficas,Industria,Otras actividades de impresión y artes gráficas,2010-04-23,2010,15,Entre 10 y 25 años,Sin marca,No,Evidence Auditores S.L.P.,Sí,0.0,No Grupo Corporativo,0,No participadas,,No consejo,Importador / Exportador,41.0,10223.3487905,5.0,1246.7498525,13715.0541,5067.29113,1528.43921,33.2269393478261,0.0546461707400594,0.109345283588783,1499.67648,5156.17132,27969.74041,28934.31445,26988.95173,46,3034.74336,De 10 - 50M€,Más de 20M€,-0.0333366820101039,Se mantiene,0.3694692775583,2.03934597749782,0.375949761656427,0.108500948364719,65.9726817391304,608.037835,2024-12-31,2024,23197.78996,1077.16727,727.76895,2531.9952,2092.55801652893,3431.47691,1578.45098,1304.50494214876,2675.83011,422.50921,1150.27816,4385.02113,0.829388818771665,0.17061118122833496,6.76029318233122,5.60691157704383,0.150860534367761,Más de 5M€,Más de 10M€,,Otros,112.09068086956522,0.0536178190436055,1.6041012562835533
24,TERMOFORMAS DE LEVANTE SL,B53888566,CASTALLA,2222,Plástico,Industria,Fabricación de envases y embalajes de plástico,2004-05-25,2004,21,Entre 10 y 25 años,TF TERMO FORMAS,Sí,Milla Martinez Y Asociados Auditores S.L.,Sí,2.0,Grupo Corporativo,0,No participadas,,No consejo,Importador / Exportador,0.0,0.0,4.0,786.0549652,33564.883259,8365.7673,3586.62367,49.1318310958904,0.129113388117324,0.135128260539498,4535.56429,21798.71051,27778.86726,27163.12085,26491.83661,73,8127.49313,De 10 - 50M€,Más de 20M€,0.0226684707328098,Se mantiene,0.249241662348306,0.827616978305785,0.649449912928118,0.292578277362055,111.335522328767,380.532428219178,2024-12-31,2024,15572.0434,3156.15073,1831.116179,3650.04259,3016.56412396694,6672.44444,5462.36925,4514.35475206612,3291.89915,1379.41356,3210.529739,4860.11778,0.560571576020411,0.43942842397958903,2.33378389884352,1.30825291826577,0.186280231064426,Más de 5M€,Más de 10M€,,Plástico,298.61247273972606,0.16327391061517316,0.6682160108454758
25,PLASTICOS FERRANDO SL,B46103297,L'OLLERIA,2229,Plástico,Industria,Fabricación de otros productos de plástico,1977-03-02,1977,48,Entre 25 y 50 años,FLEXICLOR,Sí,Grant Thornton,Sí,0.0,No Grupo Corporativo,0,No participadas,,No consejo,Exportador,0.0,0.0,27.0,5563.5664482,16605.77906,10339.82815,2149.60762,37.7124143859649,0.0788069809787469,0.273174226491244,4536.27085,2025.74964,27276.86803,25584.73214,25487.90424,57,6671.06637,De 10 - 50M€,Más de 20M€,0.066138503258139,Crece,0.622664441857267,1.64261296813858,0.12199064149177,0.244568634590413,117.036252105263,478.541544385965,2024-12-31,2024,17314.51673,4123.8452,3110.72724,7293.11712,6027.36952066116,5780.07167,700.86244,579.225157024793,2537.73938,412.42565,3523.15289,12372.32635,0.634769237837604,0.365230762162396,2.99555398592488,1.90148552054693,0.411638756373613,Más de 5M€,Más de 10M€,,Plástico,35.53946736842105,0.16630468149828856,10.405918057186812
26,DURPLASTICS SA,A53199402,BANYERES DE MARIOLA,2229,Plástico,Industria,Fabricación de otros productos de plástico,1997-06-12,1997,28,Entre 25 y 50 años,DURPLASTICS,Sí,Gesem Auditores Y Consultores S.L.P.,Sí,4.0,Grupo Corporativo,3,Participadas,1818.1818,Consejo,Exportador,0.0,0.0,0.0,0.0,19019.01212,12537.44301,5913.59024,54.2531214678899,0.216828577442082,0.123780426929977,2354.18144,2037.60148,27273.11275,28430.76493,31373.12287,109,8567.16892,De 10 - 50M€,Más de 20M€,-0.040718291711471,Se mantiene,0.65920579527976,1.43399208002608,0.107134979837218,0.31412508717033,78.59788,250.212043577982,2024-12-31,2024,14115.13226,1607.00358,1546.77681,3951.54936,3265.74327272727,3173.20646,939.41346,776.374760330579,0.0,747.17786,2293.95467,6185.34236,0.517547534430224,0.48245246556977595,4.44822372509603,2.30216722151748,0.207624814384148,Más de 5M€,Más de 10M€,L'Alcoià,Plástico,18.693591559633028,0.08631876608950696,4.20640061938222
27,PLASTIMODUL SL,B03834330,IBI,2223,Plástico,Industria,Fabricación de productos de plástico para la construcción,1993-02-11,1993,32,Entre 25 y 50 años,TECHNO SLIM,Sí,Asesores Y Consultores Financieros Independientes,Sí,0.0,No Grupo Corporativo,0,No participadas,,No consejo,Exportador,0.0,0.0,21.0,4762.7538966,24157.40084,8448.16601,2039.33507,29.1333581428571,0.0765664630191588,0.0743195756816361,1795.36778,857.12263,26634.83449,28275.13748,26549.815369,70,3955.05403,De 10 - 50M€,Más de 20M€,-0.0580122021037119,Decrece,0.349713368004867,1.10255381638151,0.035480747108388,0.148491781748631,56.5007718571429,380.497635571429,2023-12-31,2023,19502.95428,1602.23943,872.272559,6844.20646,5656.36897520661,16104.63839,686.38418,567.259652892562,13457.55843,193.12835,1065.400909,22262.46067,0.732234859102367,0.26776514089763304,1.211014728037,0.88674719875506,0.795715389944368,Más de 5M€,Más de 10M€,,Plástico,12.244608999999999,0.06740675564077815,9.971393076104984
28,DUCPLAST SL,B46715934,LA POBLA DEL DUC,2222,Plástico,Industria,Fabricación de envases y embalajes de plástico,1990-05-05,1990,35,Entre 25 y 50 años,Sin marca,No,Deloitte Auditores S.L.,Sí,35.0,Grupo Corporativo,0,No participadas,,No consejo,Importador,27.0,4435.50789,0.0,0.0,20535.901,14434.4,2391.22,28.8098795180723,0.090036924544816,0.374473026530465,7690.141,8973.455,26558.215,25371.576,19738.463,83,10130.408,De 10 - 50M€,Más de 20M€,0.0467704095323049,Se mantiene,0.702886130976186,1.29325784147479,0.436964270523119,0.381441599143617,122.053108433735,319.978493975904,2024-12-31,2024,14815.5,6865.095,5314.879,2593.229,2143.16446280992,2975.019,2546.21,2104.30578512397,0.0,825.046,6139.925,3022.038,0.557849991047968,0.44215000895203205,4.97996819516111,2.77807521308979,0.113481936857803,Más de 5M€,Más de 10M€,,Plástico,108.1139156626506,0.2895579013875744,1.0184662694750235
29,BENIPLAST BENITEX SA,A46050746,BENIGANIM,1396,Textil,Industria,Fabricación de otros productos textiles de uso técnico e industrial,1970-11-25,1970,55,Mayor de 50 años,BENITEX,Sí,Andreu Romero Y Asociados S.A.P.,Sí,0.0,No Grupo Corporativo,1,Participadas,,No consejo,Importador / Exportador,0.0,0.0,71.0,10942.08406,27671.798,23418.122,7109.913,36.4610923076923,0.280642200893329,0.091433849003957,2530.139,3371.66,25334.44,21719.077,25226.225,195,9923.054,De 10 - 50M€,Más de 20M€,0.166460250589838,Crece,0.84628118490891,0.915532846835612,0.121844630406741,0.39168238966403,50.8874564102564,129.920205128205,2024-12-31,2024,10740.43,2215.273,1868.582,8255.867,6823.0305785124,5834.052,1909.999,1578.51157024793,0.0,314.866,2183.448,12179.92,0.423945822366707,0.576054177633293,1.84098976148996,0.780479918403547,0.437292910688551,Más de 5M€,Más de 10M€,,Textil,17.2905641025641,0.09986954517250037,4.32244571855798
30,ALJUAN SL,B53048997,IBI,2229,Plástico,Industria,Fabricación de otros productos de plástico,1995-07-21,1995,30,Entre 25 y 50 años,Sin marca,No,Asesores Y Consultores Financieros Independientes,Sí,0.0,No Grupo Corporativo,1,Participadas,,No consejo,Exportador,0.0,0.0,47.0,7860.2727902,26479.53846,20086.56019,5143.81221,39.2657420610687,0.204894728337519,0.121717535026855,3223.02415,9125.47963,25104.65863,28794.45141,28589.30862,131,8380.67397,De 10 - 50M€,Más de 20M€,-0.128142492713668,Decrece,0.75856912009032,0.948077651274893,0.344623817510451,0.333829433553226,63.9746104580153,191.638615496183,2024-12-31,2024,9093.58671,1521.05563,1076.03834,5768.90359,4767.68891735537,9342.46694,1108.7854,916.351570247934,1393.40038,1701.96852,2778.00686,14002.585129,0.362227060882365,0.637772939117635,0.973360330670862,0.352577451758393,0.525552029269216,Más de 5M€,Más de 10M€,,Plástico,69.66014984732824,0.12838350831620132,5.202903636718157
31,PRACTICEL SL,B53794798,GAIANES,1712,Papel y Cartón,Industria,Fabricación de papel y cartón,2003-08-06,2003,22,Entre 10 y 25 años,PRÁCTIKA,Sí,Audibers & Asociados Auditores S.L.,Sí,2.0,Grupo Corporativo,0,No participadas,,No consejo,Importador / Exportador,0.0,0.0,0.0,0.0,14796.0038,9411.95685,1157.22731,25.1571154347826,0.0472624501979702,0.231362859612134,3423.24575,5913.01156,24485.13154,24473.12196,23982.82009,46,4609.58756,De 10 - 50M€,Más de 20M€,0.000490725295269945,Se mantiene,0.63611478999485,1.65484761094749,0.399635715151682,0.188260681894625,100.208425217391,532.28546826087,2024-12-31,2024,18093.45657,2713.46473,2027.82842,5087.17713,4204.27861983471,581.11605,2078.90775,1718.1055785124,0.0,709.78102,2737.60944,3589.385429,0.738956886567741,0.26104311343225906,31.1357027051653,23.0079419321078,0.125271497370208,Más de 5M€,Más de 10M€,,Papel y cartón,128.54372956521738,0.13980916314080788,2.447043227387069
32,VIDRIOS SAN MIGUEL SL.,B46264800,AIELO DE MALFERIT,2313,Vidrio,Industria,Fabricación de vidrio hueco,1985-04-17,1985,40,Entre 25 y 50 años,DESIGNED BY VSM,Sí,FIDES AUDIT ASSURANCE S.L.,Sí,0.0,No Grupo Corporativo,0,No participadas,,No consejo,Importador / Exportador,4.0,525.4617044,89.0,11691.5229229,21050.00422,18054.51125,8634.23617,28.3089710491803,0.355313698838694,0.0742356654026362,1562.66107,8891.23611,24300.31884,25515.62087,34500.47357,305,11163.77623,De 10 - 50M€,Más de 20M€,-0.0476297259702934,Se mantiene,0.857696324490333,1.1544092146505,0.422386428861248,0.459408631775796,36.6025450163934,79.6731765245902,2024-12-31,2024,10323.16187,517.75592,1147.30289,4588.24564,3791.93854545455,5270.40343,806.22005,666.297561983471,106.79713,1044.90515,2192.20804,9052.42902,0.42481590212748,0.57518409787252,1.95870430169328,0.832088734924805,0.345511697552322,Más de 5M€,Más de 10M€,La Vall d'Albaida,Otros,29.151593803278686,0.06430619615688961,5.691058712816687
33,JOVISA RECYCLING MACHINERY SL.,B04980181,MURO DE ALCOY,2829,Maquinaria,Industria,Fabricación de otra maquinaria de uso general n.c.o.p.,2021-03-18,2021,4,Menor de 10 años,Sin marca,No,Rives & Lozano Asesores Legales S.L.P.,Sí,0.0,No Grupo Corporativo,0,No participadas,,No consejo,Exportador,0.0,0.0,27.0,5581.4073003,9994.99402,2187.80353,1829.25348,46.9039353846154,0.0759468552000557,0.156303159048814,1562.24914,1155.34931,24085.96742,21587.4422,10509.889459,39,3414.08853,De 10 - 50M€,Más de 20M€,0.115739752623403,Crece,0.218889928860608,2.40980308460455,0.115592796522754,0.141745958153422,87.5407315384615,617.588908205128,2024-12-31,2024,19710.06508,1273.83504,969.9747,6716.58181,5550.89405785124,965.07,6538.89094,5404.04209917355,5.2849,288.4141,1258.388799,1142.760869,0.8183215038161,0.18167849618389997,20.4234564124882,16.7129535645899,0.0461647206976786,Más de 5M€,Más de 10M€,El comtat,Otros,29.624341282051283,0.06486138226288442,1.0271744660723774
34,ENVAPLAST SL,B03145232,BENIMARFULL,2222,Plástico,Industria,Fabricación de envases y embalajes de plástico,1984-04-12,1984,41,Entre 25 y 50 años,ENVAPLAST,Sí,Don Jose Brotons Figuerola,Sí,0.0,No Grupo Corporativo,0,No participadas,,No consejo,Importador / Exportador,0.0,0.0,0.0,0.0,14077.69022,11619.56254,1505.42009,40.6870294594595,0.0648867317947087,0.537519608028425,7567.034529,1349.57799,23200.7384,24009.59662,25861.50804,37,9205.43344,De 10 - 50M€,Más de 20M€,-0.0336889549958629,Se mantiene,0.825388423698387,1.64805007337347,0.0958664361063061,0.396773295801654,248.795498378378,627.046983783784,2024-12-31,2024,11331.19828,7144.89747,5454.93133,4769.58966,3941.80963636364,1881.68889,1105.05819,913.271231404959,0.0,422.13706,5877.06839,5546.220359,0.488398174430517,0.511601825569483,6.02182344818967,2.94104757883872,0.211640992209053,Más de 5M€,Más de 10M€,,Plástico,36.47508081081081,0.326154900699195,4.316143442183803
35,KAMAX GALOL COATINGS SA.,A46185484,L'OLLERIA,2561,Metal,Industria,Tratamiento y revestimiento de metales,1982-09-13,1982,43,Entre 25 y 50 años,ESLOK,Sí,RODL & PARTNER AUDITORES S.P.L.,Sí,22.0,Grupo Corporativo,0,No participadas,,No consejo,Exportador,0.0,0.0,1.0,117.47251,19294.897,7073.103,6169.011,35.6590231213873,0.271105365666169,0.243951496605553,4707.019,3505.61,22755.031,22846.05924,21811.49334,173,11007.78,De 10 - 50M€,Más de 20M€,-0.00398441757695445,Se mantiene,0.366578945718135,1.17932896972707,0.181685862329299,0.483751483353286,63.6287861271676,131.531971098266,2024-12-31,2024,6630.108,4259.294,2997.679,4658.315,3849.84710743802,2062.953,1072.73,886.553719008264,738.341,447.725,3445.404,5648.538,0.29136888453371,0.70863111546629,3.21389193064505,0.936428106843942,0.22088506003045,Más de 5M€,Más de 10M€,,Metal,20.26364161849711,0.20685618929721522,4.342485993679683
36,CARTONAJES BAÑERES SA,A03009263,BANYERES DE MARIOLA,1310,Textil,Industria,Preparación e hilado de fibras textiles,1957-07-24,1957,68,Mayor de 50 años,CB CARTOBAN CARTONAJES BAÑERES S.A.,Sí,PricewaterhouseCoopers Auditores S.L.,Sí,45.0,Grupo Corporativo,1,Participadas,,No consejo,Exportador,0.0,0.0,1.0,148.78342121,26587.02475,23911.2328,3191.6688,33.24655,0.140866611639424,0.154427509606918,4105.76802,6189.8387,22657.3832,22750.25977,26059.33861,96,7779.041079,De 10 - 50M€,Más de 20M€,-0.00408243997822277,Se mantiene,0.899357224993744,0.852197017644857,0.232814267794293,0.343333606106816,81.03167790625,236.014408333333,2024-12-31,2024,11177.09132,3638.83742,3140.66553,5303.98818,4383.46130578512,1505.58022,26.92366,22.250958677686,513.97021,466.9306,3607.59613,6782.644739,0.493309011960393,0.506690988039607,7.42377667528071,3.66221593669734,0.258935046263747,Más de 5M€,Más de 10M€,L'Alcoià,Textil,64.47748645833333,0.18121104205890823,197.00100877815214
37,ROCHLING INDUSTRIAL BOCAIRENT S.A.U.,A46215661,BOCAIRENT,2221,Plástico,Industria,"Fabricación de placas, hojas, tubos y perfiles de plástico",1983-10-20,1983,42,Entre 25 y 50 años,Sin marca,No,Ernst & Young S.L.,Sí,120.0,Grupo Corporativo,0,No participadas,,No consejo,Importador / Exportador,91.0,14641.7406772,13.0,2091.6772396,17438.60008,14277.03679,3449.40264,45.9920352,0.157610321860003,0.125906167348727,2195.6273,2373.86372,21885.63921,22584.32146,20799.11813,75,5795.81429,De 10 - 50M€,Más de 20M€,-0.0309366057881111,Se mantiene,0.818703148446765,1.25501124571921,0.136126965989807,0.264822710197643,77.2775238666667,291.8085228,2024-12-31,2024,14273.327,1688.03196,1449.25539,5131.97538,4241.30196694215,3221.36067,306.75343,253.515231404959,0.0,507.59534,1956.85073,8046.58262,0.652177752865368,0.34782224713463195,4.43083791669934,2.88969391582365,0.3294008155925,Más de 5M€,Más de 10M€,,Plástico,31.651516266666665,0.10032274035646044,16.729969017787333
38,PLA ALBERT SL,B46579058,ALBAIDA,1392,Textil,Industria,"Fabricación de artículos confeccionados con textiles, excepto prendas de vestir",1988-09-14,1988,37,Entre 25 y 50 años,MICROPLUS M+,Sí,AUDICONTROL FINANCIAL AUDIT SOCIEDAD LIMITADA PROF,Sí,0.0,No Grupo Corporativo,0,No participadas,10.0,Consejo,Importador / Exportador,66.0,11086.4086344,12.0,2015.7106608,15446.9233,12975.79532,1081.64872,30.9042491428571,0.050496295655013,0.216735142978278,3347.89113,1091.64552,21420.35779,19988.48308,16446.74575,35,4622.76895,De 10 - 50M€,Más de 20M€,0.0716349862202748,Crece,0.840024584054224,1.38670707259872,0.0706707412731181,0.215811939059119,132.079112857143,612.010222571428,2023-12-31,2023,14830.90334,3229.67831,2560.00604,4194.16569,3466.25263636364,1934.50114,1499.84224,1239.53904132231,156.96817,118.21282,2678.21886,4628.82459,0.692374211738132,0.30762578826186804,7.66652602748014,5.30810491504643,0.194264483153683,Más de 5M€,Más de 10M€,La Vall d'Albaida,Textil,31.189872,0.15629482769718014,2.796404567189692
39,KARME NATURE SL.,B54596648,MURO DE ALCOY,1729,Papel y cartón,Industria,Fabricación de otros artículos de papel y cartón,2011-11-17,2011,14,Entre 10 y 25 años,BAMBULUX,Sí,Dula Auditores S.L.P.,Sí,2.0,Grupo Corporativo,0,No participadas,,No consejo,Importador / Exportador,43.0,6177.0090734,8.0,1149.2109904,23254.14892,9731.61778,2655.36617,24.5867237962963,0.127195543815338,0.162372103704581,3775.82508,9282.04694,20876.25156,19829.87609,17816.89886,108,6511.11418,De 10 - 50M€,Más de 20M€,0.0527676252363309,Crece,0.418489526900303,0.897743092289443,0.39915659661132,0.311890961904082,60.2880942592593,193.298625555556,2024-12-31,2024,12880.6907,2884.85319,2082.82191,5343.84092,4416.39745454545,6777.75243,2871.69733,2373.3035785124,1916.27752,890.97189,2973.7938,9249.89602,0.617002083107682,0.382997916892318,1.90043688273223,1.17257351546046,0.42253017888203,Más de 5M€,Más de 10M€,El comtat,Papel y cartón,85.94487907407408,0.18086700426788688,1.8608649540374744
40,KERKOM 360 SAU,A20098364,ALBAIDA,1399,Textil,Industria,Fabricación de otros productos textiles n.c.o.p.,1985-10-31,1985,40,Entre 25 y 50 años,KERKOM,Sí,Don Fernando Nicasio Tejada Zabalegui,Sí,0.0,No Grupo Corporativo,0,No participadas,500.0,Consejo,Importador / Exportador,55.0,9396.3431155,0.0,0.0,10143.22826,5289.51299,2489.42909,39.5147474603175,0.12071509153342,0.106602568953723,1081.29419,1895.07352,20622.35184,18651.804959,17414.43208,63,3538.09163,De 10 - 50M€,Más de 20M€,0.105649125397334,Crece,0.521482200184658,2.03311522834644,0.18683139838953,0.171565864914465,56.1601846031746,327.338918095238,2024-12-31,2024,11992.41042,833.79671,485.20466,4190.02792,3462.83299173554,3938.37249,2256.75643,1865.08795867769,991.10827,247.49748,732.70214,5871.64398,0.581524867437234,0.41847513256276603,3.04501680591416,1.77075299440338,0.268452287402049,Más de 5M€,Más de 10M€,La Vall d'Albaida,Textil,30.08053206349206,0.052433117153140384,1.8566593471498358
41,VILA HERMANOS CERERIA SA,A46089348,ATZENETA D'ALBAIDA,3299,Manufacturas,Industria,Otras industrias manufactureras n.c.o.p.,1976-03-22,1976,49,Entre 25 y 50 años,THE BOTICARY HOUSE,Sí,CROWE VALENCIA S.L.,Sí,3.0,Grupo Corporativo,0,No participadas,,No consejo,Importador / Exportador,35.0,5638.8209325,61.0,9827.6593395,18945.34536,10192.2768,2542.32854,39.7238834375,0.124333927937868,0.0890150909341882,1686.42164,6373.52561,20447.58484,21708.53229,23245.72256,64,4336.66789,De 10 - 50M€,Más de 20M€,-0.058085338665703,Decrece,0.537983161896817,1.0792933278045,0.336416438385792,0.212087047146836,67.76043578125,319.493513125,2024-12-31,2024,13913.88919,1593.68019,1491.1183,5384.23406,4449.78021487603,5370.21023,4702.68527,3886.51675206612,1180.35606,92.74145,1583.85975,6051.75902,0.680466143012712,0.319533856987288,2.5909393848814,1.76304653000997,0.290179683284782,Más de 5M€,Más de 10M€,,Otros,99.58633765625,0.08247534626686015,1.1449275787915933
42,RESRG AUTOMOTIVE IBI SL,B03006350,IBI,2561,Metal,Industria,Tratamiento y revestimiento de metales,1963-06-05,1963,62,Mayor de 50 años,Sin marca,No,Grant Thornton,Sí,26.0,Grupo Corporativo,0,No participadas,,No consejo,Importador / Exportador,34.0,4212.45652,48.0,5946.99744,18896.414,13213.13,4238.256,32.8546976744186,0.220567642703667,0.109380647566253,2066.902,7873.015,19215.221,20600.923,23769.171,129,6825.643,De 10 - 50M€,De 5 - 20M€,-0.0672640735563158,Decrece,0.699240078038087,1.01687129632109,0.416640691720662,0.35522063472494,52.9119612403101,148.955201550388,2024-12-31,2024,7824.542,41.058,476.203,5518.509,4560.75123966942,2868.752,1480.382,1223.45619834711,0.0,2025.844,2502.047,6906.879,0.40720541283392,0.59279458716608,2.72750729236964,1.11065573299691,0.322975574484536,Más de 5M€,Más de 10M€,,Metal,61.03112403100776,0.10756587186793219,3.7277601321820897
43,INDUSTRIAS FRANCISCO GUILLEM SL,B03403136,IBI,1721,Papel y Cartón,Industria,Fabricación de papel y cartón ondulados; fabricación de envases y embalajes de papel y cartón,1988-10-03,1988,37,Entre 25 y 50 años,CPK,Sí,CROWE VALENCIA S.L.,Sí,0.0,No Grupo Corporativo,0,No participadas,,No consejo,No realiza actividad exterior,,,,,10816.59147,5794.99001,1700.65193,45.9635656756757,0.0895280713365854,0.0703838683481313,761.31355,5147.23931,18995.7396,21031.11034,16935.508319,37,2461.96548,De 10 - 50M€,De 5 - 20M€,-0.0967790433835933,Decrece,0.535750104464286,1.75616687129998,0.475865185837512,0.129606192327463,66.5396075675676,513.398367567568,2023-12-31,2023,14251.73587,375.08372,198.03031,5223.20362,4316.69720661157,445.999,882.46339,729.30858677686,2552.43423,386.22983,584.26014,4786.73923,0.750259593472212,0.24974040652778795,31.9546363781085,23.974272498592,0.212331170292243,Más de 5M€,Más de 10M€,,Papel y cartón,139.11457594594594,0.04007812099087734,5.918889870320848
44,GANDIA BLASCO SA,A46011888,ONTINYENT,3109,Mueble,Industria,Fabricación de otros muebles,1955-01-01,1955,70,Mayor de 50 años,DIABLA,Sí,AUREN AUDITORES SP S.L.P.,Sí,5.0,Grupo Corporativo,3,Participadas,,No consejo,Importador / Exportador,9.0,1355.3552493,83.0,12499.3872991,13011.685,5405.08543,2828.005,41.5883088235294,0.150423693540883,0.066668016479034,867.46323,3613.3,18800.263,17542.547198,15343.63365,68,3740.76023,De 10 - 50M€,De 5 - 20M€,0.0716951642087296,Crece,0.41540241944068,1.44487535626631,0.277696547372612,0.198973824461924,55.0111798529412,276.474455882353,2023-12-31,2023,10580.256,624.58123,458.18423,2092.86,1729.63636363636,5077.571,1665.24557,1376.23600826446,2023.345,242.882,701.06623,5505.18543,0.562771701651195,0.43722829834880494,2.08372389081315,1.17266083980416,0.288877413862343,Más de 5M€,Más de 10M€,La Vall d'Albaida,Otros,53.13676470588236,0.04614101568685502,1.256787610009976
45,ARTESANIA COBAVIPLAST SA,A46168795,L'OLLERIA,2222,Plástico,Industria,Fabricación de envases y embalajes de plástico,1981-12-15,1981,44,Entre 25 y 50 años,ACSA,Sí,Doña Vicente Parra Salort,Sí,0.0,No Grupo Corporativo,0,No participadas,,No consejo,Importador / Exportador,63.0,8822.07370233,30.0,4200.9874773,15003.9396,10549.43658,2768.09303,51.260982037037,0.149573458067757,0.109767874565424,1646.95056,5543.06876,18506.57908,15782.58251,18316.651669,54,4503.287489,De 10 - 50M€,De 5 - 20M€,0.172595110354978,Crece,0.703111106898884,1.23344798588765,0.369440887378672,0.243334409321855,83.3942127592593,342.714427407407,2024-12-31,2024,12395.5329,1055.89303,853.29982,3159.88876,2611.47831404959,2503.73271,1162.62636,960.848231404959,252.50282,591.05753,1444.35735,4500.995109,0.669790610485966,0.330209389514034,4.95082116812701,3.31601353260663,0.224480319927643,Más de 5M€,Más de 10M€,,Plástico,102.64942148148148,0.08899270647917065,2.7178884538623422
46,HILEX TRANSFORMACIONES METALICAS SL,B53429106,IBI,2599,Metal,Industria,Fabricación de otros productos metálicos n.c.o.p.,2000-01-24,2000,25,Mayor de 50 años,HILEX,Sí,Compania General De Auditoria S.L.P.,Sí,4.0,Grupo Corporativo,0,No participadas,,No consejo,Exportador,0.0,0.0,1.0,90.3709749,14547.68693,2618.53798,7413.01415,33.2422159192825,0.40143698733537,0.138289695790147,2011.7952,6288.78956,18466.19615,20427.77802,8393.623639,223,9429.09866,De 10 - 50M€,De 5 - 20M€,-0.0960252195847976,Decrece,0.179996860848036,1.26935616904976,0.432287936237572,0.510614020527449,42.282953632287,82.8080544843049,2024-12-31,2024,7313.55645,935.75214,308.484139,4920.51557,4066.54179338843,3250.41,1393.95965,1152.03276859504,5094.72895,1076.04306,1384.5272,6776.96592,0.396051054076992,0.6039489459230081,2.25004121018579,0.891131193010755,0.333848886620507,Más de 5M€,Más de 10M€,,Metal,28.20085004484305,0.10894475416909291,3.5298837882430862
47,INDUSTRIAS PEYGRAN S.L.U.,B54749460,TIBI,2229,Plástico,Industria,Fabricación de otros productos de plástico,2013-11-29,2013,12,Entre 10 y 25 años,PEYGRAN,Sí,PRB Audit Partners S.L.P.,Sí,5.0,Grupo Corporativo,0,No participadas,,No consejo,Exportador,0.0,0.0,13.0,1231.50183637,22465.89133,13982.63621,3380.53101,40.7292892771084,0.184385613312982,0.2209470208454,4963.77176,6789.94387,18334.028069,17142.378829,16450.63344,83,8860.93702,De 10 - 50M€,De 5 - 20M€,0.0695148119107056,Crece,0.622394010752121,0.816082825279116,0.302233451157711,0.483305522749934,106.758277349398,220.891904445783,2024-12-31,2024,4916.74608,3733.67086,3126.46469,5590.57142,4620.30695867769,3298.92254,1323.57249,1093.86156198347,805.89111,1230.1009,4356.56559,7565.92147,0.268175987376907,0.731824012623093,1.49040967782166,0.39969208694592,0.372278689167868,Más de 5M€,Más de 10M€,,Plástico,81.80655265060241,0.2707409272702581,4.223849817247268
48,SEYCA PLASTIC PACKAGING SL.,B03907862,IBI,2222,Plástico,Industria,Fabricación de envases y embalajes de plástico,1994-01-12,1994,31,Entre 25 y 50 años,SPHAKER,Sí,Don Fernando Maria Musoles Martinez Curt,Sí,0.0,No Grupo Corporativo,0,No participadas,,No consejo,Importador / Exportador,10.0,1066.457017,3.0,319.9371051,13467.96201,6784.02812,3687.81926,33.2235969369369,0.207850811380221,0.251350867895714,3385.18394,6696.4246,17742.62624,16181.97208,18211.26864,111,7078.05607,De 10 - 50M€,De 5 - 20M€,0.0964440027633517,Crece,0.503716012486733,1.31739503176695,0.497211426274286,0.398929446760414,63.7662709009009,159.84347963964,2024-12-31,2024,6988.34342,2270.81969,1658.34985,4261.058968,3521.53633719008,1536.11495,1902.4551,1572.27694214876,1677.73292,1114.36425,2772.7141,3894.718818,0.393873112439526,0.606126887560474,4.54936228568051,1.79187148307598,0.196440724044769,Más de 5M€,Más de 10M€,,Plástico,60.32814954954955,0.19079384834068397,2.239768480212751
49,POLYPRES MEDITERRANEO SL,B97054118,ALFARRASI,2221,Plástico,Industria,"Fabricación de placas, hojas, tubos y perfiles de plástico",2000-12-28,2000,25,Mayor de 50 años,POLYPRES,Sí,Asesores Y Consultores Financieros Independientes,Sí,0.0,No Grupo Corporativo,0,No participadas,,No consejo,Importador / Exportador,0.0,0.0,72.0,9085.5302112,17715.63994,10673.40513,2263.14758,33.7783220895522,0.128810810343633,0.148020808612122,2622.283349,3774.82046,17569.54695,18667.74637,20788.60391,67,4950.75499,De 10 - 50M€,De 5 - 20M€,-0.0588287090596464,Decrece,0.60248487585823,0.991753445515104,0.213078413920395,0.281780458203562,73.8918655223881,262.232044029851,2024-12-31,2024,9897.70666,2141.426759,1595.26599,4087.54183,3378.13374380165,6138.59058,1103.56777,912.039479338843,3636.29452,480.85659,2076.12258,9122.56464,0.563344444120684,0.43665555587931604,1.61237445811217,0.908322192819591,0.489749955929445,Más de 5M€,Más de 10M€,,Plástico,56.340603880597016,0.1492516202303099,3.703933678672037
50,CERERIA MOLLA 1899 SL.,B96623129,ALBAIDA,3299,Manufacturas,Industria,Otras industrias manufactureras n.c.o.p.,1997-02-13,1997,28,Entre 25 y 50 años,CERERÍA MOLLÁ 1899,Sí,Ernst & Young S.L.,Sí,2.0,Grupo Corporativo,1,Participadas,,No consejo,Exportador,0.0,0.0,46.0,3773.02156846,8156.53798,6378.88769,1619.65594,36.8103622727273,0.0974359623082829,0.824827054872611,6727.7332,444.80535,16622.77358,12545.1417,11093.50959,44,8420.552779,De 10 - 50M€,De 5 - 20M€,0.325036733542834,Crece,0.782058234221573,2.03796924881112,0.0545335963727101,0.506567254764954,191.376199522727,377.790308636364,2024-12-31,2024,6474.495,6562.611,5049.94631,2561.58315,2117.01086776859,3109.67383,640.87486,529.648644628099,10.0894,165.1222,5215.06851,5030.38212,0.389495469503953,0.610504530496047,2.08204955051508,0.810948867208364,0.282566325681764,Más de 5M€,Más de 10M€,La Vall d'Albaida,Otros,10.1092125,0.40472988262888915,3.9970098842697537
51,MULTISCAN TECHNOLOGIES SL,B41991647,COCENTAINA,2893,Alimentación,Industria,"Fabricación de maquinaria para la industria de la alimentación, bebidas y tabaco",1999-05-28,1999,26,Entre 25 y 50 años,MULTI SCAN,Sí,ADN AUDIFIEL S.L.,Sí,7.0,Grupo Corporativo,4,Participadas,6.75,Consejo,Importador / Exportador,21.0,1688.1444573,77.0,6189.8630101,18682.1644,12936.86494,4083.74667,49.8017886585366,0.250878187255156,0.229573626918731,4288.93224,2126.54531,16277.80683,14849.35924,13521.79158,82,8239.0237,De 10 - 50M€,De 5 - 20M€,0.0961959076424095,Crece,0.692471421566122,0.87130197987124,0.11382756646762,0.506150723254405,100.475898780488,198.509839390244,2023-12-31,2023,7445.95833,3546.04636,2685.158139,8946.54564,7393.83937190083,6125.49255,757.43998,625.983454545455,19.50617,742.88588,3428.044019,14314.59821,0.457430070756037,0.542569929243963,1.2155689145357,0.556037774584903,0.792081427308311,Más de 5M€,Más de 10M€,El comtat,Alimentación,25.933479390243903,0.26348342161767746,11.811557187673138
52,GONZALO FERRI SA,A46052536,ONTINYENT,1320,Textil,Industria,Fabricación de tejidos textiles,1972-01-17,1972,53,Mayor de 50 años,HUNFER COLOR,Sí,ESCRIG TENA AUDITORES SOCIEDAD LIMITADA,Sí,0.0,No Grupo Corporativo,0,No participadas,,No consejo,Importador / Exportador,71.0,8805.07523891,81.0,10045.22668101,15925.62294,14163.06538,2121.619569,46.1221645434783,0.130387127641688,0.114221886757794,1819.0547,1361.7858,16271.69497,15988.69636,14945.93376,46,3870.180549,De 10 - 50M€,De 5 - 20M€,0.0176999177186201,Se mantiene,0.889325675570717,1.02173051762583,0.0855091072500301,0.23784741270872,84.1343597608696,353.732499347826,2024-12-31,2024,10616.80319,1715.07456,1277.45798,2824.40956,2334.2227768595,6123.57456,545.08424,450.482842975207,96.46066,103.98014,1381.438119,8402.899879,0.652470637482704,0.34752936251729605,1.73375911176952,1.1312269128977,0.492100823463525,Más de 5M€,Más de 10M€,La Vall d'Albaida,Textil,29.604039130434785,0.11179257621002466,5.181601948352043
54,REGICARP SL,B03442415,COCENTAINA,2223,Plástico,Industria,Fabricación de productos de plástico para la construcción,1989-04-18,1989,36,Entre 25 y 50 años,AISLASUN CLARIDAD QUE PROTEGE,Sí,PRB Audit Partners S.L.P.,Sí,2.0,Grupo Corporativo,0,No participadas,,No consejo,Importador / Exportador,27.0,3043.7034174,0.0,0.0,12437.76432,8571.32431,3024.40946,38.2836640506329,0.188524647092583,0.128078028978121,1593.004339,7490.22288,16042.5149,16333.25453,14245.32984,79,4769.53928,De 10 - 50M€,De 5 - 20M€,-0.0178004713920294,Se mantiene,0.689137057872793,1.28982303308349,0.602216177062921,0.297306208517219,60.3739149367089,203.06980886076,2024-12-31,2024,9084.91131,946.86047,816.33984,940.63092,777.380925619835,1511.51488,532.93453,440.441760330579,294.50476,646.14387,1462.48371,1919.211269,0.566302189315716,0.43369781068428404,6.01046766406957,3.40374099697392,0.115222211530516,Más de 5M€,Más de 10M€,El comtat,Plástico,94.81294784810127,0.09929891596983963,1.7650027668501784
55,TEXTILES FERRE SANZ SL,B53139564,BANYERES DE MARIOLA,1310,Textil,Industria,Preparación e hilado de fibras textiles,1996-10-01,1996,29,Entre 25 y 50 años,Sin marca,No,GREEN AUDIT S.L.P.,Sí,0.0,No Grupo Corporativo,0,No participadas,,No consejo,No realiza actividad exterior,,,,,16565.29553,13796.57636,1239.00735,29.500175,0.077776104258813,0.114069113079083,1889.588569,4125.63215,15930.43727,19534.1774,22295.54991,42,3197.97308,De 10 - 50M€,De 5 - 20M€,-0.184483843686195,Decrece,0.832860261081017,0.961675403928034,0.249052734527339,0.200746095402063,76.1422161904762,379.29612547619,2024-12-31,2024,11625.89892,872.40394,762.257619,5578.4382,4610.27950413223,3405.89215,2338.02452,1932.25166942149,0.0,1017.18463,1779.44225,6646.30583,0.729791575896899,0.270208424103101,3.41346654796453,2.49111913131039,0.381905397924507,Más de 5M€,Más de 10M€,L'Alcoià,Textil,98.22933690476191,0.11861498444606097,2.3859622310547843
56,COOVER IBI SL.,B54114871,IBI,2222,Plástico,Industria,Fabricación de envases y embalajes de plástico,2006-04-06,2006,19,Entre 10 y 25 años,SARABIA PLASTICS,Sí,EDUARDO VALDERRAMA Y ASOCIADOS S.L.,Sí,2.0,Grupo Corporativo,0,No participadas,,No consejo,Importador / Exportador,0.0,0.0,7.0,764.8781966,11268.62824,2416.68133,2358.57823,33.6939747142857,0.152261863368962,0.195663131575632,2204.85509,3796.06755,15490.27562,14180.54414,16107.49474,70,4563.44424,De 10 - 50M€,De 5 - 20M€,0.0923611581522852,Crece,0.214461004350251,1.3746372042885,0.336870421949424,0.294600583743519,65.1920605714286,221.289651714286,2024-12-31,2024,8025.45119,1473.41573,953.73078,5514.61221,4557.53075206612,1759.67522,2611.34433,2158.13580991736,1854.08038,731.43936,1685.17014,4662.9431,0.518096087305127,0.481903912694873,4.5607570640223,2.36291039001917,0.268495555803981,Más de 5M€,Más de 10M€,,Plástico,54.22953642857143,0.14233801541615176,2.1117905236189185
57,GAVIPLAS SL,B46162400,ALFARRASI,2222,Plástico,Industria,Fabricación de envases y embalajes de plástico,1981-07-22,1981,44,Entre 25 y 50 años,GAVIPLAS,Sí,Servicios De Control Y Auditoria Financial,Sí,2.0,Grupo Corporativo,1,Participadas,,No consejo,Exportador,0.0,0.0,53.0,4711.03685287,22174.71928,7629.02115,2854.44071,33.9814370238095,0.188696220406516,0.154815451625415,3432.98918,13113.28487,15127.174799,14931.48867,15596.76356,84,6238.42602,De 10 - 50M€,De 5 - 20M€,0.0131056007424877,Se mantiene,0.344041385763148,0.682181118416395,0.591361933579346,0.41239862055487,74.2669764285714,180.08541427381,2024-12-31,2024,7020.65813,2506.2416,1397.72767,4253.60494,3515.37598347107,2550.18426,2097.74738,1733.67552066116,1853.12559,926.74758,2324.47525,4706.04182,0.46410901065704,0.53589098934296,2.75300033810106,1.27769226325458,0.286364425635928,Más de 5M€,Más de 10M€,,Plástico,156.11053416666667,0.22694185964103103,2.0277012287342187
58,FRANCISCO JOVER SA,A03027919,COCENTAINA,1310,Textil,Industria,Preparación e hilado de fibras textiles,1970-12-31,1970,55,Mayor de 50 años,THE JOVER ARCHIVE,Sí,Valls-Trives Auditores S.L.,Sí,3.0,Grupo Corporativo,4,Participadas,344.62469,Consejo,Importador / Exportador,43.0,5174.89603463,7.0,842.42493587,13027.57825,10718.88338,2424.83253,44.9043061111111,0.16157521333759,0.0420157315117259,547.36323,2281.10074,15007.45368,14861.59265,14309.97135,54,2972.811739,De 10 - 50M€,De 5 - 20M€,0.00981462979339565,Se mantiene,0.822784033555891,1.15197570814821,0.175097834472804,0.198089016457321,55.0520692407407,277.915808888889,2024-12-31,2024,8723.27774,247.05722,158.11243,4187.26307,3460.54799173554,5529.92097,806.49453,666.524404958678,4.61474,300.30601,458.41844,8910.68951,0.581263012767133,0.418736987232867,1.57746878975741,0.916924261280513,0.554654022878641,Más de 5M€,Más de 10M€,El comtat,Textil,42.242606296296294,0.036472758248753095,5.191929906827764
59,ENTIDAD MAYA SL,B96330725,ONTINYENT,2229,Plástico,Industria,Fabricación de otros productos de plástico,1994-08-22,1994,31,Entre 25 y 50 años,MAYA,Sí,ANDREU GOMIS AUDITORES Y CONSULTORES S.L,Sí,2.0,Grupo Corporativo,0,No participadas,,No consejo,Importador / Exportador,0.0,0.0,9.0,987.133131,10416.28285,7675.34456,2512.94009,43.3265532758621,0.169237029414682,0.125466584175947,1306.895429,1006.21739,14848.64216,13732.67935,13226.645229,58,3880.49626,De 10 - 50M€,De 5 - 20M€,0.0812632976826915,Crece,0.73686022840672,1.42552217272018,0.0966004288180404,0.261336775321684,66.9051079310345,256.011071724138,2024-12-31,2024,8738.7567,1067.810129,971.65821,3542.23046,2927.46319008264,3426.51204,1675.05314,1384.34143801653,123.20618,239.0853,1210.74351,5293.68936,0.588522277379739,0.41147772262026105,2.55033590951573,1.50092949755152,0.334686076916417,Más de 5M€,Más de 10M€,La Vall d'Albaida,Plástico,17.348575689655174,0.08801447397800312,2.1146973641683937
60,CLUSTAG SOCIEDAD LIMITADA.,B98699572,ONTINYENT,2829,Maquinaria,Industria,Fabricación de otra maquinaria de uso general n.c.o.p.,2015-01-02,2015,10,Mayor de 50 años,MOT STATION,Sí,Don Antonio Herrero Garcia,Sí,6.0,Grupo Corporativo,1,Participadas,,No consejo,No realiza actividad exterior,,,,,11776.00304,4112.99386,2407.02768,58.707992195122,0.165967268506155,0.216680779576293,2551.633519,2129.781589,14503.02642,9571.69569,7556.04226,41,4937.12012,De 10 - 50M€,De 5 - 20M€,0.515199280222834,Crece,0.349269089522925,1.23157461582992,0.180857764877072,0.340419990767692,120.417563902439,353.732351707317,2024-12-31,2024,8500.756698,2273.31353,1733.439079,3490.56123,2884.76134710744,3297.06906,1742.24023,1439.86795867769,315.04775,278.31999,2011.759069,5045.39006,0.586136744967744,0.41386325503225596,2.57827680988884,1.51122277697407,0.326963649593197,Más de 5M€,Más de 10M€,La Vall d'Albaida,Otros,51.94589241463415,0.17593800391077272,2.0034902018075846
61,JMOLTO LT SL.,B54884820,COCENTAINA,1330,Textil,Industria,Acabado de textiles,2015-09-25,2015,10,Mayor de 50 años,DECORITY.COM,Sí,PRB Audit Partners S.L.P.,Sí,2.0,Grupo Corporativo,0,No participadas,,No consejo,Importador / Exportador,1.0,65.9810735,16.0,1055.697176,14822.74836,8074.05749,4604.46385,39.3543918803419,0.31963792467241,0.207811385256492,3080.33587,5619.37196,14405.24886,17685.095349,20999.785689,117,7807.14151,De 10 - 50M€,De 5 - 20M€,-0.185458230463284,Decrece,0.544707182089678,0.971833867116935,0.379104591370126,0.541965056339888,66.7277052136752,123.121785128205,2024-12-31,2024,3823.99302,2761.55995,2291.66282,3479.46435,2875.59037190083,258.36013,600.55774,496.328710743802,326.29696,318.77592,2610.43874,3137.26674,0.265458310173199,0.734541689826801,14.8010183304986,3.9290533148567,0.18310143870413,Más de 5M€,Más de 10M€,El comtat,Textil,48.02882017094017,0.21383426971215824,5.7937215995251385
62,ENVASES METALICOS EUROBOX SL,B53285490,BENASAU,2592,Metal,Industria,Fabricación de envases y embalajes metálicos ligeros,1998-06-12,1998,27,Entre 25 y 50 años,EUROBOX PREMIUM METAL PACKAGING,Sí,Grant Thornton,Sí,0.0,No Grupo Corporativo,0,No participadas,,No consejo,Importador / Exportador,19.0,1336.38921569,40.0,2813.4509804,12245.63042,10237.21978,1949.88448,41.4869038297872,0.138163914896187,0.411326392945313,5036.95099,1166.41826,14112.83461,11541.6431,9658.59461,47,7079.207159,De 10 - 50M€,De 5 - 20M€,0.222775170547424,Crece,0.835989608446798,1.15247922123719,0.0952517934964756,0.501614831791754,150.621428914894,300.273076808511,2024-12-31,2024,6272.88776,4672.13411,3573.37702,2718.61471,2246.78901652893,4074.565,1295.4905,1070.65330578512,4.55151,364.81688,3938.1939,5497.68921,0.444481065168523,0.5555189348314771,1.53952330126038,0.684288956795975,0.372051459245706,Más de 5M€,Más de 10M€,,Metal,24.81740978723404,0.3569056911097749,2.0985215329637814
63,PLAST-TEXTIL SL,B46889408,ATZENETA D'ALBAIDA,2229,Plástico,Industria,Fabricación de otros productos de plástico,1990-12-28,1990,35,Entre 25 y 50 años,PLASTEXTIL AGROTEXTILE SOLUTIONS,Sí,Audisafor S.L.,Sí,2.0,Grupo Corporativo,1,Participadas,461.7468,Consejo,Exportador,0.0,0.0,68.0,6880.6433216,14533.31317,9786.11006,2875.22379,31.2524325,0.205824598969367,0.061971925428481,900.6574,4177.23303,13969.29135,12996.32393,12961.972219,92,3850.69823,De 10 - 50M€,De 5 - 20M€,0.0748648175622997,Crece,0.67335713099479,0.961191105331421,0.287424689823842,0.275654514858408,41.8554155434783,151.840123369565,2024-12-31,2024,7541.08675,569.84065,402.37468,6852.16316,5662.94476033058,1789.564,564.80637,466.782123966942,3271.33973,330.81675,733.191429,8076.92079,0.539833164121099,0.46016683587890095,4.21392403401052,2.27481594464584,0.500077381259833,Más de 5M€,Más de 10M€,,Plástico,45.40470684782609,0.06447409374134072,12.131880099015179
64,FDJ NINCO SLU,B53068334,IBI,3240,Juguete,Industria,Fabricación de juegos y juguetes,1995-11-13,1995,30,Entre 25 y 50 años,CHICOS,Sí,FORVIS MAZARS AUDITORES S.L.P.,Sí,221.0,Grupo Corporativo,1,Participadas,,No consejo,Importador / Exportador,51.0,5429.62241409,0.0,0.0,14836.50765,1689.46223,1547.2282,35.9820511627907,0.115045523953737,0.0880793243819748,1306.78957,7130.33258,13448.834399,11761.9285,6992.71835,43,2802.51594,De 10 - 50M€,De 5 - 20M€,0.143420859853042,Crece,0.113871961640515,0.90646900984141,0.480593731908331,0.208383556288594,65.1747893023256,312.763590674419,2022-03-31,2022,8315.00845,831.22248,460.11734,2559.94563,2115.65754545455,2846.22664,732.64212,605.489355371901,1855.06091,475.56709,935.68443,4673.530149,0.618269822001695,0.381730177998305,2.92141473667044,1.80622256923436,0.323923598197221,Más de 5M€,Más de 10M€,,Juguete,165.82168790697676,0.0971674965450662,3.4941283883596603
65,IBIDE FITTING PLASTIC SL.,B54982723,IBI,2221,Plástico,Industria,"Fabricación de placas, hojas, tubos y perfiles de plástico",2017-01-20,2017,8,Menor de 10 años,IBIDE,Sí,Asesores Y Consultores Financieros Independientes,Sí,0.0,No Grupo Corporativo,0,No participadas,,No consejo,Exportador,0.0,0.0,3.0,219.9083208,17576.45516,15444.3642,1197.02858,26.6006351111111,0.0903718551031992,0.248467065756165,4367.17024,2843.28786,13245.59044,13759.97261,13146.09791,45,5915.31308,De 10 - 50M€,De 5 - 20M€,-0.0373824995571703,Se mantiene,0.878696190978705,0.753598511157354,0.161766854244346,0.446587345939408,131.451401777778,294.346454222222,2024-12-31,2024,4379.07893,4020.77789,3386.09987,3045.58222,2517.01009917355,1216.06526,910.08003,752.132256198347,0.0,346.39235,3732.49222,3351.56745,0.330606547879945,0.6693934521200551,3.60102296648126,1.19052177178477,0.225051734498233,Más de 5M€,Más de 10M€,,Plástico,63.184174666666664,0.3297074796161371,3.3464993402832888
66,INDUSTRIAS CLIMBER SA,A03218112,IBI,2229,Plástico,Industria,Fabricación de otros productos de plástico,1986-03-06,1986,39,Entre 25 y 50 años,INDUSTRIAS CLIMBER,Sí,LST3 Marenostrum Soluciones Globales S.L.,Sí,2.0,Grupo Corporativo,1,Participadas,207.53781,Consejo,Importador,64.0,5033.7517824,0.0,0.0,8453.39991,7458.14923,2431.73241,47.6810276470588,0.184768786387989,0.325052956118812,2747.80263,3873.50565,13160.94811,14458.4171,12585.73081,51,5295.71095,De 10 - 50M€,De 5 - 20M€,-0.089737969310624,Decrece,0.882266225353581,1.55688223083249,0.458218668374817,0.402380657209354,103.837469607843,258.057806078431,2024-12-31,2024,5553.53445,2433.75475,1908.23755,2123.79175,1755.19979338843,319.61932,182.56935,150.883760330578,0.0,314.04788,2222.28543,2260.841719,0.421970697215977,0.578029302784023,17.3754654443292,7.33193726799572,0.146185163635437,Más de 5M€,Más de 10M€,,Plástico,75.95109117647058,0.2087845500972802,11.632794606542705
67,DICARCONO SL,B53264826,IBI,1072,Alimentación,Industria,Fabricación de galletas y productos de panadería y pastelería de larga duración,1998-03-27,1998,27,Entre 25 y 50 años,DICAR,Sí,Doña Carmen Prieto Pastor,Sí,0.0,No Grupo Corporativo,0,No participadas,,No consejo,Importador / Exportador,24.0,1826.63417256,13.0,989.42684347,11979.39653,10658.27066,3057.12351,34.3497023595506,0.233920820183729,0.192734974021267,2308.848679,4777.84144,13069.052629,12538.92737,11811.71341,89,5458.07691,De 10 - 50M€,De 5 - 20M€,0.0422783578975305,Se mantiene,0.889716826161359,1.09096085067985,0.398838240977736,0.417633708038532,61.3267068539326,146.843287966292,2024-12-31,2024,4657.70755,1552.10248,1231.28251,1112.70539,919.591231404959,1014.73815,640.08688,528.997421487603,0.0,756.7462,1988.02871,1487.35666,0.35639213355562,0.6436078664443801,4.5900585781662,1.63586076981793,0.107531280178561,Más de 5M€,Más de 10M€,,Alimentación,53.68361168539326,0.17666534404159528,1.7383661886648905
68,CAMPOS MONTAVERNER SL,B97700207,ONTINYENT,1391,Textil,Industria,Fabricación de tejidos de punto,2006-02-02,2006,19,Entre 10 y 25 años,CAMPOS,Sí,Consauval Auditores S.L.P.,Sí,3.0,Grupo Corporativo,0,No participadas,,No consejo,Importador / Exportador,100.0,8627.81994,0.0,0.0,7757.4462,3975.64566,2564.30829,27.8729161956522,0.196611216108949,0.241573983458628,1873.99718,2301.1935,13042.53308,11817.39032,11187.53673,92,4414.71314,De 10 - 50M€,De 5 - 20M€,0.103672869121243,Crece,0.512494132411772,1.68129210873548,0.296643178782213,0.338485868728193,47.9860123913043,141.766663913043,2024-12-31,2024,6662.94979,1076.32719,745.14836,2704.27389,2234.93709917355,2203.56311,1249.72886,1032.83376859504,1608.01586,797.66999,1542.81835,3658.108139,0.51086316968728,0.48913683031272004,3.02371634366306,1.54470531555894,0.261120015543676,Más de 5M€,Más de 10M€,La Vall d'Albaida,Textil,25.012972826086955,0.14368352899742082,2.1638884853791396
69,MAPELOR SL,B53020418,BENIARRES,1712,Papel y Cartón,Industria,Fabricación de papel y cartón,1995-03-21,1995,30,Entre 25 y 50 años,LA PAJARITA,Sí,PRB Audit Partners S.L.P.,Sí,0.0,No Grupo Corporativo,0,No participadas,,No consejo,Importador / Exportador,0.0,0.0,11.0,875.0647081,11138.03635,7828.39087,3654.58094,51.4729709859155,0.281049964647474,0.124977861111039,1392.00796,4536.90342,13003.314,12743.50125,12372.586979,71,5048.18029,De 10 - 50M€,De 5 - 20M€,0.02038786240163,Se mantiene,0.70285197713509,1.16746916524473,0.407334226378243,0.38822259387107,71.1011308450704,183.145267605634,2024-12-31,2024,6054.8319,907.53833,671.98608,2419.22889,1999.36271900826,3692.64983,551.53594,455.814826446281,292.35881,484.46963,1156.45571,5560.34278,0.465637598230728,0.5343624017692721,1.63969836804158,0.763505209917723,0.402681787316832,Más de 5M€,Más de 10M€,,Papel y cartón,63.90004816901408,0.107050245806569,4.3863485850078865
70,CCL LABEL SPAIN S.L.U.,B03384070,IBI,1812,Artes gráficas,Industria,Otras actividades de impresión y artes gráficas,1991-02-14,1991,34,Entre 25 y 50 años,"CREAPRINT, S.L.",Sí,PRB Audit Partners S.L.P.,Sí,259.0,Grupo Corporativo,1,Participadas,,No consejo,Importador / Exportador,0.0,0.0,37.0,2766.14738703,23456.29957,10399.31959,3134.64849,40.7097206493507,0.243247050019291,0.0932818952738162,2188.04808,17416.54291,12886.686559,12562.64565,11237.894459,77,5410.61254,De 10 - 50M€,De 5 - 20M€,0.0257940021574994,Se mantiene,0.443348685881402,0.54939128486753,0.742510252225603,0.419860645731408,70.2676953246753,167.359565701299,2024-12-31,2024,5397.05395,572.22737,246.76132,4596.79521,3799.00430578512,1047.26693,602.77285,498.159380165289,1309.85845,1615.82071,1862.58203,5041.28929,0.418808506382948,0.581191493617052,5.1534654588969,2.15831517153672,0.337411159626843,Más de 5M€,Más de 10M€,,Otros,226.18886896103896,0.1697913633564617,7.62608204732512
71,MOIXENT INDUSTRIAL PLASTIC SL,B96563119,L'OLLERIA,2229,Plástico,Industria,Fabricación de otros productos de plástico,1996-06-26,1996,29,Entre 25 y 50 años,"MOINPLAST MOIXENT INDUSTRIAL PLASTIC, S.L.",Sí,Milla Martinez Y Asociados Auditores S.L.,Sí,0.0,No Grupo Corporativo,0,No participadas,,No consejo,Importador / Exportador,16.0,1486.9205392,0.0,0.0,8533.89168,5667.17514,1405.81855,34.2882573170732,0.109628280935886,0.289206861599162,2468.06003,3000.33786,12823.50264,11104.19642,9882.72904,41,3530.24927,De 10 - 50M€,De 5 - 20M€,0.154833916383478,Crece,0.664078635223549,1.50265589497147,0.351579088709502,0.275295242579683,86.1036407317073,312.768357073171,2024-12-31,2024,7949.34722,2060.91177,1284.35443,3182.13269,2629.86172727273,264.254,992.46795,820.221446280992,160.9569,407.14826,1691.50269,2453.91874,0.619904517756624,0.38009548224337597,30.082220969219,18.6481046829719,0.161726038447771,Más de 5M€,Más de 10M€,,Plástico,73.17897219512196,0.19246379864277083,3.2062825706361626
72,NONWOVENS IBERICA SL,B03561099,MURO DE ALCOY,1320,Textil,Industria,Fabricación de tejidos textiles,1990-12-03,1990,35,Entre 25 y 50 años,FELTROLITE,Sí,ADN AUDIFIEL S.L.,Sí,2.0,Grupo Corporativo,1,Participadas,,No consejo,Importador / Exportador,86.0,8605.25638794,12.0,1200.73344948,11544.75819,7316.6716,1345.06384,32.8064351219512,0.105409189577523,0.122019470379223,1408.68528,5114.58577,12760.403959,11961.208239,12274.24579,41,2754.29188,De 10 - 50M€,De 5 - 20M€,0.0668156346776232,Crece,0.633765686520629,1.10529850422099,0.443022338434964,0.21584676228509,67.1778507317073,311.229364853659,2024-12-31,2024,8399.122448,584.41087,457.30342,3760.72478,3108.03700826446,1619.21347,319.57582,264.112247933884,460.70264,824.27441,1281.57783,5060.36243,0.658217598360281,0.34178240163971896,5.18716191756977,3.41428125968868,0.349764650450795,Más de 5M€,Más de 10M€,El comtat,Textil,124.7459943902439,0.11039503800398456,11.767863976692606
73,INDUSTRIAL JUGUETERA SOCIEDAD ANONIMA,A03003324,IBI,3240,Juguete,Industria,Fabricación de juegos y juguetes,1975-02-15,1975,50,Mayor de 50 años,INJUSA,Sí,Doña Carmen Prieto Pastor,Sí,3.0,Grupo Corporativo,3,Participadas,,No consejo,Importador / Exportador,24.0,1707.6924168,73.0,5194.2311011,21307.6258,8025.51696,2977.56758,40.7885969863014,0.237467398759023,0.111175257733313,2368.88079,11903.96509,12538.84784,11365.146659,13494.44611,73,5423.46277,De 10 - 50M€,De 5 - 20M€,0.103271978463257,Crece,0.376649986034577,0.588467619888463,0.558671585550371,0.432532784447602,74.2940105479452,171.76503890411,2024-12-31,2024,6119.49356,994.30437,378.37861,4504.21926,3722.49525619835,4502.30624,1509.24363,1247.30878512397,8269.81588,1374.57642,1752.955029,7497.28187,0.488042732321728,0.511957267678272,1.35919087547452,0.663343228613347,0.556470004270694,Más de 5M€,Más de 10M€,,Juguete,163.06801493150684,0.1889233221606747,2.984421580762274
74,BREVIA SA,A96345004,MONTAVERNER,1399,Textil,Industria,Fabricación de otros productos textiles n.c.o.p.,1994-09-27,1994,31,Entre 25 y 50 años,SALUSTAR,Sí,KRESTON IBERAUDIT APM S.L.,Sí,2.0,Grupo Corporativo,0,No participadas,,No consejo,No realiza actividad exterior,,,,,16369.88552,5438.65424,1539.11917,35.7934690697674,0.122767569234575,0.17532441179833,2870.04055,8586.20884,12536.85464,7049.72369,5676.755569,43,4445.397569,De 10 - 50M€,De 5 - 20M€,0.778346952488857,Crece,0.332235325247406,0.765848644737498,0.524512454867797,0.354586353327935,103.381338813953,291.554759069767,2024-12-31,2024,6579.38217,2177.37684,1467.12189,3739.46068,3090.46337190083,2020.70253,1816.34681,1501.1130661157,2831.46897,692.66371,2159.7856,3943.8164,0.524803258786129,0.475196741213871,3.2559874955964,1.70875284825587,0.287955227961798,Más de 5M€,Más de 10M€,,Textil,199.6792753488372,0.22892827845693203,2.058781208198896
75,HILADOS BENISAIDO SL,B53110730,MURO DE ALCOY,1310,Textil,Industria,Preparación e hilado de fibras textiles,1996-05-06,1996,29,Entre 25 y 50 años,BEGREEN,Sí,PRB Audit Partners S.L.P.,Sí,0.0,No Grupo Corporativo,0,No participadas,,No consejo,Importador / Exportador,74.0,7122.3573058,63.0,6063.6285171,8820.77953,3212.68812,1848.96384,27.5964752238806,0.148504957301653,0.107090142746148,944.618539,3304.04014,12450.51932,14693.498309,15975.03784,67,2825.71215,De 10 - 50M€,De 5 - 20M€,-0.15265112104897,Decrece,0.364218163380397,1.41149875446439,0.374574619937247,0.226955364461054,42.1748082089552,185.828646567164,2024-12-31,2024,8160.62661,195.56071,18.23268,2420.61857,2000.51121487603,2925.20946,465.19628,384.45973553719,1257.42074,749.05783,767.29051,4880.631749,0.655444676664298,0.34455532333570205,2.78975804009604,1.82853205656238,0.364744700411327,Más de 5M€,Más de 10M€,El comtat,Textil,49.314031940298506,0.07586981030442673,5.203434924286146
76,PLASTICOS VIDAL SL,B46287132,L'OLLERIA,2229,Plástico,Industria,Fabricación de otros productos de plástico,1985-12-11,1985,40,Entre 25 y 50 años,INCA,Sí,Servicios De Control Y Auditoria Financial,Sí,2.0,Grupo Corporativo,1,Participadas,,No consejo,Exportador,0.0,0.0,2.0,207.44925122,21784.67559,11453.43542,1162.04803,27.0243727906977,0.09342629839154,0.0215225931211583,468.862709,12131.43332,12438.12556,12279.91776,19046.84107,43,2065.662999,De 10 - 50M€,De 5 - 20M€,0.0128834576169019,Se mantiene,0.525756528835232,0.57095757559546,0.556879227780137,0.166075104245852,48.0386743953488,289.258733953488,2024-12-31,2024,9174.63189,27.10285,42.54842,3956.15519,3269.54974380165,3765.40369,1440.34671,1190.36918181818,7360.80792,441.75986,484.308279,6281.21217,0.737621745796237,0.26237825420376304,2.43655996682789,1.79725961646881,0.469892687912653,Más de 5M€,Más de 10M€,,Plástico,282.1263562790698,0.03769560829228355,2.7466686753497025
77,VICEDO-MARTI SL,B53160099,IBI,2229,Plástico,Industria,Fabricación de otros productos de plástico,1997-01-02,1997,28,Entre 25 y 50 años,VICEDO.MARTI,Sí,B.P.G. Auditores S.L.P.,Sí,0.0,No Grupo Corporativo,0,No participadas,,No consejo,Importador / Exportador,17.0,1153.78486957,19.0,1289.52426599,10105.72831,4487.08323,3382.9225,37.5880277777778,0.272242009122267,0.220895616973103,2232.31109,5564.87945,12426.15903,10733.78713,9602.5838,90,5639.189209,De 10 - 50M€,De 5 - 20M€,0.15766773455661,Crece,0.444013839711074,1.22961538731492,0.550665848051084,0.453815953536851,62.6576578777778,138.068433666667,2024-12-31,2024,5266.45969,1350.21565,1049.35651,1962.70206,1622.06781818182,1206.461,891.65154,736.902099173554,458.63688,882.09544,1931.45195,2277.51152,0.423820399955078,0.576179600044922,4.36521337200291,1.85006647721153,0.168324476932778,Más de 5M€,Más de 10M€,,Plástico,61.831993888888896,0.17964610662157282,2.2011985309866695
78,ENVASES SANZ BELDA SL,B97793665,AIELO DE MALFERIT,2222,Plástico,Industria,Fabricación de envases y embalajes de plástico,2006-10-02,2006,19,Entre 10 y 25 años,Sin marca,No,CROWE VALENCIA S.L.,Sí,0.0,No Grupo Corporativo,0,No participadas,,No consejo,Importador / Exportador,21.0,1506.47718459,10.0,717.3700879,5130.72804,3658.31068,2208.09214,35.6143893548387,0.185815273066371,0.487480862462552,2501.13173,1241.9528,11883.265049,11415.48516,13246.06745,62,4709.56417,De 10 - 50M€,De 5 - 20M€,0.0409776616975603,Se mantiene,0.713019799817727,2.3160972392916,0.242061709433346,0.396319037788046,75.9607124193548,191.665565306452,2024-12-31,2024,5339.71103,2174.8935,1636.51226,2371.60711,1960.00587603306,1209.94403,196.14763,162.105479338843,291.25361,326.23823,1962.75049,3385.40351,0.449347128754765,0.550652871245235,4.41318845963478,1.98305356299055,0.253115992472736,Más de 5M€,Más de 10M€,La Vall d'Albaida,Plástico,20.03149677419355,0.21047512781097777,12.090929214897995
79,LEMOINE SPAIN COTTON INDUSTRY SL.,B42655779,COCENTAINA,1396,Textil,Industria,Fabricación de otros productos textiles de uso técnico e industrial,2019-06-25,2019,6,Menor de 10 años,Sin marca,No,PRB Audit Partners S.L.P.,Sí,14.0,Grupo Corporativo,0,No participadas,,No consejo,Importador / Exportador,0.0,0.0,1.0,101.985348,2704.42287,-300.07011,1815.7766,31.8557298245614,0.154338088307339,-0.0922129200896752,-249.38273,871.87204,11764.92867,10788.26077,7577.36524,57,1566.39387,De 10 - 50M€,De 5 - 20M€,0.0905306166417406,Crece,-0.110955321865031,4.35025483644131,0.322387467459924,0.133140957666342,27.4805942105263,206.402257368421,2023-12-31,2023,7574.39986,-332.02884,-292.41379,486.47067,402.041876033058,1157.54421,290.92386,240.43294214876,499.22153,82.64611,-209.76768,1353.09102,0.643811796268205,0.35618820373179505,6.5435080531395,4.2127876735872,0.112125893907719,Más de 5M€,Más de 10M€,El comtat,Textil,15.296000701754386,-0.02119713064099691,1.6721580347517762
80,PEREZ CERDA SA,A03061314,CASTALLA,2229,Plástico,Industria,Fabricación de otros productos de plástico,1977-11-14,1977,48,Entre 25 y 50 años,KLACER,Sí,ADN AUDIFIEL S.L.,Sí,2.0,Grupo Corporativo,0,No participadas,,No consejo,Exportador,0.0,0.0,2.0,118.384348,12465.61609,1061.83782,4362.83072,33.5602363076923,0.377758005606659,0.100739148465144,1255.77555,6475.23026,11549.27402,13507.77324,10773.61502,130,5630.05662,De 10 - 50M€,De 5 - 20M€,-0.144990531392723,Decrece,0.0851813349884739,0.926490430686768,0.519447271057423,0.48748143045618,43.3081278461539,88.8405693846154,2023-12-31,2023,3801.98303,566.47365,161.07149,1020.65615,843.517479338843,3307.49526,910.76293,752.696636363636,3122.44264,689.3019,850.37339,3417.38848,0.329196711708118,0.670803288291882,1.14950520896589,0.378413334882925,0.294244997312412,Más de 5M€,Más de 10M€,,Plástico,49.80946353846154,0.10873199023811887,1.1206606202121123
81,MINILAND SA,A03197308,ONIL,3240,Juguete,Industria,Fabricación de juegos y juguetes,1986-01-02,1986,39,Entre 25 y 50 años,BABYMILK,Sí,AUDIMER AUDIT PARTNERS S.L.,Sí,3.0,Grupo Corporativo,2,Participadas,,No consejo,Importador / Exportador,0.0,0.0,57.0,4484.3044332,12392.65867,10718.84288,3235.79216,44.32592,0.28294673426155,0.0247027702571268,306.133,2234.37051,11436.04703,13823.091879,14791.09867,73,3568.84627,De 10 - 50M€,De 5 - 20M€,-0.172685305855949,Decrece,0.864934891327883,0.922808199154572,0.180297914232798,0.312069918970944,48.8883050684932,156.658178493151,2024-12-31,2024,5051.09444,-289.70223,-207.91679,3000.61506,2479.84715702479,5099.19797,752.52714,621.923256198347,169.6029,595.83523,387.918439,7347.28589,0.441681852719698,0.558318147280302,0.990566451766924,0.437515225658392,0.608350232608867,Más de 5M€,Más de 10M€,,Juguete,30.607815205479454,0.0267691274088788,3.9873845081520867
82,CANDIDO PENALBA SL,B46089504,ALBAIDA,1320,Textil,Industria,Fabricación de tejidos textiles,1976-03-22,1976,49,Entre 25 y 50 años,DOUX REVES,Sí,Evidence Auditores S.L.P.,Sí,0.0,No Grupo Corporativo,0,No participadas,,No consejo,Importador / Exportador,16.0,1611.0950992,79.0,7954.7820523,6672.8893,4307.4685,547.33497,30.4074983333333,0.0479579429491417,0.111985785527717,747.26875,192.86566,11412.81165,12721.35644,12688.97816,18,1343.46728,De 10 - 50M€,De 5 - 20M€,-0.102862049041053,Decrece,0.645517751957911,1.71032533838078,0.028902871204532,0.117715714689815,74.6370711111111,634.045091666667,2024-12-31,2024,8744.83047,702.08388,574.3132,3401.65249,2811.28304958678,826.6066,2240.96499,1852.03718181818,25.31061,45.18487,619.49807,1987.294099,0.766229281458439,0.23377071854156095,10.5791926534339,8.10608718525108,0.15647787088194,Más de 5M€,Más de 10M€,La Vall d'Albaida,Textil,10.714758888888888,0.0654763061826224,1.5179409340080798
83,"WINTEX, SOCIEDAD ANONIMA",A46572467,ALBAIDA,1330,Textil,Industria,Acabado de textiles,1988-07-14,1988,37,Entre 25 y 50 años,ANASANA,Sí,DOLMAR AUDITORES SOCIEDAD LIMITADA,Sí,2.0,Grupo Corporativo,1,Participadas,,No consejo,Importador / Exportador,38.0,2918.35027738,1.0,76.79869151,20258.96885,11262.47465,2872.06157,34.6031514457831,0.252009981546886,0.0420287160864063,851.45845,4788.86174,11396.61831,12334.85294,13392.22578,83,3716.749159,De 10 - 50M€,De 5 - 20M€,-0.0760637061960789,Decrece,0.555925364878578,0.562546810471057,0.236382304324438,0.326127370233916,44.7801103493976,137.308654337349,2024-12-31,2024,5515.8398,446.93957,127.63681,1539.819,1272.57768595041,13595.13877,2133.6035,1763.30867768595,3894.66485,404.51888,532.155689,13001.35427,0.483989166782931,0.516010833217069,0.405721478339864,0.19636480024765,1.1498505452943,Más de 5M€,Más de 10M€,La Vall d'Albaida,Textil,57.697129397590366,0.07471150009936588,0.7216987598679869
84,JOSE ALBERO PUERTO SL,B03051927,BANYERES DE MARIOLA,1399,Textil,Industria,Fabricación de otros productos textiles n.c.o.p.,1976-12-13,1976,49,Entre 25 y 50 años,O COTTON-DECCO,Sí,AUREN AUDITORES SP S.L.P.,Sí,6.0,Grupo Corporativo,0,No participadas,,No consejo,Importador / Exportador,0.0,0.0,27.0,2254.63233537,18166.96901,16582.21526,759.2632,28.1208592592593,0.0669552003351672,0.0998790072797069,1814.49883,3651.21238,11339.86899,13554.691,13533.905,27,2989.378859,De 10 - 50M€,De 5 - 20M€,-0.163398930303907,Decrece,0.912767300416064,0.624202583477628,0.200980822832372,0.263616701536514,110.717735518519,419.995147777778,2024-12-31,2024,7679.51427,1600.42424,1616.41912,2544.51673,2102.90638842975,543.73543,419.99587,347.104024793388,1.06189,214.07459,1830.49371,2668.25629,0.677213667703933,0.322786332296067,14.1236230826452,9.56471058906607,0.20278345328894,Más de 5M€,Más de 10M€,L'Alcoià,Textil,135.23008814814816,0.16001056375519906,6.058432741255291
85,PLASTICOS BIOSCA SA,A46251401,ALFARRASI,2222,Plástico,Industria,Fabricación de envases y embalajes de plástico,1984-12-19,1984,41,Entre 25 y 50 años,Sin marca,No,"Capital Auditors And Consultants, S.L.",Sí,2.0,Grupo Corporativo,0,No participadas,,No consejo,Importador / Exportador,53.0,4371.0651787,4.0,329.8917116,5533.36925,2356.27275,1796.92295,32.6713263636364,0.160314183987815,0.209645725341753,1160.04721,2219.84679,11208.75836,9468.42948,9858.17049,55,2961.46557,De 10 - 50M€,De 5 - 20M€,0.183803331236301,Crece,0.425829660653859,2.02566607316148,0.401174526713539,0.264209957506837,53.8448285454545,203.795606545455,2024-12-31,2024,6672.62104,762.22097,547.954179,1825.69503,1508.8388677686,1013.48767,658.11939,543.90032231405,1066.222379,397.82624,945.780419,2181.06331,0.595304209948193,0.404695790051807,6.58382063987024,3.91937614445856,0.176507169832016,Más de 5M€,Más de 10M€,,Plástico,40.36085072727273,0.10349471125542223,2.7741091627766883
86,PENALBA SOLER SA,A46247748,ALBAIDA,1399,Textil,Industria,Fabricación de otros productos textiles n.c.o.p.,1984-12-06,1984,41,Entre 25 y 50 años,BELNOU,Sí,Evidence Auditores S.L.P.,Sí,0.0,No Grupo Corporativo,0,No participadas,,No consejo,Importador / Exportador,19.0,1814.1902411,28.0,2673.5435132,7038.73239,5453.01149,813.54097,36.979135,0.0742644796655176,0.0807096403902351,568.09356,185.50591,10954.64445,10083.16019,9383.34949,22,1406.27476,De 10 - 50M€,De 5 - 20M€,0.0864296751790472,Crece,0.774714989555101,1.55633768170578,0.0263550167447125,0.128372469450617,63.92158,497.938384090909,2024-12-31,2024,7849.39653,503.19681,411.67793,2526.19536,2087.76476033058,2294.4803,1322.35061,1092.85174380165,0.0,64.89675,476.57468,3498.32505,0.716535946540921,0.283464053459079,3.4209910322612,2.45126304740929,0.3002738547602,Más de 5M€,Más de 10M€,La Vall d'Albaida,Textil,8.432086818181817,0.05185869451016277,1.9103824211946396
87,ONDULADOS DEL PAPEL SA,A03195260,BANYERES DE MARIOLA,1721,Papel y Cartón,Industria,Fabricación de papel y cartón ondulados; fabricación de envases y embalajes de papel y cartón,1985-12-16,1985,40,Entre 25 y 50 años,Sin marca,No,ADN AUDIFIEL S.L.,Sí,0.0,No Grupo Corporativo,0,No participadas,,No consejo,Importador,4.0,314.94259796,0.0,0.0,8074.19054,7096.00344,563.11983,35.194989375,0.0518465158060867,0.280961743317987,2268.53865,3557.03659,10861.285879,11356.90879,15552.93687,16,2987.72093,De 10 - 50M€,De 5 - 20M€,-0.0436406525899378,Se mantiene,0.87885013424516,1.34518572793057,0.440544048642181,0.275079853645753,186.732558125,678.8303674375,2024-12-31,2024,6621.37119,2070.65822,1589.26907,2084.35303,1722.60580991736,623.90962,449.62725,371.592768595041,1.20393,197.88043,1787.1495,2258.6354,0.609630504506123,0.390369495493877,10.612708920885,6.46983109361578,0.181831385650273,Más de 5M€,Más de 10M€,L'Alcoià,Papel y cartón,222.314786875,0.2088646478209507,4.635735556508213
88,OBLEAS QUINTIN SL,B03164050,IBI,1082,Alimentación,Industria,"Fabricación de cacao, chocolate y productos de confitería",1984-08-13,1984,41,Entre 25 y 50 años,QUINTÍN,Sí,B.P.G. Auditores S.L.P.,Sí,0.0,No Grupo Corporativo,0,No participadas,,No consejo,Importador / Exportador,0.0,0.0,54.0,3331.3225374,7476.31615,4835.17514,2386.82625,36.1640340909091,0.219795137382771,0.307833798601468,2301.4628,3987.83641,10859.32236,10353.487139,10261.87711,66,4690.20655,De 10 - 50M€,De 5 - 20M€,0.0488565073978404,Se mantiene,0.646732300104778,1.45249640894333,0.533395903810194,0.431906006149724,71.0637356060606,164.535187272727,2024-12-31,2024,4799.16951,1586.17805,1441.32572,1755.41553,1450.75663636364,567.43604,741.45482,612.772578512397,349.4255,715.28475,2156.61047,1581.39675,0.441940053983258,0.558059946016742,8.4576395781981,3.73776969175981,0.129420607590402,Más de 5M€,Más de 10M€,,Alimentación,60.42176378787879,0.21193429237144404,2.3675286513074436
89,GREAT PLASTIC SL,B53168365,CASTALLA,2229,Plástico,Industria,Fabricación de otros productos de plástico,1997-01-25,1997,28,Entre 25 y 50 años,PLASGOURMET,Sí,Don Fernando Bayo Cebrian,Sí,3.0,Grupo Corporativo,0,No participadas,,No consejo,Exportador,0.0,0.0,34.0,2379.00788,6000.523,2201.921,1494.551,26.2201929824561,0.138713346515834,0.366054925545657,2196.521,671.623,10774.385,10753.5994,11333.63701,57,3777.303,De 10 - 50M€,De 5 - 20M€,0.00193289699819021,Se mantiene,0.366954847102494,1.79557431910518,0.1119274103274,0.350581773344836,66.2684736842105,189.024298245614,2024-12-31,2024,4743.115,1864.993,1409.238,2928.567,2420.30330578512,1732.409,840.012,694.22479338843,4.0,331.528,1740.766,3820.964,0.440221414029664,0.5597785859703359,2.73787252317438,1.20527011358479,0.320991640116507,Más de 5M€,Más de 10M€,,Plástico,11.782859649122807,0.20386509299602718,3.486339480864552
90,HILATURAS FERRE SA,A03008836,BANYERES DE MARIOLA,1320,Textil,Industria,Fabricación de tejidos textiles,1947-09-19,1947,78,Mayor de 50 años,F,Sí,GEAUDIT AUDITORES S.L.P.,Sí,6.0,Grupo Corporativo,4,Participadas,,No consejo,Importador / Exportador,100.0,10072.90693,61.0,6144.4732273,19249.61159,5840.29246,2748.99937,37.6575256164384,0.25835884618909,-0.0225440158608416,-433.963549,11555.63708,10640.23706,15202.71274,19811.5221,73,567.33013,De 10 - 50M€,De 5 - 20M€,-0.30010931325405,Decrece,0.30339793780743,0.552750740463122,0.600304947763364,0.0533193129815474,7.77164561643836,145.756672054795,2024-12-31,2024,4819.03749,-1772.20515,-2969.97058,3614.04756,2986.81616528926,3661.73462,1010.57988,835.189983471074,6158.81712,1338.2416,-1631.72898,6265.2023,0.45290696652956,0.54709303347044,1.31605317973589,0.596049653425764,0.546356323551515,Más de 5M€,Más de 10M€,L'Alcoià,Textil,158.2963983561644,-0.040785139142379224,3.57621166968019
92,TEXTIL CASA MODA SOCIEDAD LIMITADA,B96238720,AGULLENT,1320,Textil,Industria,Fabricación de tejidos textiles,1993-12-22,1993,32,Entre 25 y 50 años,S¿CASA,Sí,Auditing Firm S.L.P.,Sí,0.0,No Grupo Corporativo,0,No participadas,,No consejo,Importador / Exportador,47.0,3856.25441187,78.0,6399.74136438,7168.74322,4544.58616,2273.14826,34.9715116923077,0.218850918816173,-0.0133877971430535,-95.97368,792.55107,10386.74305,12396.06464,12048.0436,65,2181.946429,De 10 - 50M€,De 5 - 20M€,-0.162093506959964,Decrece,0.633944614911175,1.44889316456783,0.110556487473128,0.210070319299947,33.5684066,159.796046923077,2024-12-31,2024,7064.70738,-219.49428,-140.2313,2178.94239,1800.77883471074,3404.32245,1159.79882,958.511421487603,1142.61242,123.5206,-16.710699,4423.46602,0.680165798459797,0.31983420154020303,2.07521687024682,1.41149153952867,0.408847108547962,Más de 5M€,Más de 10M€,La Vall d'Albaida,Textil,12.193093384615384,-0.009240016773111568,1.8787244411923063
93,MOPATEX SA,A46122909,ONTINYENT,2041,Química,Industria,"Fabricación de jabones, detergentes y otros artículos de limpieza y abrillantamiento",1986-07-31,1986,39,Entre 25 y 50 años,"MOPATEX, S.A.",Sí,Audit Iberica S.A.P.,Sí,3.0,Grupo Corporativo,2,Participadas,216.78813,Consejo,Importador / Exportador,34.0,2803.83229346,49.0,4040.81712881,9617.89486,7682.50502,1743.42028,44.7030841025641,0.168274802115326,0.0396900460606616,381.73469,2671.37249,10360.554629,10432.0292,10901.97144,39,2113.98906,De 10 - 50M€,De 5 - 20M€,-0.00685145426931899,Se mantiene,0.798771990318888,1.07721645742757,0.277750227974524,0.204042074550988,54.2048476923077,265.655246897436,2024-12-31,2024,7021.39456,76.79391,42.6411,2020.22161,1669.60463636364,4185.73937,1502.19307,1241.48187603306,4.79591,304.94078,347.58188,4703.76791,0.677704506315383,0.32229549368461696,1.67745622441848,1.13681964243519,0.445329646485915,Más de 5M€,Más de 10M€,La Vall d'Albaida,Otros,68.49673051282052,0.036845005279108785,1.344848175873958
95,"PIEL, SA",A46096566,AGULLENT,1330,Textil,Industria,Acabado de textiles,1976-08-16,1976,49,Entre 25 y 50 años,PIELSA,Sí,Servicios De Control Y Auditoria Financial,Sí,2.0,Grupo Corporativo,2,Participadas,,No consejo,Importador / Exportador,0.0,0.0,19.0,1429.2935136,15676.34739,11846.80731,1796.55039,30.9750067241379,0.177455921987899,0.0494511706530892,775.21373,7494.63437,10123.92469,10656.193549,11411.43032,58,2601.32725,De 10 - 50M€,De 5 - 20M€,-0.0499492484396503,Se mantiene,0.755712221429663,0.645808901661499,0.478085499354324,0.256948498695322,44.8504698275862,174.550425689655,2024-12-31,2024,5037.18496,294.40165,186.777399,2343.78735,1937.01433884298,4856.52148,231.47582,191.302330578512,1169.42443,480.81208,667.58948,6968.83301,0.497552590940895,0.502447409059105,1.03720018139403,0.516061637576966,0.652141702988553,Más de 5M€,Más de 10M€,La Vall d'Albaida,Textil,129.21783396551723,0.0765724512713656,10.125408995203086
96,SAMARPLAST PLASTICS SOCIEDAD LIMITADA.,B98704521,L'OLLERIA,2229,Plástico,Industria,Fabricación de otros productos de plástico,2015-01-22,2015,10,Mayor de 50 años,S,Sí,CIRCULO AUDITORES S.L.P.,Sí,0.0,No Grupo Corporativo,0,No participadas,,No consejo,No realiza actividad exterior,,,,,5865.792,1088.108,489.591,28.7994705882353,0.048919421457256,0.105184091082671,616.988,2483.62,10008.111,8789.76201,8750.29461,17,1106.579,De 10 - 50M€,De 5 - 20M€,0.138610008850513,Crece,0.185500611000185,1.70618238764689,0.423407444382617,0.110568218118284,65.0928823529412,588.712411764706,2024-12-31,2024,8020.066,373.588,202.559,2164.924,1789.19338842975,1004.303,1070.042,884.332231404959,2159.516,243.4,445.959,2099.185,0.801356619645805,0.19864338035419504,7.98570351776307,6.39939637648822,0.190761688896615,Más de 5M€,Más de 10M€,,Plástico,146.09529411764706,0.06164879666102824,2.0232140420656357
97,MORA FERRE E HIJOS SL,B03867058,BANYERES DE MARIOLA,1419,Textil,Industria,Confección de otras prendas de vestir y accesorios,1993-07-09,1993,32,Entre 25 y 50 años,INTERBABY,Sí,ADN AUDIFIEL S.L.,Sí,0.0,No Grupo Corporativo,0,No participadas,,No consejo,Importador / Exportador,15.0,1167.023211,11.0,855.8170214,8588.65966,3385.85626,1216.69954,40.5566513333333,0.122472124986037,0.102074019079247,876.67901,761.25091,9934.50175,9045.29651,8840.58166,30,2154.34701,De 5 a 10M€,De 5 - 20M€,0.0983058144104996,Crece,0.394224057540545,1.15669989768811,0.088634424943554,0.216855063717715,71.811567,331.150058333333,2024-12-31,2024,6688.70823,821.81542,512.168079,2166.24509,1790.28519834711,4789.93563,587.51484,485.549454545455,2844.20425,54.86359,567.031669,6368.66588,0.673280693719743,0.326719306280257,1.39640879265845,0.940175080637431,0.61348535912248,Más de 5M€,De 5 a 10M€,L'Alcoià,Textil,25.37503033333333,0.08824589617692705,3.687132549707172
98,RAFSOL SL,B46283941,AGULLENT,1320,Textil,Industria,Fabricación de tejidos textiles,1985-04-16,1985,40,Entre 25 y 50 años,Sin marca,No,Auditing Firm S.L.P.,Sí,2.0,Grupo Corporativo,0,No participadas,,No consejo,Importador / Exportador,5.0,425.452211,88.0,7487.9589136,6990.81764,3155.59753,537.7731,31.6337117647059,0.0543216030650747,0.124321404699093,869.108269,218.34699,9899.80173,10564.587659,9481.81793,17,1390.75751,De 5 a 10M€,De 5 - 20M€,-0.0629258756193545,Decrece,0.451391767387026,1.41611500110594,0.0312333980435513,0.140483370064422,81.8092652941176,582.341278235294,2024-12-31,2024,7407.13155,827.6362,619.66725,3284.15635,2714.17880165289,1773.57652,3616.96377,2989.22625619835,12.81868,41.47207,661.13932,1440.7691,0.748210090668149,0.25178990933185097,4.17638115213659,3.12481052050487,0.151369603788474,Más de 5M€,De 5 a 10M€,La Vall d'Albaida,Textil,12.843940588235295,0.08779047224413453,0.907987073920841
99,HILATURAS MAR SL,B96490313,BANYERES DE MARIOLA,1310,Textil,Industria,Preparación e hilado de fibras textiles,1995-12-12,1995,30,Entre 25 y 50 años,RB FIBRES,Sí,PRB Audit Partners S.L.P.,Sí,3.0,Grupo Corporativo,0,No participadas,,No consejo,Exportador,0.0,0.0,50.0,3204.1113145,10426.44316,3516.73383,2409.12339,25.9045525806452,0.245739191974922,0.0943478514105284,983.71251,6932.79393,9803.578219,9283.39598,8674.926229,93,3395.35559,De 5 a 10M€,De 5 - 20M€,0.0560336152977503,Crece,0.337289886496633,0.940261033274553,0.664924157127424,0.346338399526366,36.5091998924731,105.41481955914,2024-12-31,2024,4668.36818,518.13218,328.72954,1953.27737,1614.27881818182,1018.4255,438.10236,362.068066115702,1251.29803,465.58033,794.30987,2533.60051,0.476190231333329,0.523809768666671,4.58390739430621,2.18281192250523,0.231613009183266,Más de 5M€,De 5 a 10M€,L'Alcoià,Textil,74.54617129032258,0.10034219017026846,4.458495430154736
100,CREACIONES EUROMODA SL,B46661005,BOCAIRENT,1392,Textil,Industria,"Fabricación de artículos confeccionados con textiles, excepto prendas de vestir",1989-11-23,1989,36,Entre 25 y 50 años,COTTON BLOWN,Sí,ADN AUDIFIEL S.L.,Sí,4.0,Grupo Corporativo,0,No participadas,,No consejo,Importador / Exportador,77.0,5747.91816137,48.0,3583.11781488,10039.86674,8079.06895,1712.29765,34.94485,0.178431022117811,0.040449297835999,406.10556,1708.16719,9596.41227,10111.772729,11708.79707,49,2131.583489,De 5 a 10M€,De 5 - 20M€,-0.0509663807535917,Decrece,0.804698823124021,0.955830641831806,0.170138432534613,0.222122958979544,43.5017038571429,195.845148367347,2024-12-31,2024,5132.57811,145.26347,205.40024,2222.34025,1836.64483471074,4964.9589,1006.17074,831.546066115703,192.51486,260.84209,466.242329,6181.12841,0.534843435816665,0.46515656418333495,1.0337604426091,0.552899986936408,0.622113504570708,Más de 5M€,De 5 a 10M€,,Textil,34.86055489795918,0.04231847784088584,2.2087108694892024
101,NV EVOLUTIA SL.,B97062731,ONTINYENT,1320,Textil,Industria,Fabricación de tejidos textiles,2001-01-15,2001,24,Entre 10 y 25 años,Sin marca,No,"BLANCH, DUQUE & BASAURI PROFESIONALES S.",Sí,0.0,No Grupo Corporativo,0,No participadas,,No consejo,Importador / Exportador,0.0,0.0,15.0,1266.187194,6106.57538,3762.10612,519.71624,51.971624,0.054296474424446,0.0985234673382514,601.64098,1395.57288,9571.82295,10940.58074,11090.17092,10,1130.57499,De 5 a 10M€,De 5 - 20M€,-0.125108330401115,Decrece,0.616074622172272,1.56746168750315,0.228536093171096,0.118114908299678,113.057499,957.182295,2024-12-31,2024,8626.20781,495.23188,377.06817,2340.37965,1934.19805785124,1225.44462,1898.67268,1569.15097520661,46.28531,106.4091,483.47727,1667.15159,0.901208458938326,0.09879154106167398,7.03924736313257,6.34382926821438,0.166163928329308,Más de 5M€,De 5 a 10M€,La Vall d'Albaida,Textil,139.557288,0.06285542295785987,1.2326398723975966
102,MANUFACTURAS ALHAMBRA S.L.,B03016821,MURO DE ALCOY,3220,Cultura,Industria,Fabricación de instrumentos musicales,1965-06-14,1965,60,Mayor de 50 años,GUITARRAS ALHAMBRA SPAIN A,Sí,Grant Thornton,Sí,2.0,Grupo Corporativo,1,Participadas,,No consejo,Importador / Exportador,77.0,3511.8234613,78.0,3557.4315582,21777.78007,20758.27451,3473.60267,35.4449252040816,0.367148328275676,0.0593118254408012,1291.67989,6556.80417,9461.0336,11151.577809,11306.95345,98,4900.22391,De 5 a 10M€,De 5 - 20M€,-0.151596862610386,Decrece,0.953185974111089,0.434435170600012,0.301077710810035,0.517937480953455,50.0022847959184,96.5411591836735,2023-12-31,2023,3654.43629,644.41789,662.40886,2148.14874,1775.32953719008,9960.95426,93.80991,77.5288512396694,117.54717,647.262,1309.67086,12015.29309,0.386261844583239,0.613738155416761,0.366876123974893,0.141710248380091,1.23229188679241,Más de 5M€,De 5 a 10M€,El comtat,Otros,66.906165,0.1365262977186763,22.89895321293878
103,REBOCA SL,B46182002,L'OLLERIA,2221,Plástico,Industria,"Fabricación de placas, hojas, tubos y perfiles de plástico",1980-07-04,1980,45,Entre 25 y 50 años,REPOLEN,Sí,CLIMENT AUDITORES Y ASOCIADOS S.L.P.,Sí,3.0,Grupo Corporativo,2,Participadas,19.2,Consejo,Importador / Exportador,0.0,0.0,34.0,2104.099554,10600.50649,7068.30323,1731.81451,41.2336788095238,0.183749421364732,0.144087284078442,1527.39819,4032.03313,9424.87055,9951.92129,8020.44178,42,3236.34245,De 5 a 10M€,De 5 - 20M€,-0.0529596973932659,Decrece,0.666789198862139,0.889096248268039,0.380362309461687,0.343383225565894,77.0557726190476,224.401679761905,2023-12-31,2023,4796.01582,1012.13728,705.69379,3387.17338,2799.31684297521,2349.35513,326.91166,270.174925619835,406.719819,515.26091,1220.9547,5409.61685,0.508868084135118,0.49113191586488203,2.04141798690094,1.03881245991325,0.517619528191331,Más de 5M€,De 5 a 10M€,,Plástico,96.00078880952381,0.1620603892538344,10.36112746789148
104,BERVIBOX SOCIEDAD LIMITADA.,B98669609,ONTINYENT,1721,Papel y Cartón,Industria,Fabricación de papel y cartón ondulados; fabricación de envases y embalajes de papel y cartón,2014-09-18,2014,11,Entre 10 y 25 años,Sin marca,No,CROWE VALENCIA S.L.,Sí,3.0,Grupo Corporativo,0,No participadas,,No consejo,No realiza actividad exterior,,,,,8939.83559,6209.69951,1756.10487,33.1340541509434,0.18656423914285,0.197283754521486,1763.68433,5463.37474,9412.86968,8054.91109,7531.64635,53,3542.91965,De 5 a 10M€,De 5 - 20M€,0.168587657247499,Crece,0.694610034769107,1.05291306369539,0.611126981586917,0.376391023189009,66.8475405660377,177.601314716981,2024-12-31,2024,4332.50096,1331.46469,1016.607999,1637.54356,1353.34178512397,505.61765,0.0,0.0,39.74503,432.21964,1448.82764,2143.16121,0.460274189199228,0.539725810800772,8.56872967152155,3.94396510202695,0.197491253817504,Más de 5M€,De 5 a 10M€,La Vall d'Albaida,Papel y cartón,103.08254226415094,0.18736946223184087,
105,COLORPRINT FASHION SL,B53083762,MURO DE ALCOY,1330,Textil,Industria,Acabado de textiles,1996-01-15,1996,29,Entre 25 y 50 años,COLORPRINT FASHION,Sí,PRB Audit Partners S.L.P.,Sí,0.0,No Grupo Corporativo,0,No participadas,,No consejo,Exportador,0.0,0.0,3.0,153.2856324,7185.59034,1569.73496,3073.02632,33.76952,0.335238918809267,0.135949275393843,976.8758,2322.13107,9166.67531,10043.97244,10505.40639,91,4057.15423,De 5 a 10M€,De 5 - 20M€,-0.0873456329396299,Decrece,0.218455949438387,1.2757024651088,0.323164967681695,0.442598225942836,44.5841124175824,100.732695714286,2024-12-31,2024,3005.41783,386.97237,108.85909,3772.18667,3117.5096446281,916.73891,512.00587,423.145347107438,3167.58906,589.90343,698.76252,4176.91971,0.327863454127296,0.672136545872704,3.27837926067739,1.07486074834498,0.393938160281654,Más de 5M€,De 5 a 10M€,El comtat,Textil,25.517923846153845,0.1065681686068141,7.367467622978622
106,MANUEL REVERT Y CIA SA,A46013702,AGULLENT,1330,Textil,Industria,Acabado de textiles,1954-12-12,1954,71,Mayor de 50 años,"MANUEL REVERT Y CIA., S.A.",Sí,Servicios De Control Y Auditoria Financial,Sí,,No Grupo Corporativo,1,Participadas,,No consejo,Importador / Exportador,0.0,0.0,72.0,5102.0284752,8373.5402,1683.66098,1516.36199,37.90904975,0.167738029850708,0.0505555213074632,423.32869,1131.76469,9040.06081,9405.61496,8922.79949,40,1953.91015,De 5 a 10M€,De 5 - 20M€,-0.0388655235786943,Se mantiene,0.201069194126518,1.07959842480962,0.135159641318734,0.21613904940093,48.84775375,226.00152025,2024-12-31,2024,5023.92613,342.36271,102.51868,1763.15848,1457.15576859504,5249.01074,726.51079,600.422140495868,3384.395,80.96598,183.484659,6285.65843,0.555740302592057,0.444259697407943,0.957118660801216,0.531909414170173,0.675409656685614,Más de 5M€,De 5 a 10M€,La Vall d'Albaida,Textil,28.29411725,0.04682807990978547,2.4268854699322464
107,CREACION Y DISEÑO IBENSE SL,B53005906,IBI,2229,Plástico,Industria,Fabricación de otros productos de plástico,1995-02-07,1995,30,Entre 25 y 50 años,CREACION Y I DISEÑO IBENSE,Sí,Compania General De Auditoria S.L.P.,Sí,4.0,Grupo Corporativo,0,No participadas,,No consejo,Exportador,0.0,0.0,18.0,1096.7252706,14530.98698,4494.8968,1614.14361,35.0900784782609,0.17921985801594,0.0875511451321939,1272.20455,10488.0746,9006.49977,7681.99758,5892.92981,46,2913.5816,De 5 a 10M€,De 5 - 20M€,0.172416376887221,Crece,0.309331830397112,0.619813353517987,0.721773036782392,0.323497659957193,63.3387304347826,195.79347326087,2024-12-31,2024,5329.88712,747.9919,296.727,652.97573,539.649363636364,2649.66387,3176.09474,2624.87168595041,3019.6164,524.21265,820.93965,126.544859,0.59178229679786,0.40821770320214,2.01153330441117,1.19038979896983,0.0626704671182099,Más de 5M€,De 5 a 10M€,,Plástico,228.00162173913043,0.14125404790855836,0.20559075955020195
108,RIBETES Y CORDONES MARTI S.L.,B53078978,BANYERES DE MARIOLA,1394,Textil,Industria,"Fabricación de cuerdas, cordeles, bramantes y redes",1995-12-27,1995,30,Entre 25 y 50 años,ECOTOT,Sí,AS AUDITORES IBERIA S.L.P.,Sí,0.0,No Grupo Corporativo,0,No participadas,,No consejo,Importador / Exportador,66.0,4326.415434,0.0,0.0,12535.11894,8277.33887,511.33747,24.3494033333333,0.0570967042902133,0.148428305220373,1860.56646,1780.16672,8955.63897,8883.87309,9655.80468,21,2400.46407,De 5 a 10M€,De 5 - 20M€,0.00807821985669555,Se mantiene,0.660331897098058,0.714443876668952,0.142014346135913,0.26803939708168,114.307812857143,426.458998571429,2024-12-31,2024,5084.08716,1599.44515,1276.50655,3559.8736,2942.04429752066,5232.17881,1190.40134,983.802760330579,2432.02904,261.12131,1537.62786,7601.65107,0.567696752518821,0.432303247481179,0.971695988348686,0.551628657021115,0.802893056684942,Más de 5M€,De 5 a 10M€,L'Alcoià,Textil,84.7698438095238,0.20775362497668884,2.9904818487519487
109,MANTEROL SA,A46023446,ONTINYENT,1392,Textil,Industria,"Fabricación de artículos confeccionados con textiles, excepto prendas de vestir",1964-12-31,1964,61,Mayor de 50 años,BAMBOL,Sí,Gesem Auditores Y Consultores S.L.P.,Sí,0.0,No Grupo Corporativo,1,Participadas,125.252,Consejo,Importador / Exportador,0.0,0.0,0.0,0.0,5371.37454,2921.66379,1464.98416,27.1293362962963,0.163722156843539,0.565025422710515,3034.96317,486.05734,8947.98962,9966.916379,10253.71917,54,16926.33636,De 5 a 10M€,De 5 - 20M€,-0.102230892710894,Decrece,0.54393224085245,1.66586588839884,0.0904903086501207,1.89163567223718,313.450673333333,165.703511481481,2023-12-31,2023,5005.13138,3002.68281,15029.46265,2285.64827,1888.96551239669,2523.8023,520.87621,430.47620661157,0.0,32.28036,15061.74301,4288.57436,0.559358201401221,0.44064179859877906,1.98317094013267,1.10930293014378,0.445048751161283,Más de 5M€,De 5 a 10M€,La Vall d'Albaida,Textil,9.001061851851851,0.33917821755363187,4.3880834373295645
110,"MOLTO Y COMPAÑIA, SOCIEDAD ANONIMA",A03017308,IBI,3240,Juguete,Industria,Fabricación de juegos y juguetes,1965-05-12,1965,60,Mayor de 50 años,MOLTO,Sí,Valls-Trives Auditores S.L.,Sí,4.0,Grupo Corporativo,3,Participadas,,No consejo,Importador / Exportador,44.0,3008.5652036,37.0,2529.9298303,15425.49863,11509.7308,1908.2783,43.3699613636364,0.213474592064243,0.00871200297789012,134.38699,4450.53323,8939.13548,8890.67716,11797.76594,44,2101.48729,De 5 a 10M€,De 5 - 20M€,0.00545046447283237,Se mantiene,0.746149675681505,0.579503826386194,0.288517949192544,0.23508842602305,47.7610747727273,203.16217,2024-12-31,2024,4032.05622,-652.80122,-626.50215,5460.16856,4512.536,5071.65984,406.19792,335.700760330579,2004.31015,787.18821,160.686059,10125.630479,0.451056618284971,0.548943381715029,0.795017084584285,0.358597717651364,1.03460732867978,Más de 5M€,De 5 a 10M€,,Juguete,101.1484825,0.015033555571528264,13.442138157674448
111,COLORTEC QUIMICA SL,B53040804,IBI,2012,Química,Industria,Fabricación de colorantes y pigmentos,1995-07-01,1995,30,Entre 25 y 50 años,Sin marca,No,KRESTON IBERAUDIT APM S.L.,Sí,0.0,No Grupo Corporativo,0,No participadas,,No consejo,Importador / Exportador,1.0,32.0301631,1.0,32.0301631,20884.57708,19404.27898,1473.53227,36.83830675,0.16656615850323,0.177984959224274,3717.1406,5737.15233,8846.52851,8455.214799,7890.16794,40,5643.5122,De 5 a 10M€,De 5 - 20M€,0.0462807533933121,Se mantiene,0.929120034639457,0.423591460632058,0.274707613566863,0.6379352300307,141.087805,221.16321275,2024-12-31,2024,2679.82432,3544.99392,3084.231,2409.4319,1991.26603305785,1600.97656,644.67341,532.78794214876,28.17065,172.14668,3256.37768,3365.73505,0.3029238324356,0.6970761675643999,1.67386855432787,0.507054677470435,0.345836747991116,Más de 5M€,De 5 a 10M€,,Otros,143.42880825,0.42018070656734935,3.7374457556734044
112,SCRIMTECH FABRICS SOCIEDAD LIMITADA.,B02757631,AGULLENT,1392,Textil,Industria,"Fabricación de artículos confeccionados con textiles, excepto prendas de vestir",2020-11-04,2020,5,Menor de 10 años,Sin marca,No,Sin auditor,No,0.0,No Grupo Corporativo,0,No participadas,,No consejo,No realiza actividad exterior,,,,,6258.30434,3005.61865,601.50151,28.642929047619,0.0681417731856418,0.23310242051923,1458.82589,1446.92342,8827.2066,7179.72407,4941.12063,21,2061.78128,De 5 a 10M€,De 5 - 20M€,0.229463209719144,Crece,0.480260864079359,1.41047896050386,0.231200552320854,0.233571204734236,98.180060952381,420.343171428571,2024-12-31,2024,5634.44,1017.3737,743.68389,2263.40006,1870.57856198347,1990.88131,0.0,0.0,0.0,441.45219,1185.13608,4254.28137,0.638303854811782,0.361696145188218,2.8301235094723,1.80647874568961,0.437449812490338,Más de 5M€,De 5 a 10M€,La Vall d'Albaida,Textil,68.90111523809524,0.16526472712216797,
113,CASA MEDITERRANEA 1967 SL,B96997432,ONTINYENT,1320,Textil,Industria,Fabricación de tejidos textiles,2000-06-05,2000,25,Mayor de 50 años,Sin marca,No,Albadit Auditores S.L.P.,Sí,0.0,No Grupo Corporativo,0,No participadas,,No consejo,Importador / Exportador,0.0,0.0,0.0,0.0,11698.9316,2336.47783,940.021,28.4854848484848,0.106707318383103,0.0689697339541672,806.8722,1726.54308,8809.339549,9769.94227,11439.929979,33,1680.55066,De 5 a 10M€,De 5 - 20M€,-0.0983222514988309,Decrece,0.19971719725244,0.753003765660105,0.147581261181149,0.190769200193988,50.9257775757576,266.94968330303,2024-12-31,2024,5892.37322,667.82612,85.05354,3298.00039,2725.62015702479,5606.78888,836.80182,691.571752066116,6002.32555,139.04608,224.09962,8067.987449,0.668877977426682,0.331122022573318,1.05093545451991,0.702947581225271,0.867356428079337,Más de 5M€,De 5 a 10M€,La Vall d'Albaida,Textil,52.31948727272727,0.09159281413912497,3.9411964830573556
114,PLASTICOS INDEN SL,B03434198,IBI,2222,Plástico,Industria,Fabricación de envases y embalajes de plástico,1989-03-01,1989,36,Entre 25 y 50 años,INDEN,Sí,Asesores Y Consultores Financieros Independientes,Sí,3.0,Grupo Corporativo,0,No participadas,,No consejo,Exportador,0.0,0.0,0.0,0.0,8797.88732,4831.61517,1520.4773,31.0301489795918,0.172791728656364,0.260109364528665,2288.41288,3884.24481,8799.47965,8060.6851,7724.16902,49,3854.789719,De 5 a 10M€,De 5 - 20M€,0.0916540642432491,Crece,0.549179023811367,1.0001809900425,0.441497449185335,0.438070189638998,78.6691779387755,179.581217346939,2024-12-31,2024,3260.82311,1470.21306,1088.0692,2480.49531,2049.99612396694,998.06296,532.29586,439.913933884297,365.546829,818.19982,1906.26902,2946.26241,0.37056999273815,0.6294300072618499,3.26715171355522,1.21070838676659,0.296397656886751,Más de 5M€,De 5 a 10M€,,Plástico,79.27030224489796,0.2600622958426866,4.659993617083552
115,TEX-DELTA SL,B03025806,COCENTAINA,1395,Textil,Industria,"Fabricación de telas no tejidas y artículos confeccionados con ellas, excepto prendas de vestir",1969-10-08,1969,56,Mayor de 50 años,EQUIDREN,Sí,"Enrique Campos & Auditores, S.L.P.",Sí,0.0,No Grupo Corporativo,0,No participadas,,No consejo,Importador / Exportador,73.0,4808.9710096,31.0,2042.1657712,8484.541528,4833.64837,814.96718,45.2759544444444,0.0928227051903984,0.159143031540832,1350.25566,3007.71533,8779.82578,8170.1038,7448.22034,18,2192.19426,De 5 a 10M€,De 5 - 20M€,0.0746284251615015,Crece,0.569700596555322,1.0348026173277,0.3544935598552,0.249685394099016,121.78857,487.768098888889,2024-12-31,2024,5423.24975,1014.52016,758.29586,3026.82229,2501.50602479339,2184.20563,1201.9266,993.327768595041,366.55491,335.7355,1094.031359,4009.10132,0.617694460675278,0.382305539324722,2.4829391864538,1.53369778166609,0.420553206717314,Más de 5M€,De 5 a 10M€,El comtat,Textil,167.0952961111111,0.15379071223438334,2.5183087636133545
116,JUGUETES PICO SL,B03058757,IBI,3240,Juguete,Industria,Fabricación de juegos y juguetes,1977-06-06,1977,48,Entre 25 y 50 años,PICO,Sí,RODL & PARTNER AUDITORES S.P.L.,Sí,18.0,Grupo Corporativo,1,Participadas,,No consejo,Importador / Exportador,22.0,1296.7525054,97.0,5717.4996829,16224.63123,15359.69157,1958.08558,37.6554919230769,0.225258637554356,0.041718925342872,676.874179,8184.52347,8692.61042,9891.5475,14045.48278,52,2798.28085,De 5 a 10M€,De 5 - 20M€,-0.121208241683114,Decrece,0.946689718383202,0.535766286257836,0.504450508241228,0.32191490413072,53.8130932692308,167.165585,2024-04-30,2024,5006.96179,249.54639,378.64799,939.51256,776.456661157025,2048.7458,644.87056,532.950876033058,0.0,427.32779,805.97578,2343.3878,0.576002092361111,0.423997907638889,2.4439155848422,1.40770049042304,0.263701175408706,Más de 5M€,De 5 a 10M€,,Juguete,157.39468211538463,0.07786776886292346,1.4569009942088225
117,PINTURAS AYELENSES SL,B46203550,ONTINYENT,2030,Artes gráficas,Industria,"Fabricación de pinturas, barnices y revestimientos similares; tintas de imprenta y masillas",1983-04-21,1983,42,Entre 25 y 50 años,PINAY,Sí,Sin auditor,No,0.0,No Grupo Corporativo,0,No participadas,,No consejo,Importador / Exportador,0.0,0.0,0.0,0.0,6097.13469,1683.64952,1673.15351,32.8069315686275,0.194375179678894,0.0983713973030174,599.783659,1672.54298,8607.85576,7879.528369,6864.59294,51,2274.7166,De 5 a 10M€,De 5 - 20M€,0.0924328661427782,Crece,0.276137826307393,1.41178704385814,0.274316226397813,0.264260538677985,44.6022862745098,168.781485490196,2023-12-31,2023,4800.86665,302.13905,137.59076,2178.11871,1800.09810743802,1839.35976,1147.11691,948.030504132231,2198.95822,297.64461,435.23537,2870.361559,0.55773084306422,0.44226915693577995,2.61007485017504,1.45571924664884,0.312671057502221,Más de 5M€,De 5 a 10M€,La Vall d'Albaida,Otros,32.79496039215686,0.06967863724984164,1.8987765684667703
118,HERBES DEL MOLI SL.,B53171724,BENIMARFULL,1083,Alimentación,Industria,"Elaboración de café, té e infusiones",1997-02-11,1997,28,Entre 25 y 50 años,MÁS BIO!,Sí,Practia Auditores Mediterraneo S.L.P.,Sí,5.0,Grupo Corporativo,0,No participadas,,No consejo,Exportador,0.0,0.0,23.0,1439.4465613,8978.32589,2600.74861,1055.4216,29.3172666666667,0.125584773816777,0.121862064643768,1094.11733,3652.55931,8404.05702,7074.178189,6638.54502,36,2145.59371,De 5 a 10M€,De 5 - 20M€,0.187990575791248,Crece,0.289669660231057,0.936038313040116,0.406819640404031,0.255304516008627,59.5998252777778,233.446028333333,2024-12-31,2024,4298.93774,809.25935,431.60947,1401.03528,1157.88039669422,3674.71396,687.14093,567.885066115703,2849.75715,284.85798,716.46745,4388.60831,0.511531243751604,0.48846875624839603,1.16987003255078,0.598425072778429,0.507458395442742,Más de 5M€,De 5 a 10M€,,Alimentación,101.45998083333333,0.13018918450888856,2.038934400254697
119,MANIPULADOS VAZQUEZ SL,B03718905,BANYERES DE MARIOLA,1722,Papel y cartón,Industria,"Fabricación de artículos de papel y cartón para uso doméstico, sanitario e higiénico",1991-09-27,1991,34,Entre 25 y 50 años,SUAVIVAN,Sí,Albadit Auditores S.L.P.,Sí,0.0,No Grupo Corporativo,0,No participadas,,No consejo,No realiza actividad exterior,,,,,4643.84398,1364.49335,460.61924,24.2431178947368,0.0558671964276062,0.0599065970342957,278.19689,1809.34593,8244.89628,8577.29233,5785.59407,19,742.942869,De 5 a 10M€,De 5 - 20M€,-0.0387530280199742,Se mantiene,0.293828422289071,1.77544644383165,0.389622463156051,0.0901094257307018,39.1022562631579,433.941909473684,2023-12-31,2023,6829.87576,260.33367,22.848449,81.73489,67.5494958677686,2517.74229,1283.78296,1060.97765289256,600.19146,17.86322,40.71167,1315.69422,0.828376189105923,0.17162381089407697,2.71269851053739,2.24713485435228,0.184879722098239,Más de 5M€,De 5 a 10M€,L'Alcoià,Papel y cartón,95.22873315789474,0.033741708876900506,0.06366721832793307
121,COMERSAN SA,A03078862,COCENTAINA,1320,Textil,Industria,Fabricación de tejidos textiles,1980-07-02,1980,45,Entre 25 y 50 años,GREAT SURFACE,Sí,PRB Audit Partners S.L.P.,Sí,3.0,Grupo Corporativo,2,Participadas,,No consejo,Importador,8.0,428.8609216,0.0,0.0,12810.67107,-800.08296,2876.64329,32.3218347191011,0.35412713664734,-0.0062087356365165,-79.53807,5043.41476,8123.1936,9625.80336,10416.29957,89,2762.43208,De 5 a 10M€,De 5 - 20M€,-0.156102270512204,Decrece,-0.0624544144196811,0.634095868640549,0.393688568884627,0.340067246458339,31.0385626966292,91.2718382022472,2024-12-31,2024,2958.93646,-505.86334,-1133.20768,1603.53458,1325.23519008264,5662.77888,2094.61529,1731.08701652893,2081.32601,426.32527,-706.882409,5171.69817,0.364257779107961,0.635742220892039,0.522523750741968,0.190333340976431,0.647150285025057,Más de 5M€,De 5 a 10M€,El comtat,Textil,56.6675815730337,-0.009791477824682156,0.765550880706113
122,PEREZ LINARES SL,B03120318,CASTALLA,2222,Plástico,Industria,Fabricación de envases y embalajes de plástico,1983-02-15,1983,42,Entre 25 y 50 años,Sin marca,No,ADN AUDIFIEL S.L.,Sí,2.0,Grupo Corporativo,0,No participadas,,No consejo,Importador / Exportador,0.0,0.0,0.0,0.0,5991.9804,2691.63431,768.77107,36.6081461904762,0.0952437482623758,0.172126452549811,1031.37833,1704.21042,8071.61713,5753.29041,5525.05407,21,1800.91216,De 5 a 10M€,De 5 - 20M€,0.402956665627453,Crece,0.449206127243006,1.34707001544932,0.284415219382226,0.223116648249643,85.7577219047619,384.36272047619,2024-12-31,2024,5276.5003,790.24098,591.16925,1884.68491,1557.59083471074,2122.76196,1977.7561,1634.50917355372,443.20098,241.13735,832.3066,2029.69077,0.653710429399418,0.34628957060058196,2.48567686788584,1.62491289265385,0.25346143012076,Más de 5M€,De 5 a 10M€,,Plástico,81.15287714285715,0.12777840095594326,0.9529410173478894
123,PROTEKU EUROPA SL.,B54710835,TIBI,2222,Plástico,Industria,Fabricación de envases y embalajes de plástico,2013-05-24,2013,12,Entre 10 y 25 años,PROTEKU EUROPA,Sí,Sin auditor,No,73.0,Grupo Corporativo,0,No participadas,,No consejo,Importador / Exportador,0.0,0.0,0.0,0.0,6050.07893,4376.06068,1085.44144,43.4176576,0.136450446008416,0.368908089435455,2231.923059,1607.01406,7954.83981,5292.27672,3380.5403,25,3320.801059,De 5 a 10M€,De 5 - 20M€,0.503103528191927,Crece,0.723306378417777,1.31483240169893,0.265618693341576,0.41745668527799,132.83204236,318.1935924,2024-12-31,2024,3439.67054,2103.496049,1551.27471,2953.47688,2440.88998347107,834.49963,631.99509,522.309991735537,0.0,128.42701,1679.70172,3155.98142,0.432399724212674,0.567600275787326,4.12183590782419,1.78228070979308,0.34608863126001,Más de 5M€,De 5 a 10M€,,Plástico,64.2805624,0.2805742305702068,4.673259217884107
124,ROTATEX SL,B03093713,COCENTAINA,1330,Textil,Industria,Acabado de textiles,1981-02-16,1981,44,Entre 25 y 50 años,REGIA TEXTIL,Sí,PRB Audit Partners S.L.P.,Sí,2.0,Grupo Corporativo,0,No participadas,,No consejo,Importador,0.0,0.0,0.0,0.0,6627.5489,1851.73029,2131.63919,38.0649855357143,0.269523463814042,0.0897884118214503,595.07709,2210.60243,7908.9188,7513.12845,7805.39109,56,2732.96764,De 5 a 10M€,De 5 - 20M€,0.052679832726672,Crece,0.279398963016327,1.19333993899313,0.33354750954761,0.345555152241543,48.8029935714286,141.230692857143,2024-12-31,2024,3448.72912,240.38797,63.795039,2226.44921,1840.04066942149,1335.14406,500.22739,413.411066115703,2963.33832,354.68912,418.48416,3061.36588,0.436055699547706,0.5639443004522939,2.58303895685983,1.12634885929249,0.349197372377345,Más de 5M€,De 5 a 10M€,El comtat,Textil,39.47504339285714,0.07524126938817477,4.450874251407945
125,BRILDOR SL,B03308681,BENIMARFULL,1310,Textil,Industria,Preparación e hilado de fibras textiles,1987-12-21,1987,38,Entre 25 y 50 años,BORDALIA,Sí,Intercontrol Auditores Y Consultores S.L.P.,Sí,3.0,Grupo Corporativo,0,No participadas,,No consejo,Importador / Exportador,0.0,0.0,0.0,0.0,3541.73506,946.58117,1780.36019,31.79214625,0.233230121544103,0.0359402574849853,127.29087,142.1731,7633.49167,7332.5771,6762.47813,56,1885.502269,De 5 a 10M€,De 5 - 20M€,0.0410380369542926,Se mantiene,0.267264816245177,2.15529720339951,0.0401422177524481,0.247003907322008,33.669683375,136.31235125,2024-12-31,2024,4646.86206,88.49613,26.8593,14.00934,11.5779669421488,3280.86498,320.36429,264.763876033058,1611.44935,38.79474,65.65404,2974.51003,0.608746594728386,0.391253405271614,1.41635272659102,0.86219989924655,0.396630952360637,Más de 5M€,De 5 a 10M€,,Textil,2.538805357142857,0.016675313932713046,0.04372940567127516
126,VAELLO CAMPOS SL,B46307872,AIELO DE MALFERIT,2599,Metal,Industria,Fabricación de otros productos metálicos n.c.o.p.,1986-02-12,1986,39,Entre 25 y 50 años,VAELLO LA VALENCIANA,Sí,Veritas Auditores S.L.P.,Sí,3.0,Grupo Corporativo,1,Participadas,,No consejo,Importador,16.0,669.1953184,0.0,0.0,9507.11161,8371.31906,1558.44884,38.0109473170732,0.204545066823569,0.193850843936816,1842.961609,3775.68005,7619.09766,6694.69547,6523.00699,41,3436.62692,De 5 a 10M€,De 5 - 20M€,0.138079796779763,Crece,0.880532321845751,0.801410351802949,0.397142707994358,0.451054320781603,83.8201687804878,185.831650243902,2024-12-31,2024,2937.34917,1485.51895,1170.22001,1217.7969,1006.44371900826,1553.10616,409.91918,338.776181818182,0.0,357.44266,1527.66267,2360.983879,0.385524546485469,0.6144754535145309,1.89127391652352,0.729132518947526,0.291474633387241,Más de 5M€,De 5 a 10M€,La Vall d'Albaida,Metal,92.08975731707316,0.2418871224968653,2.97082195568403
127,INDUSTRIAL PLAST SA,A46162665,L'OLLERIA,2222,Plástico,Industria,Fabricación de envases y embalajes de plástico,1981-08-31,1981,44,Entre 25 y 50 años,IP INPLASA,Sí,Don Miguel Angel Gosalbes Peris,Sí,0.0,No Grupo Corporativo,0,No participadas,,No consejo,Importador / Exportador,18.0,926.7076008,18.0,926.7076008,7473.02527,3127.8564,1700.05561,34.0011122,0.225948213959325,0.0882290713838306,659.33808,4252.92148,7524.09404,7769.05358,9160.347829,50,2375.71848,De 5 a 10M€,De 5 - 20M€,-0.0315301648363712,Se mantiene,0.418552900196469,1.00683374780024,0.5691030508184,0.315748110984535,47.5143696,150.4818808,2024-12-31,2024,3388.26881,386.93655,217.13749,2026.38044,1674.6945785124,940.66287,1169.31067,966.372454545455,1235.09425,272.40153,489.53902,1797.73264,0.450322496235042,0.5496775037649579,3.6020012249447,1.62206218305878,0.219160603947866,Más de 5M€,De 5 a 10M€,,Plástico,85.0584296,0.08763022850256667,1.732970109645885
128,COMPAÑIA LEVANTINA DE REDUCTORES SL,B03933835,IBI,2711,Energía,Industria,"Fabricación de motores, generadores y transformadores eléctricos",1994-04-12,1994,31,Entre 25 y 50 años,CLR COMPAÑIA LEVANTINA DE REDUCTORES,Sí,Asesores Y Consultores Financieros Independientes,Sí,0.0,No Grupo Corporativo,0,No participadas,,No consejo,Importador / Exportador,0.0,0.0,0.0,0.0,9517.10042,4329.29324,2434.07176,44.2558501818182,0.327531085776774,0.0724134158080051,689.16575,2940.74929,7431.57479,7730.833399,7671.46838,55,3141.806749,De 5 a 10M€,De 5 - 20M€,-0.0387097475207149,Se mantiene,0.454896244543356,0.780865438215057,0.308996349751661,0.422764600744871,57.1237590727273,135.119541636364,2024-12-31,2024,3224.90983,324.51489,191.31637,1842.97289,1523.11809090909,3478.18086,540.05801,446.328933884297,3375.82221,364.65086,555.96723,4781.09574,0.433947032914137,0.566052967085863,0.927182903881542,0.402348270108109,0.612921237522094,Más de 5M€,De 5 a 10M€,,Otros,53.46816890909091,0.09273481993713475,3.412546163327901
129,EMBALAJES ALBERO SA,A03266095,BANYERES DE MARIOLA,1721,Papel y Cartón,Industria,Fabricación de papel y cartón ondulados; fabricación de envases y embalajes de papel y cartón,1987-02-06,1987,38,Entre 25 y 50 años,BURBI-PACK,Sí,BAKER TILLY AUDITORES S.L.P.,Sí,2.0,Grupo Corporativo,0,No participadas,,No consejo,Importador,13.0,522.7360567,0.0,0.0,12756.10449,10360.34896,918.22277,35.3162603846154,0.124024401978031,0.170875455097499,2179.70516,5811.98621,7403.56539,6953.16055,7295.49978,26,3382.5188,De 5 a 10M€,De 5 - 20M€,0.064776994110973,Crece,0.812187527008882,0.580393912248362,0.455623910462339,0.456877007471126,130.096876923077,284.752515,2024-12-31,2024,3483.23236,1757.41899,1531.50739,3990.56233,3297.98539669422,677.09,234.09501,193.466950413223,0.0,422.28617,1953.79356,4433.55732,0.470480393771466,0.529519606228534,5.14441560206176,2.42034667818209,0.510782068783888,Más de 5M€,De 5 a 10M€,L'Alcoià,Papel y cartón,223.53793115384616,0.2944129004309368,17.046763747762114
131,TEIXITS J FRANCES SL,B96362835,ONTINYENT,1310,Textil,Industria,Preparación e hilado de fibras textiles,1994-12-14,1994,31,Entre 25 y 50 años,Sin marca,No,CROWE VALENCIA S.L.,Sí,2.0,Grupo Corporativo,0,No participadas,,No consejo,Importador / Exportador,41.0,2444.3857691,11.0,655.8108161,6315.8235,2974.56442,564.54424,40.3245885714286,0.0765790717897551,0.132355478268194,835.93384,2553.80538,7372.04339,7752.6524,7796.36276,14,1410.12688,De 5 a 10M€,De 5 - 20M€,-0.0490940378031137,Se mantiene,0.470970162481583,1.16723391494395,0.404350340062543,0.191280328316136,100.723348571429,526.574527857143,2024-12-31,2024,5198.61845,347.7432,213.46998,2692.16518,2224.92990082645,875.18436,709.14343,586.068950413223,1243.19513,488.19064,701.66062,2858.20611,0.705180121030188,0.294819878969812,5.94002668192105,4.18878873447964,0.341024215053246,Más de 5M€,De 5 a 10M€,La Vall d'Albaida,Textil,182.41466999999997,0.11339241995427268,3.796362013817156
132,SPUNLACE SA,A97033351,MONTAVERNER,1722,Papel y cartón,Industria,"Fabricación de artículos de papel y cartón para uso doméstico, sanitario e higiénico",2000-09-27,2000,25,Mayor de 50 años,Sin marca,No,Sin auditor,No,2.0,Grupo Corporativo,0,No participadas,,No consejo,Importador / Exportador,0.0,0.0,0.0,0.0,8472.18474,5578.28992,971.0158,25.553047368421,0.134066480127494,0.12152900350943,1029.616169,4241.42786,7242.79327,5386.06666,4786.64548,38,2132.55625,De 5 a 10M€,De 5 - 20M€,0.344727744234788,Crece,0.658424018265683,0.85489085664107,0.500629765540264,0.294438370736488,56.1199013157895,190.599822894737,2024-12-31,2024,4280.29153,954.99609,759.82898,1590.84548,1314.74833057851,854.31711,472.69921,390.660504132231,1113.1549,74.62008,834.449059,1972.46338,0.590972484017896,0.40902751598210396,5.01019057197625,2.96088476772385,0.245541308463479,Más de 5M€,De 5 a 10M€,,Papel y cartón,111.61652263157895,0.14215733220837876,3.3654498385982046
133,PALETS RIBELLES SA,A46969754,LLUTXENT,1624,Madera,Industria,Fabricación de envases y embalajes de madera,1991-06-18,1991,34,Entre 25 y 50 años,Sin marca,No,Audimar Auditores Y Consultores S.L.P.,Sí,0.0,No Grupo Corporativo,0,No participadas,,No consejo,Importador,62.0,3444.0031622,0.0,0.0,7365.75907,5234.64836,789.34366,29.2349503703704,0.108991676179391,0.120138526333851,884.91144,3089.99586,7242.23801,8473.47048,11305.809319,27,1687.3942,De 5 a 10M€,De 5 - 20M€,-0.145304391265195,Decrece,0.710673307428721,0.983230369222489,0.419508136314863,0.232993474899619,62.4960814814815,268.231037407407,2024-12-31,2024,4860.86315,741.15937,606.90961,2131.63224,1761.67953719008,1128.84566,997.97345,824.771446280992,548.811399,143.75207,750.66168,2262.50445,0.671182463664985,0.328817536335015,4.30604760441742,2.89014363979159,0.285236932016971,Más de 5M€,De 5 a 10M€,,Madera,114.44429111111111,0.12218756671323482,2.135960871504143
134,FERNANDO CERDA BLANES E HIJOS SA,A03146081,BANYERES DE MARIOLA,1320,Textil,Industria,Fabricación de tejidos textiles,1984-01-01,1984,41,Entre 25 y 50 años,ALBERSUN,Sí,ADN AUDIFIEL S.L.,Sí,2.0,Grupo Corporativo,0,No participadas,,No consejo,Importador / Exportador,22.0,1034.8052638,58.0,2728.1229682,8455.03842,7522.18924,791.05785,28.2520660714286,0.110753928510876,0.182716635130323,1544.87617,3509.40706,7142.48118,6573.70967,9037.75377,28,2438.82089,De 5 a 10M€,De 5 - 20M€,0.0865221524150457,Crece,0.889669433341262,0.84476034586724,0.415066956017451,0.341452896904938,87.1007460714286,255.088613571429,2024-12-31,2024,3274.0268,885.55989,768.94966,1549.35953,1280.4624214876,1871.90238,94.2719,77.9106611570248,0.0,659.31628,1428.26594,3326.99001,0.458387879154342,0.541612120845658,1.7490371479735,0.80173742882173,0.430446236097829,Más de 5M€,De 5 a 10M€,L'Alcoià,Textil,125.33596642857142,0.21629404839397842,16.435009053599174
135,ADVANCED PET S.L.,B53525184,IBI,2222,Plástico,Industria,Fabricación de envases y embalajes de plástico,2001-01-16,2001,24,Entre 10 y 25 años,ADVANCED PET,Sí,Casamitjana E Iborra Auditores S.L.P.,Sí,0.0,No Grupo Corporativo,0,No participadas,,No consejo,Importador / Exportador,0.0,0.0,0.0,0.0,6765.42418,4428.75761,1195.93607,56.9493366666667,0.168904807960348,0.155480110487322,1051.888899,3006.02033,7080.53302,6490.81516,4998.6492,21,2249.10569,De 5 a 10M€,De 5 - 20M€,0.0908542063613471,Crece,0.654616398346807,1.04657636115878,0.444321043296357,0.317646381091236,107.100270952381,337.168239047619,2024-12-31,2024,2994.29602,608.1485,466.84673,1582.24282,1307.63869421488,1534.25084,1091.38252,901.969024793389,251.54276,443.7404,910.58713,2025.11114,0.422891329161544,0.5771086708384561,1.95163394533322,0.825329073178751,0.273979445324511,Más de 5M€,De 5 a 10M€,,Plástico,143.14382523809522,0.14856069395182342,1.4497600896155123
136,JUYPAL HOGAR SL,B03463452,IBI,2229,Plástico,Industria,Fabricación de otros productos de plástico,1989-10-31,1989,36,Entre 25 y 50 años,NOVO ARGENTO,Sí,Albadit Auditores S.L.P.,Sí,3.0,Grupo Corporativo,1,Participadas,,No consejo,Importador / Exportador,28.0,1569.8822664,0.0,0.0,7195.14369,2662.96317,813.28214,26.2349077419355,0.116399146961719,0.0788054852591832,567.01679,3474.63745,6987.01117,6304.802699,6510.85517,31,1380.28879,De 5 a 10M€,De 5 - 20M€,0.108204570954806,Crece,0.37010562745273,0.971073194787024,0.482914254350353,0.197550677452259,44.5254448387097,225.387457096774,2024-12-31,2024,3584.23425,192.23426,47.17303,1730.48936,1430.15649586777,1496.88941,826.6558,683.186611570248,2100.88024,374.78253,421.95556,2400.722969,0.512985332754234,0.48701466724576603,2.39445494507173,1.22832026676264,0.321147231584792,Más de 5M€,De 5 a 10M€,,Plástico,112.08507903225807,0.08115298175485815,2.0933614207993236
137,BLUEBAGS & ACCESORIES SOCIEDAD LIMITADA.,B98574056,ONTINYENT,1512,Textil,Industria,"Fabricación de artículos de marroquinería, viaje y de guarnicionería y talabartería",2013-10-04,2013,12,Entre 10 y 25 años,COOL WHIM ACCESSORIES,Sí,Don Jose Luis Ramos Fortea,Sí,0.0,No Grupo Corporativo,0,No participadas,,No consejo,Importador,0.0,0.0,0.0,0.0,4047.36173,953.4594,747.4913,32.4996217391304,0.107550635576044,0.104250617599233,421.93996,1098.48766,6950.13373,6681.05006,5820.47618,23,1166.40092,De 5 a 10M€,De 5 - 20M€,0.04027565541097,Se mantiene,0.235575533793467,1.71720102961986,0.271408323070743,0.167824241275427,50.7130834782609,302.179727391304,2024-12-31,2024,3837.22155,380.3467,148.95264,1028.79334,850.242429752066,1630.71612,39.82165,32.9104545454545,1565.78147,41.59326,190.5459,2619.68781,0.552107585129876,0.447892414870124,2.35308984987528,1.29915875460826,0.352230358480687,Más de 5M€,De 5 a 10M€,La Vall d'Albaida,Textil,47.76033304347826,0.060709617453648626,25.835025419589627
138,INDUSTRIAS PLASTICAS BAÑERES SA,A03057577,BANYERES DE MARIOLA,2222,Plástico,Industria,Fabricación de envases y embalajes de plástico,1976-06-10,1976,49,Entre 25 y 50 años,Sin marca,No,3E Auditores De Cuentas S.L.,Sí,0.0,No Grupo Corporativo,0,No participadas,,No consejo,No realiza actividad exterior,,,,,5697.84449,2213.19253,917.25364,27.7955648484848,0.133472609939396,0.100906750089278,574.95097,2730.97274,6872.22375,6424.34603,8216.34899,33,1493.30397,De 5 a 10M€,De 5 - 20M€,0.0697156905790146,Crece,0.38842627837321,1.20610939137793,0.479299276207519,0.217295598095158,45.2516354545455,208.249204545455,2024-12-31,2024,4582.62988,297.06608,160.42826,1869.05008,1544.66948760331,874.5025,1266.61469,1046.789,1373.37872,277.88489,438.31315,1476.93789,0.666833625724133,0.33316637427586704,5.24027075966049,3.49438875044057,0.199699986136701,Más de 5M€,De 5 a 10M€,L'Alcoià,Plástico,82.7567496969697,0.08366301664726793,1.4756264037960947
139,AVAN EUROPE SOCIEDAD LIMITADA.,B98376916,L'OLLERIA,2015,Química,Industria,Fabricación de fertilizantes y compuestos nitrogenados,2011-09-07,2011,14,Entre 10 y 25 años,AVAN,Sí,CROWE VALENCIA S.L.,Sí,6.0,Grupo Corporativo,1,Participadas,,No consejo,Importador,10.0,461.934698,0.0,0.0,6122.18796,3182.89974,735.6564,29.426256,0.107632156837162,0.239436701319441,1465.87649,3168.17827,6834.91274,5932.04615,6542.28417,25,2215.56576,De 5 a 10M€,De 5 - 20M€,0.152201545161613,Crece,0.519895789021152,1.11641667728215,0.517491179738297,0.324154212976829,88.6226304,273.3965096,2024-12-31,2024,3810.7122,1110.18756,828.17022,1314.93066,1086.71955371901,1243.79561,658.40695,544.137975206612,100.76626,355.68893,1183.85915,1900.31932,0.557536335131032,0.44246366486896804,3.06377685317606,1.70816691837907,0.261360642990798,Más de 5M€,De 5 a 10M€,,Otros,126.7271308,0.21446893995021218,1.9971397021249562
140,SATIS COATING SL.,B03311933,CASTALLA,2561,Metal,Industria,Tratamiento y revestimiento de metales,1988-01-13,1988,37,Entre 25 y 50 años,Sin marca,No,BEST AUDIT CONSULTING S.L.,Sí,2.0,Grupo Corporativo,0,No participadas,,No consejo,Exportador,0.0,0.0,0.0,0.0,6148.84284,2139.07895,1585.48249,31.7096498,0.233512360324247,0.169327575462963,1041.16865,1612.68083,6789.71549,7030.142689,5279.15092,50,2634.911989,De 5 a 10M€,De 5 - 20M€,-0.0341994764026902,Se mantiene,0.347883171787165,1.10422654581947,0.262273873631807,0.388073991153347,52.69823978,135.7943098,2024-12-31,2024,2929.25315,699.43175,411.80635,2433.74208,2011.35709090909,609.6454,331.60679,274.055198347107,1549.16444,341.7369,753.54325,2711.78069,0.431425021315584,0.568574978684416,4.80484745722678,2.07293141665219,0.345662096743023,Más de 5M€,De 5 a 10M€,,Metal,32.2536166,0.15334495996679828,7.3392407917823475
141,CREACIONES JOVIAR SL,B03160520,IBI,2599,Metal,Industria,Fabricación de otros productos metálicos n.c.o.p.,1984-05-04,1984,41,Entre 25 y 50 años,ZMK METAL,Sí,Sin auditor,No,0.0,No Grupo Corporativo,0,No participadas,,No consejo,Importador,0.0,0.0,0.0,0.0,3985.45617,1518.16073,1532.38706,40.3259752631579,0.228839767459499,0.158097643813757,630.09123,1678.81685,6696.33201,5897.94858,4671.70437,38,2163.36829,De 5 a 10M€,De 5 - 20M€,0.135366292054041,Crece,0.380925210375604,1.68019210960235,0.421235807995349,0.32306765655725,56.9307444736842,176.219263421053,2022-12-31,2022,3469.91051,295.72251,206.76803,1246.08513,1029.8224214876,316.96637,243.24172,201.026214876033,0.0,334.36872,541.13675,1319.80978,0.518180774910532,0.48181922508946795,10.9472513124973,5.67265516825018,0.171103012052052,Más de 5M€,De 5 a 10M€,,Metal,44.17939078947368,0.09409498051456382,5.122826503611289
142,PRODESCOM-ROTOMOLDEO SL,B54363361,ONIL,2229,Plástico,Industria,Fabricación de otros productos de plástico,2008-07-22,2008,17,Entre 10 y 25 años,Sin marca,No,Sin auditor,No,2.0,Grupo Corporativo,0,No participadas,,No consejo,Importador / Exportador,0.0,0.0,0.0,0.0,3838.7403,2946.08771,2017.24644,42.9201370212766,0.301704391350799,0.249161682023658,956.46699,890.39801,6686.16864,6708.41384,5148.63064,47,2973.29519,De 5 a 10M€,De 5 - 20M€,-0.00331601486291133,Se mantiene,0.767462104690958,1.74176112929546,0.231950572431274,0.444693418621281,63.261599787234,142.258907234043,2024-12-31,2024,2608.77525,809.61239,611.76351,1050.83555,868.459132231405,980.36704,443.62457,366.631876033058,36.47088,146.8546,758.61811,1587.57802,0.39017491039532,0.60982508960468,2.66101892817612,1.03826282186137,0.221680662873371,Más de 5M€,De 5 a 10M€,,Plástico,18.9446385106383,0.14305158028440038,2.3687496614536014
143,NEW MOP SL,B97328173,ONTINYENT,1399,Textil,Industria,Fabricación de otros productos textiles n.c.o.p.,2003-04-24,2003,22,Entre 10 y 25 años,AIGUA LIMPIEZA ECOLOGICA,Sí,Consauval Auditores S.L.P.,Sí,0.0,No Grupo Corporativo,0,No participadas,,No consejo,No realiza actividad exterior,,,,,4594.45107,1856.30055,1297.87794,25.9575588,0.196624387432624,0.200561822502987,921.47148,999.0421,6600.79839,6615.45437,6163.99148,50,2226.728239,De 5 a 10M€,De 5 - 20M€,-0.00221541547719883,Se mantiene,0.404030976000796,1.43668923434634,0.217445367200308,0.33734225883545,44.53456478,132.0159678,2024-12-31,2024,3404.90415,714.35862,506.2245,1254.25207,1036.57195867769,1295.70738,869.42373,718.532008264463,757.12785,207.11286,713.33736,1680.53572,0.515832168902223,0.48416783109777695,2.62783418737647,1.35552140838982,0.244477597264294,Más de 5M€,De 5 a 10M€,La Vall d'Albaida,Textil,19.980842,0.13960000375045542,1.44262461067172
144,CRISTALERIA JUANCAR SL.,B98237993,BOCAIRENT,2312,Vidrio,Industria,Manipulado y transformación de vidrio plano,2010-03-23,2010,15,Entre 10 y 25 años,Sin marca,No,Sin auditor,No,3.0,Grupo Corporativo,0,No participadas,,No consejo,No realiza actividad exterior,,,,,7501.48536,6238.54084,217.62817,36.2713616666667,0.0330653173590281,0.355121118172788,2663.935869,1449.0569,6581.76565,4667.17047,3296.44738,6,2872.518809,De 5 a 10M€,De 5 - 20M€,0.410226108582659,Crece,0.831640740547949,0.877394987010946,0.193169329867225,0.436435899081275,478.753134833333,1096.96094166667,2024-12-31,2024,3231.27242,2655.94882,1985.143589,721.34746,596.154925619835,65.43789,517.77755,427.915330578512,3.83867,7.98705,1993.13064,269.0078,0.490943098224714,0.509056901775286,49.3792269280076,24.2423906559773,0.035503768664465,Más de 5M€,De 5 a 10M€,,Otros,241.50948333333335,0.40474486796715403,1.3931609433433354
145,DON ALMOHADON SL,B97181978,AIELO DE MALFERIT,1399,Textil,Industria,Fabricación de otros productos textiles n.c.o.p.,2002-05-01,2002,23,Entre 10 y 25 años,DORMIO,Sí,Consauval Auditores S.L.P.,Sí,0.0,No Grupo Corporativo,0,No participadas,,No consejo,Exportador,0.0,0.0,0.0,0.0,2637.76261,1732.90386,1121.22887,25.4824743181818,0.172976268453713,0.185776278025262,490.03372,454.40376,6481.98091,6526.3286,7545.80208,44,1611.26539,De 5 a 10M€,De 5 - 20M€,-0.00679519722620148,Se mantiene,0.656959748170818,2.45737841814355,0.172268633377891,0.248576077648461,36.6196679545455,147.317747954545,2024-12-31,2024,3790.33624,359.8781,266.05748,1304.28596,1077.92228099174,374.88234,683.8054,565.128429752066,62.90192,130.15562,396.2131,995.3629,0.584749676468887,0.415250323531113,10.1107356510846,5.91224940083413,0.136945202950261,Más de 5M€,De 5 a 10M€,La Vall d'Albaida,Textil,10.327358181818182,0.07559937722803321,1.907393477735048
146,INYECTADOS IBI SL,B03940525,IBI,2229,Plástico,Industria,Fabricación de otros productos de plástico,1994-05-04,1994,31,Entre 25 y 50 años,Sin marca,No,Sin auditor,No,0.0,No Grupo Corporativo,0,No participadas,,No consejo,No realiza actividad exterior,,,,,7204.56534,3295.02981,1298.77963,32.46949075,0.202482043803116,0.13142312482657,946.84649,4834.70927,6414.29534,5201.54264,5007.89731,40,2245.626119,De 5 a 10M€,De 5 - 20M€,0.233152505695887,Crece,0.45735303304224,0.890309829572592,0.671061895040014,0.350097087827577,56.140652975,160.3573835,2024-12-31,2024,3172.81295,386.09325,195.95563,1699.7177,1404.72537190083,165.92459,698.69384,577.432925619835,605.45479,560.75324,756.70887,1166.94845,0.494647156362463,0.505352843637537,19.1220177190132,9.45865168862252,0.154844294444507,Más de 5M€,De 5 a 10M€,,Plástico,120.86773175,0.14761504418036356,2.432707435920722
147,TERMOFORMADOS BANYERES SL.,B03506102,BANYERES DE MARIOLA,2229,Plástico,Industria,Fabricación de otros productos de plástico,1990-05-19,1990,35,Entre 25 y 50 años,Sin marca,No,PRB Audit Partners S.L.P.,Sí,2.0,Grupo Corporativo,0,No participadas,,No consejo,No realiza actividad exterior,,,,,4142.08664,1757.59062,634.23921,28.829055,0.0989294869064998,0.251493264274163,1041.70689,1633.80172,6411.02294,6258.35622,6142.39306,22,1676.84241,De 5 a 10M€,De 5 - 20M€,0.0243940604582589,Se mantiene,0.424324929137648,1.54777615660883,0.394439291593379,0.261556139432563,76.2201095454545,291.410133636364,2024-12-31,2024,4312.0188,848.64353,571.16597,1207.67268,998.076595041322,1059.94836,339.216,280.343801652893,651.40287,193.06336,764.22933,1928.40504,0.672594504863837,0.327405495136163,4.06814045167257,2.73620891280926,0.277285102553139,Más de 5M€,De 5 a 10M€,L'Alcoià,Plástico,74.26371454545455,0.16248684488407086,3.5601878449129694
148,PASCUAL Y BERNABEU SA,A03030707,COCENTAINA,1330,Textil,Industria,Acabado de textiles,1971-10-21,1971,54,Mayor de 50 años,Sin marca,No,ADN AUDIFIEL S.L.,Sí,13.0,Grupo Corporativo,1,Participadas,,No consejo,No realiza actividad exterior,,,,,5486.07808,3034.37358,2365.29485,35.8378007575758,0.370700205989587,0.0736352990440851,403.969,3160.40844,6380.6138,6974.98537,7414.53717,66,2850.66938,De 5 a 10M€,De 5 - 20M€,-0.0852147407443237,Decrece,0.553104337151541,1.16305559398819,0.576077918307718,0.446770400051481,43.1919603030303,96.6759666666667,2024-12-31,2024,1571.0381,-112.27708,-60.37793,1908.83105,1577.54632231405,283.41351,543.48709,449.162884297521,274.53754,516.24608,455.86815,1648.75747,0.246220528188056,0.7537794718119439,5.5432717374694,1.36486729508964,0.221263501015612,Más de 5M€,De 5 a 10M€,El comtat,Textil,47.88497636363637,0.06331193403368184,3.512192074332436
149,CAÑETE SA,A46225678,ONTINYENT,1320,Textil,Industria,Fabricación de tejidos textiles,1984-02-13,1984,41,Entre 25 y 50 años,"CASA TEXTIL BY CAÑETE, S.A.",Sí,Doña Susana Gandia Blasco,Sí,3.0,Grupo Corporativo,1,Participadas,,No consejo,Importador / Exportador,44.0,2027.2402348,0.0,0.0,6956.04779,4980.58613,1532.91457,30.6582914,0.240265753874255,0.0340180037779758,236.63086,1066.29509,6380.07933,6851.55122,7731.93944,50,1772.71516,De 5 a 10M€,De 5 - 20M€,-0.06881243018716,Decrece,0.716008037949377,0.917198892620029,0.153290362888666,0.277851585898698,35.4543032,127.6015866,2024-12-31,2024,3276.7242,96.09092,2.587779,1197.06031,989.306041322314,3122.14151,917.41786,758.196578512397,799.32025,140.53994,143.12772,3401.78396,0.513586748771665,0.486413251228335,1.04951175002955,0.539015327495336,0.525581391604721,Más de 5M€,De 5 a 10M€,La Vall d'Albaida,Textil,21.3259018,0.03708901531793336,1.3048147002501123
150,ACAPERSA 1997 SL,B97162093,AGULLENT,1330,Textil,Industria,Acabado de textiles,2001-12-05,2001,24,Entre 10 y 25 años,Sin marca,No,Consauval Auditores S.L.P.,Sí,0.0,No Grupo Corporativo,0,No participadas,,No consejo,No realiza actividad exterior,,,,,4399.76394,3587.33221,1298.66979,26.5034651020408,0.205321337621134,0.595041780582437,2618.043369,2302.54803,6325.06005,6016.03264,6932.9062,49,3939.49627,De 5 a 10M€,De 5 - 20M€,0.0513673094034277,Crece,0.815346518340709,1.43759077447232,0.523334447347646,0.62283934679798,80.3978830612245,129.082858163265,2024-12-31,2024,806.60371,2291.31305,1769.78349,1306.49526,1079.74814876033,131.53062,0.0,0.0,0.0,326.73032,2096.51381,1438.02588,0.127525067528806,0.872474932471194,6.13244056783128,0.78203989752907,0.191504706545882,Más de 5M€,De 5 a 10M€,La Vall d'Albaida,Textil,46.99077612244898,0.41391597048948175,
151,GONHER SA,A03003647,IBI,3240,Juguete,Industria,Fabricación de juegos y juguetes,1958-01-01,1958,67,Mayor de 50 años,GONHER,Sí,Moragues Auditores S.L.,Sí,0.0,No Grupo Corporativo,0,No participadas,,No consejo,Exportador,0.0,0.0,0.0,0.0,13306.15792,10763.16441,1272.53763,47.1310233333333,0.201702189973869,0.120558604417946,1604.171829,2222.44035,6308.99263,6140.5392,6122.92887,27,3108.0083,De 5 a 10M€,De 5 - 20M€,0.0274330029519232,Se mantiene,0.808885966536011,0.474140820207551,0.167023446088787,0.492631467854481,115.111418518519,233.666393703704,2024-12-31,2024,2996.96378,1489.92943,1273.168359,947.65114,783.182760330579,1264.35475,502.14491,414.99579338843,538.19693,114.2424,1387.410759,1709.86098,0.475030477250692,0.5249695227493081,2.37035039414373,1.12598867898146,0.258764245369256,Más de 5M€,De 5 a 10M€,,Juguete,82.31260555555555,0.2542675072042365,1.8872065037958863
152,MUÑECAS ANTONIO JUAN SL,B03663994,ONIL,3240,Juguete,Industria,Fabricación de juegos y juguetes,1991-04-15,1991,34,Entre 25 y 50 años,MUÑECAS DOLLS ANTONIO JUAN,Sí,ADN AUDIFIEL S.L.,Sí,0.0,No Grupo Corporativo,0,No participadas,,No consejo,Importador / Exportador,0.0,0.0,0.0,0.0,5861.18936,3402.28587,1193.29034,33.1469538888889,0.189889814003864,0.15446872714585,905.37046,1894.5597,6284.1198,6583.17818,7319.471,36,2172.59163,De 5 a 10M€,De 5 - 20M€,-0.0454276599877781,Se mantiene,0.580477043314635,1.07215778471283,0.323238097873023,0.345727277509891,60.3497675,174.558883333333,2024-12-31,2024,3457.73497,753.03966,600.21148,2492.75324,2060.1266446281,484.47496,466.4047,385.458429752066,4.52612,152.3308,752.54228,2510.8235,0.550233776574406,0.449766223425594,7.13707674386309,3.92706069047715,0.343587207690731,Más de 5M€,De 5 a 10M€,,Juguete,52.62665833333333,0.1440727562195743,5.344614323140401
153,AMBIENTES AMA HOGAR SL,B53092219,BANYERES DE MARIOLA,2042,Cosmética,Industria,Fabricación de perfumes y cosméticos,1996-02-09,1996,29,Entre 25 y 50 años,Sin marca,No,Sin auditor,No,0.0,No Grupo Corporativo,0,No participadas,,No consejo,Importador / Exportador,0.0,0.0,0.0,0.0,6497.87261,5026.39667,1362.25825,30.2724055555556,0.217465270583577,0.332402893937313,2159.91166,766.18021,6264.25657,5638.002779,5081.41547,45,3498.48578,De 5 a 10M€,De 5 - 20M€,0.111077240566929,Crece,0.773544969512722,0.96404730378363,0.117912470124587,0.558483794669988,77.7441284444444,139.205701555556,2024-12-31,2024,2050.53974,2075.88269,1515.906359,643.26477,531.623776859504,3831.89377,189.06284,156.250280991736,1.56889,84.02897,1599.935329,4286.0957,0.327339679830515,0.672660320169485,0.535124370110083,0.175167439981341,0.671630738436974,Más de 5M€,De 5 a 10M€,L'Alcoià,Otros,17.02622688888889,0.3447993606047334,3.4023860532296983
154,POHUER CREATIVE INJECTION SL.,B03076346,IBI,2229,Plástico,Industria,Fabricación de otros productos de plástico,1980-04-10,1980,45,Entre 25 y 50 años,Sin marca,No,PricewaterhouseCoopers Auditores S.L.,Sí,0.0,No Grupo Corporativo,0,No participadas,,No consejo,Exportador,0.0,0.0,4.0,145.9222476,5288.60624,2083.23421,1579.42739,32.2332120408163,0.252176042405816,0.251809546705825,1331.72154,2748.96784,6263.19366,5948.95742,6122.94837,49,2615.13747,De 5 a 10M€,De 5 - 20M€,0.0528220691147594,Crece,0.393909872556517,1.18428057899807,0.519790605549034,0.417540573062849,53.3701524489796,127.82027877551,2024-12-31,2024,2627.54213,821.27401,327.90037,1597.83263,1320.52283471074,748.20947,863.34039,713.504454545455,787.86792,510.44753,838.3479,1482.701709,0.419521137719379,0.580478862280621,3.5117734208844,1.4732631809421,0.216379681634384,Más de 5M€,De 5 a 10M€,,Plástico,56.10138448979591,0.21262659472036827,1.8507562584903439
155,VEREMUNDO SILVESTRE JORDA SL,B46821997,ALBAIDA,3299,Manufacturas,Industria,Otras industrias manufactureras n.c.o.p.,1990-11-19,1990,35,Entre 25 y 50 años,VEREMUNDO,Sí,Sin auditor,No,0.0,No Grupo Corporativo,0,No participadas,,No consejo,Importador / Exportador,28.0,1308.0690168,0.0,0.0,4501.0192,3128.27088,879.79132,30.3376317241379,0.140821621758324,0.150251303082644,676.284,581.64057,6247.5585,5927.03201,5246.36974,29,1575.88344,De 5 a 10M€,De 5 - 20M€,0.0540787512973124,Crece,0.695013893742111,1.38803195951708,0.129224192156301,0.252239885388828,54.3408082758621,215.433051724138,2024-12-31,2024,3799.01284,618.01783,464.78086,2306.89288,1906.52304132231,994.39251,556.10508,459.590975206612,519.8467,58.26617,523.04703,2745.180309,0.60807959461284,0.39192040538716,3.82043589608293,2.32312911093445,0.390764580454221,Más de 5M€,De 5 a 10M€,La Vall d'Albaida,Otros,20.056571379310345,0.1082477258916423,4.148303914073206
156,FERRE & FERRE ETIQUETES SL,B53807772,BANYERES DE MARIOLA,1812,Artes gráficas,Industria,Otras actividades de impresión y artes gráficas,2003-10-02,2003,22,Entre 10 y 25 años,Sin marca,No,Sin auditor,No,0.0,No Grupo Corporativo,0,No participadas,,No consejo,Importador / Exportador,0.0,0.0,0.0,0.0,3691.84891,2656.66483,1414.91449,33.6884402380952,0.226786396091356,0.253703665245607,936.6356,1456.88394,6238.97427,5540.0452,4941.37963,42,2351.55009,De 5 a 10M€,De 5 - 20M€,0.126159452634069,Crece,0.719602804655405,1.68993217818332,0.394621766902156,0.376912932836955,55.9892878571429,148.547006428571,2024-12-31,2024,3431.6131,362.32875,256.911659,1223.40162,1011.07571900826,780.51817,261.23098,215.893371900826,174.57201,574.30685,831.21851,1742.68881,0.550028410359192,0.44997158964080797,4.39658323393035,2.41824568717059,0.252557623884453,Más de 5M€,De 5 a 10M€,L'Alcoià,Otros,34.687712857142856,0.15012653674559873,4.683217970548505
157,OLIVES GARCIA SA,A46228649,BENIGANIM,1039,Alimentación,Industria,Otro procesado y conservación de frutas y hortalizas,1984-02-08,1984,41,Entre 25 y 50 años,OLIVES GARCÍA,Sí,Sin auditor,No,4.0,Grupo Corporativo,0,No participadas,,No consejo,No realiza actividad exterior,,,,,3757.785,1152.37054,744.46458,21.8960170588235,0.119921921170928,0.0675715028933268,253.91918,716.98318,6207.91072,4185.10465,3570.61776,34,998.38376,De 5 a 10M€,De 5 - 20M€,0.483334644929369,Crece,0.306662179981026,1.65201327909926,0.190799415080959,0.160824439176213,29.3642282352941,182.585609411765,2024-12-31,2024,4991.27842,220.8424,106.71442,1231.15347,1017.48220661157,1778.54985,982.50048,811.983867768595,1121.0566,33.07678,139.7912,2027.20284,0.804019040402694,0.195980959597306,2.80637532875449,2.25637919883498,0.319599987553135,Más de 5M€,De 5 a 10M€,,Alimentación,21.08774058823529,0.040902518005284716,1.253081800021105
158,CIEVA SL,B96921069,ATZENETA D'ALBAIDA,1392,Textil,Industria,"Fabricación de artículos confeccionados con textiles, excepto prendas de vestir",1999-11-22,1999,26,Entre 25 y 50 años,Sin marca,No,Auditing Firm S.L.P.,Sí,2.0,Grupo Corporativo,0,No participadas,,No consejo,Importador,0.0,0.0,0.0,0.0,5636.25165,3738.57818,983.50724,27.3196455555556,0.161638436517476,0.1767584508048,996.25511,1124.6543,6084.61243,5564.45674,6261.31496,36,1999.067799,De 5 a 10M€,De 5 - 20M€,0.0934782521105557,Crece,0.663309307702753,1.07954946085489,0.199539404880902,0.328544804126497,55.5296610833333,169.017011944444,2024-12-31,2024,3635.27075,686.6039,520.461709,1702.94993,1407.39663636364,1046.72567,790.92237,653.65485123967,122.99615,309.65121,830.112919,1958.75323,0.597453131456065,0.40254686854393495,3.47299283297409,2.07495044358484,0.295905035174766,Más de 5M€,De 5 a 10M€,,Textil,31.24039722222222,0.16373353627060844,2.153118933783606
159,QIUB PACKAGING SA.,A03160736,ONIL,2222,Plástico,Industria,Fabricación de envases y embalajes de plástico,1984-04-16,1984,41,Entre 25 y 50 años,Sin marca,No,Sin auditor,No,0.0,No Grupo Corporativo,3,Participadas,,No consejo,Exportador,0.0,0.0,0.0,0.0,5347.33725,3354.21405,1375.07378,33.5383848780488,0.226679639717337,0.256428991644393,1371.212299,2762.75114,6066.15478,5349.356359,5935.4324,41,2763.04664,De 5 a 10M€,De 5 - 20M€,0.133997134027914,Crece,0.627268094975682,1.13442532168698,0.516659228852641,0.455485680831903,67.3913814634146,147.954994634146,2024-12-31,2024,1394.78162,801.48019,610.62213,1118.74956,924.58641322314,879.4268,350.09218,289.332380165289,410.41067,569.73211,1180.35424,1648.08418,0.229928458897648,0.770071541102352,1.58601218430005,0.364669337329002,0.249693733178673,Más de 5M€,De 5 a 10M€,,Plástico,67.38417414634146,0.2260430781490874,3.1955856883178604
160,OPTRON INGENIERIA SL,B97532568,L'OLLERIA,2829,Maquinaria,Industria,Fabricación de otra maquinaria de uso general n.c.o.p.,2004-12-20,2004,21,Entre 10 y 25 años,MASKTRON,Sí,Doña Carmen Rita Gomis Rico,Sí,2.0,Grupo Corporativo,0,No participadas,,No consejo,Importador / Exportador,0.0,0.0,61.0,2481.7390548,9887.29849,7132.91884,1551.65594,35.2649077272727,0.257579644839393,0.0313759021550486,310.22291,2754.94637,6023.98509,6845.574439,8033.79383,44,1955.56041,De 5 a 10M€,De 5 - 20M€,-0.120017590389393,Decrece,0.721422423649314,0.60926501774905,0.278634894333002,0.324629025600726,44.4445547727273,136.908752045455,2024-12-31,2024,3408.75783,172.01821,253.93663,891.16709,736.501727272727,2682.32419,1012.19128,836.521719008265,142.85716,138.2047,392.14133,2561.3,0.565864254156047,0.434135745843953,1.2708224616205,0.719113004409634,0.428670416623568,Más de 5M€,De 5 a 10M€,,Otros,62.6124175,0.05149795448779904,0.8804334789369052
161,MT PLASTICS QUALITY FILM SL,B02731685,MONTAVERNER,2222,Plástico,Industria,Fabricación de envases y embalajes de plástico,2020-10-28,2020,5,Menor de 10 años,Sin marca,No,Sin auditor,No,2.0,Grupo Corporativo,0,No participadas,,No consejo,No realiza actividad exterior,,,,,2906.35755,378.8972,750.30239,34.1046540909091,0.125059335490312,0.0949186035283236,275.8674,1244.71029,5999.57122,5765.38263,6880.20607,22,1026.17434,De 5 a 10M€,De 5 - 20M€,0.0406197827671326,Se mantiene,0.130368405635432,2.06429219969855,0.428271562802037,0.171041279846662,46.6442881818182,272.707782727273,2024-12-31,2024,4182.49857,162.75255,62.45285,1281.36459,1058.979,265.32659,867.20767,716.700553719008,446.84072,113.11485,175.5677,679.48351,0.697132914441842,0.302867085558158,15.7635861901365,10.989314782785,0.101274743477583,Más de 5M€,De 5 a 10M€,,Plástico,56.577740454545456,0.04598118596881995,1.4775752502281265
162,SUMINISTROS Y MANIPULADOS TECNICOS SL,B53941217,CASTALLA,2229,Plástico,Industria,Fabricación de otros productos de plástico,2004-11-12,2004,21,Entre 10 y 25 años,SM TECNIC SUMINISTROS Y MANIPULADOS TECNICOS,Sí,Sin auditor,No,0.0,No Grupo Corporativo,0,No participadas,,No consejo,No realiza actividad exterior,,,,,4186.56245,2822.82994,835.64343,33.4257372,0.139642623434096,0.256922349265326,1075.62146,936.35237,5984.15734,5769.61526,4738.96918,25,1909.30732,De 5 a 10M€,De 5 - 20M€,0.0371848156821466,Se mantiene,0.674259604081625,1.42937252494585,0.223656611165564,0.31906034743398,76.3722928,239.3662936,2024-12-31,2024,3441.97212,950.8624,710.21563,1242.02358,1026.46576859504,1226.9027,729.25486,602.689966942149,0.0,124.75906,834.97469,1739.67142,0.575180752182562,0.42481924781743796,2.8054157187852,1.61362112331565,0.275841427266498,Más de 5M€,De 5 a 10M€,,Plástico,37.4540948,0.1797448494226925,1.703140627681244
163,CATOTEX SL,B96218110,ONTINYENT,1392,Textil,Industria,"Fabricación de artículos confeccionados con textiles, excepto prendas de vestir",1993-11-01,1993,32,Entre 25 y 50 años,LA NUIT,Sí,CROWE VALENCIA S.L.,Sí,2.0,Grupo Corporativo,0,No participadas,,No consejo,Importador / Exportador,0.0,0.0,0.0,0.0,4759.77267,3513.83163,620.43225,38.777015625,0.104769477968545,0.0459562704283522,218.7414,163.03038,5921.87975,6616.672,7082.18828,16,836.66517,De 5 a 10M€,De 5 - 20M€,-0.105006300750589,Decrece,0.738235179202371,1.24415180315744,0.0342517156391841,0.141283714854223,52.291573125,370.117484375,2024-12-31,2024,4238.40995,178.57263,127.23416,1783.99038,1474.37221487603,1685.02135,884.15624,730.707636363636,162.36865,40.16877,167.40293,2584.85549,0.715720367337753,0.284279632662247,2.51534495393782,1.80028361441354,0.410120777699411,Más de 5M€,De 5 a 10M€,La Vall d'Albaida,Textil,10.18939875,0.03693783211319007,2.0177320469965774
164,TALLERES CONSTRUCCIONES MECANICAS SA,A46109021,ONTINYENT,2894,Textil,Industria,"Fabricación de maquinaria para las industrias textil, de la confección y del cuero",1977-01-21,1977,48,Entre 25 y 50 años,Sin marca,No,Sin auditor,No,0.0,No Grupo Corporativo,0,No participadas,,No consejo,Importador / Exportador,3.0,128.7729987,0.0,0.0,2746.79694,1422.42565,1471.9558,40.8876611111111,0.248797534872456,0.0455242752673228,125.04594,169.83132,5916.27968,5987.6642,5997.92241,36,1623.84639,De 5 a 10M€,De 5 - 20M€,-0.0119219310929295,Se mantiene,0.517848854892055,2.15388316254641,0.0618288587433769,0.274470863081307,45.1068441666667,164.341102222222,2024-12-31,2024,3377.35783,94.58105,43.20435,1875.60352,1550.08555371901,272.27328,116.00172,95.8691900826446,383.2537,30.46489,73.669239,2031.875079,0.570858379365865,0.42914162063413497,12.4042940607319,7.08109520468705,0.291820153376583,Más de 5M€,De 5 a 10M€,La Vall d'Albaida,Textil,4.717536666666667,0.021135907489755454,16.168756118443785
165,CARTONAJES TORRALBA SL,B03286192,IBI,1721,Papel y Cartón,Industria,Fabricación de papel y cartón ondulados; fabricación de envases y embalajes de papel y cartón,1987-06-26,1987,38,Entre 25 y 50 años,Sin marca,No,ADN AUDIFIEL S.L.,Sí,3.0,Grupo Corporativo,0,No participadas,,No consejo,No realiza actividad exterior,,,,,4519.8109,3443.7637,1357.53494,33.9383735,0.229469562919587,0.184484988077709,833.83726,870.84117,5915.96952,5728.49996,6395.49658,40,2193.88742,De 5 a 10M€,De 5 - 20M€,0.0327257678814752,Se mantiene,0.761926500066629,1.30889757356884,0.192672036345591,0.370841569176983,54.8471855,147.899238,2024-12-31,2024,2974.92771,629.49114,473.82977,1746.61902,1443.48679338843,810.68211,236.52392,195.474314049587,0.0,204.34612,678.17589,2320.77721,0.502863934633659,0.49713606536634103,3.66965999780111,1.84533966526201,0.347989384052615,Más de 5M€,De 5 a 10M€,,Papel y cartón,21.77102925,0.14094684855644762,7.384534384513829
166,LARTEC-J SL,B53103891,BANYERES DE MARIOLA,2573,Maquinaria,Industria,Fabricación de herramientas,1996-05-01,1996,29,Entre 25 y 50 años,Sin marca,No,Sin auditor,No,4.0,Grupo Corporativo,1,Participadas,,No consejo,Exportador,0.0,0.0,0.0,0.0,18362.57308,17494.4868,1098.38835,25.5439151162791,0.186113718412993,0.148064371924068,2718.84285,8015.31394,5901.70547,5423.64804,5222.08384,43,4075.94256,De 5 a 10M€,De 5 - 20M€,0.0881431513391491,Crece,0.95272523756785,0.321398610330269,0.436502765983818,0.690638084316329,94.7893618604651,137.248964418605,2024-12-31,2024,798.24355,1911.92492,1678.886529,1167.1953,964.624214876033,32.3,13.24499,10.9462727272727,0.53845,806.91793,2485.80446,1186.25031,0.135256419361775,0.864743580638225,24.7134226006192,3.34264905113411,0.167066612720807,Más de 5M€,De 5 a 10M€,L'Alcoià,Otros,186.40264976744186,0.46068765441119175,88.12353199209684
167,ABONOS ORGANICOS MONTAGUD SL,B96998349,LLUTXENT,2015,Química,Industria,Fabricación de fertilizantes y compuestos nitrogenados,2000-07-01,2000,25,Mayor de 50 años,MONTAGUT,Sí,Sin auditor,No,2.0,Grupo Corporativo,0,No participadas,,No consejo,No realiza actividad exterior,,,,,13432.6604,6708.37134,827.85484,30.6612903703704,0.140570536346042,0.0914178125131489,1227.98443,10681.12005,5889.24864,5456.68862,3988.00103,27,2105.672939,De 5 a 10M€,De 5 - 20M€,0.0792715234683852,Crece,0.499407499351357,0.438427568674333,0.795160432255103,0.357545260476555,77.9878866296296,218.12032,2024-12-31,2024,1026.24718,856.87801,446.525299,2205.77974,1822.95846280992,30.41112,0.0,0.0,1907.28839,371.10642,817.63172,2236.19086,0.174257743683921,0.825742256316079,33.7457870673622,5.88046471319658,0.314703911500995,Más de 5M€,De 5 a 10M€,,Otros,395.59703888888885,0.2085129199095931,
168,DEFORMAC SL,B03250735,BANYERES DE MARIOLA,2511,Metal,Industria,Fabricación de estructuras metálicas y sus componentes,1986-11-11,1986,39,Entre 25 y 50 años,DEFORMAC,Sí,ADN AUDIFIEL S.L.,Sí,3.0,Grupo Corporativo,2,Participadas,,No consejo,Importador / Exportador,9.0,426.52059669,8.0,379.12941928,6179.75392,4849.77776,995.38054,43.2774147826087,0.171009416058052,0.0139328784146797,86.10176,2272.60076,5820.61832,6670.76736,8328.03986,23,1081.500579,De 5 a 10M€,De 5 - 20M€,-0.127443964707533,Decrece,0.784784932018782,0.941885129303013,0.367749394137688,0.18580510171641,47.0217643043478,253.07036173913,2024-12-31,2024,4242.95338,9.56437,6.428809,1602.20732,1324.13828099174,1409.55117,1101.45816,910.296,0.9532,76.53739,82.9662,1910.30033,0.728952346079961,0.27104765392003904,3.0101449811148,2.19425224602446,0.31326456241366,Más de 5M€,De 5 a 10M€,L'Alcoià,Metal,98.80872869565216,0.014792545270345094,1.4546238597024923
169,MEDITERRANEA LIFESTYLE SOCIEDAD LIMITADA.,B98596885,L'OLLERIA,2313,Vidrio,Industria,Fabricación de vidrio hueco,2013-12-20,2013,12,Entre 10 y 25 años,ECOGREEN GLASS MADE IN SPAIN,Sí,Feraudit S.L.,Sí,0.0,No Grupo Corporativo,0,No participadas,,No consejo,Exportador,0.0,0.0,25.0,838.4902475,6138.57568,2720.67478,1771.99356,23.6265808,0.305754801651161,0.102605598241969,629.85223,2759.2141,5795.47255,9433.02791,8968.90689,75,2441.51156,De 5 a 10M€,De 5 - 20M€,-0.385619060465602,Decrece,0.443209454737878,0.944107045691746,0.449487673335975,0.421279117265425,32.5534874666667,77.2729673333333,2023-12-31,2023,2483.20209,2.97374,10.37939,1115.77117,922.124933884298,1644.51678,807.70055,667.521115702479,159.99996,626.87849,637.25788,1952.5874,0.428472754995622,0.571527245004378,1.50998890385296,0.646989105646697,0.327690379308555,Más de 5M€,De 5 a 10M€,,Otros,36.78952133333333,0.10868004715163389,1.3814168753506495
170,MUEBLES ORTS SL,B03821881,CASTALLA,3109,Mueble,Industria,Fabricación de otros muebles,1993-02-04,1993,32,Entre 25 y 50 años,ORTS IDEES,Sí,PRB Audit Partners S.L.P.,Sí,0.0,No Grupo Corporativo,0,No participadas,,No consejo,Exportador,0.0,0.0,12.0,437.29221252,5326.00715,2505.43178,1733.64143,30.9578826785714,0.299909394963015,0.0746188727891588,397.42065,2853.69735,5780.55059,6636.89772,6285.426909,56,2136.448819,De 5 a 10M€,De 5 - 20M€,-0.129028224650718,Decrece,0.470414648241694,1.08534412876258,0.535804265677713,0.369592616782202,38.1508717678571,103.224117678571,2024-12-31,2024,2674.09314,122.85365,24.75309,1091.37089,901.95941322314,1321.6593,451.69513,373.301760330579,1548.86947,274.567,299.32009,1961.33506,0.462601805548769,0.5373981944512309,2.02328477543343,0.935975190254838,0.320093548890221,Más de 5M€,De 5 a 10M€,,Otros,50.95888125,0.06875134882263871,2.4161670505502197
171,M CASTELLO JOVER SL,B03048881,MURO DE ALCOY,1419,Textil,Industria,Confección de otras prendas de vestir y accesorios,1976-03-23,1976,49,Entre 25 y 50 años,Sin marca,No,EDUARDO VALDERRAMA Y ASOCIADOS S.L.,Sí,4.0,Grupo Corporativo,0,No participadas,,No consejo,Importador / Exportador,0.0,0.0,0.0,0.0,2618.82383,1699.33144,1172.99509,30.0767971794872,0.203191477632193,0.339155929018715,888.189629,622.69779,5772.85575,5341.981,7960.146,39,2071.02288,De 5 a 10M€,De 5 - 20M€,0.0806582333407775,Crece,0.648891086346958,2.20436964253529,0.237777655322466,0.358751884628332,53.1031507692308,148.021942307692,2024-12-31,2024,1957.20985,801.83257,628.84446,1087.27304,898.572760330579,211.24828,211.51539,174.806107438017,0.0,86.35706,715.20152,1087.00593,0.339036680415928,0.6609633195840721,9.26497413375389,3.14116607444735,0.16196748600423,Más de 5M€,De 5 a 10M€,El comtat,Textil,15.966610000000001,0.15385619656268043,5.140396828807575
172,COMERCIAL ALICANTINA SIDERURGICA SL,B03239845,IBI,2550,Metal,Industria,"Forja, estampación y embutición de metales; metalurgia de polvos",1986-07-30,1986,39,Entre 25 y 50 años,Sin marca,No,Sin auditor,No,5.0,Grupo Corporativo,2,Participadas,,No consejo,No realiza actividad exterior,,,,,43261.19847,39548.26426,1289.55704,37.9281482352941,0.22456954047853,0.066842769323769,2891.69831,32926.18614,5742.35062,5364.5965,4117.51076,34,8242.35287,De 5 a 10M€,De 5 - 20M€,0.0704161291534229,Crece,0.914174032590087,0.132736743851008,0.761102033796707,1.43536217403597,242.422143235294,168.892665294118,2024-12-31,2024,250.37327,1832.42132,5042.43626,2196.75609,1815.50090082645,,396.59904,327.767801652893,2373.24369,1059.27699,6101.71325,1800.157049,0.0436011812180149,0.9563988187819851,,,,Más de 5M€,De 5 a 10M€,,Metal,968.4172394117646,0.5035739719425214,5.538984890129844
173,PROTEC TEXTIL 1980 SL,B54398839,BOCAIRENT,1330,Textil,Industria,Acabado de textiles,2009-02-16,2009,16,Entre 10 y 25 años,Sin marca,No,Doña Susana Gandia Blasco,Sí,2.0,Grupo Corporativo,0,No participadas,,No consejo,Importador / Exportador,0.0,0.0,0.0,0.0,5128.07789,1399.03128,667.87765,29.0381586956522,0.116438558674767,0.137613514290829,705.69282,2375.02206,5735.88043,6388.8129,7220.15797,23,1369.47218,De 5 a 10M€,De 5 - 20M€,-0.102199341289209,Decrece,0.272817868606906,1.11852443606312,0.463140792894626,0.238755357039407,59.5422686956522,249.386105652174,2024-12-31,2024,3337.00163,339.00547,204.82905,1101.31253,910.175644628099,1522.66971,510.33444,421.764,1195.95783,366.68735,571.516399,2113.6478,0.581776707294437,0.418223292705563,2.19154660271005,1.27499076640696,0.350614239465257,Más de 5M€,De 5 a 10M€,,Textil,103.26182869565217,0.12303129896311314,2.158021179209461
174,CARLOS VALERO SL,B03116076,IBI,2229,Plástico,Industria,Fabricación de otros productos de plástico,1981-12-28,1981,44,Entre 25 y 50 años,Sin marca,No,Sin auditor,No,0.0,No Grupo Corporativo,0,No participadas,,No consejo,Importador / Exportador,0.0,0.0,0.0,0.0,5397.39466,4405.15836,1295.92152,39.2703490909091,0.226546188773736,0.271248115475032,1464.03313,958.69766,5720.3413,5822.853149,5543.99564,33,2759.95465,De 5 a 10M€,De 5 - 20M€,-0.0176050891851196,Se mantiene,0.816163841537576,1.05983380136964,0.17762230120115,0.482480765614457,83.6349893939394,173.343675757576,2024-12-31,2024,2150.58181,1322.25617,1011.550389,1798.63101,1486.47190909091,460.43312,406.20336,335.705256198347,0.0,141.77696,1153.327349,1852.86077,0.375953408584205,0.624046591415795,4.67078000383639,1.75599566318923,0.281661475844555,Más de 5M€,De 5 a 10M€,,Plástico,29.051444242424243,0.255934576840721,4.427907760290318
175,ALBERTO FERRE SA,A53560660,BANYERES DE MARIOLA,1320,Textil,Industria,Fabricación de tejidos textiles,2001-05-16,2001,24,Entre 10 y 25 años,Sin marca,No,Sin auditor,No,0.0,No Grupo Corporativo,0,No participadas,,No consejo,No realiza actividad exterior,,,,,4870.90691,4079.84705,717.07227,27.5797026923077,0.125807380480025,0.0646150121148589,314.733709,1313.58755,5699.76314,5446.43131,5313.05193,26,1047.05234,De 5 a 10M€,De 5 - 20M€,0.0465133617924947,Se mantiene,0.83759495416019,1.17016466241602,0.269680282187943,0.183701026565816,40.2712438461538,219.221659230769,2024-12-31,2024,4522.84031,220.70059,181.07339,1559.4242,1288.78033057851,1792.15285,278.13915,229.867066115702,0.0,94.03312,275.10651,3073.4379,0.79351373011616,0.20648626988384,2.52369116283804,2.0025835882848,0.500207823454013,Más de 5M€,De 5 a 10M€,L'Alcoià,Textil,50.522598076923074,0.05521873475605514,5.606633226570228
176,DIBER SOLUCION INTEGRAL SL.,B67770990,IBI,2229,Plástico,Industria,Fabricación de otros productos de plástico,2021-11-09,2021,4,Menor de 10 años,Sin marca,No,Sin auditor,No,2.0,Grupo Corporativo,0,No participadas,,No consejo,No realiza actividad exterior,,,,,3575.66025,2260.46346,1171.25034,39.041678,0.205715380547595,0.240120165219836,858.58813,1015.46874,5693.54774,5566.45463,6480.02048,30,2029.83847,De 5 a 10M€,De 5 - 20M€,0.0228319672839945,Se mantiene,0.632180716834045,1.59230669077131,0.283994750340164,0.356515579159788,67.6612823333333,189.784924666667,2024-12-31,2024,2231.29492,600.11461,454.75691,1569.58641,1297.17885123967,726.53392,537.16889,443.941231404959,122.60942,258.47352,713.23043,1758.95144,0.391898869016948,0.608101130983052,3.07115037381875,1.20358035808054,0.277466987540305,Más de 5M€,De 5 a 10M€,,Plástico,33.848958,0.15080019861219254,2.9219607449716594
177,HILATURAS SANCHIS SL,B03012903,COCENTAINA,1399,Textil,Industria,Fabricación de otros productos textiles n.c.o.p.,1966-04-29,1966,59,Mayor de 50 años,NATURMOP,Sí,PRB Audit Partners S.L.P.,Sí,2.0,Grupo Corporativo,0,No participadas,,No consejo,Importador / Exportador,0.0,0.0,15.0,612.9939255,4774.2509,2774.4507,983.49301,22.8719304651163,0.172765375792079,0.128557173231093,613.7642,1648.16706,5692.65112,7490.91388,9863.12963,43,1606.02495,De 5 a 10M€,De 5 - 20M€,-0.240059195554388,Decrece,0.581127962922937,1.19236530279546,0.345220034414195,0.282122497259238,37.3494174418605,132.387235348837,2024-12-31,2024,3124.18716,257.45454,213.200289,1508.48793,1246.68423966942,1218.27433,579.3483,478.800247933884,910.68483,356.30966,569.50995,2147.41396,0.548810579489719,0.451189420510281,2.56443650093161,1.40738988214086,0.348898655453794,Más de 5M€,De 5 a 10M€,El comtat,Textil,38.329466511627906,0.10781693574082929,2.6037669049861702
178,SARABIA TOLMOS SL,B53182622,IBI,2229,Plástico,Industria,Fabricación de otros productos de plástico,1997-04-09,1997,28,Entre 25 y 50 años,Sin marca,No,Sin auditor,No,0.0,No Grupo Corporativo,0,No participadas,,No consejo,No realiza actividad exterior,,,,,3664.96124,2763.5264,661.21239,34.8006521052632,0.116849648721494,0.155915065011711,571.42267,1038.60937,5658.65963,6043.22935,4285.691288,19,1234.22527,De 5 a 10M€,De 5 - 20M€,-0.0636364595363238,Decrece,0.75403973440112,1.54398894270434,0.283388909728279,0.218112654003188,64.9592247368421,297.824191052632,2022-12-31,2022,2164.98003,433.06594,334.88595,2132.91075,1762.73615702479,49.9206,280.14533,231.525066115702,10.02472,138.35673,473.24268,1902.68602,0.382595909908085,0.617404090091915,43.3684697299311,16.5925991376443,0.279418059097697,Más de 5M€,De 5 a 10M€,,Plástico,54.66365105263157,0.1009819829011345,7.613586669461883
179,DILEOFFICE SL,B53601811,CASTALLA,3101,Mueble,Industria,Fabricación de muebles de oficina y de establecimientos comerciales,2001-10-30,2001,24,Entre 10 y 25 años,DILE,Sí,KPMG Auditores,Sí,0.0,No Grupo Corporativo,0,No participadas,,No consejo,Importador / Exportador,0.0,0.0,0.0,0.0,4482.78857,2176.48613,1002.27277,29.4786108823529,0.178192498320477,0.070200000532258,314.69176,2246.91613,5624.6631,5441.747319,5662.98626,34,1320.75072,De 5 a 10M€,De 5 - 20M€,0.0336134278711075,Se mantiene,0.48552058523697,1.25472415488023,0.501231787962732,0.234814191804661,38.8456094117647,165.431267647059,2024-12-31,2024,3283.49246,188.51484,110.15421,979.28612,809.327371900827,1103.36161,869.74399,718.796685950413,636.71286,126.17692,236.33113,1212.90374,0.583766956637812,0.416233043362188,2.97589877175444,1.73723136924929,0.212260232252917,Más de 5M€,De 5 a 10M€,,Otros,66.08576852941177,0.05594855272309554,1.1259475561308574
180,INYECTADOS PLASTICMAN SL,B53696647,IBI,2222,Plástico,Industria,Fabricación de envases y embalajes de plástico,2002-09-26,2002,23,Entre 10 y 25 años,Sin marca,No,Sin auditor,No,4.0,Grupo Corporativo,2,Participadas,,No consejo,No realiza actividad exterior,,,,,6270.65898,2977.43572,1203.71405,28.6598583333333,0.21500403842782,0.146057154905273,915.87461,3938.571,5598.56484,5415.22582,6001.07351,42,2126.83325,De 5 a 10M€,De 5 - 20M€,0.0338562095273804,Se mantiene,0.47482022694846,0.892819216904696,0.628095230909846,0.379889009198293,50.6388869047619,133.299162857143,2024-12-31,2024,2861.41699,569.66366,404.55979,1893.94059,1565.24015702479,100.42219,337.37878,278.825438016529,0.0,346.21095,750.77074,1656.984,0.511098303185857,0.48890169681414297,28.4938716233932,14.5631694379119,0.247712931553413,Más de 5M€,De 5 a 10M€,,Plástico,93.7755,0.16359096235813175,5.613692094090789
181,SALUSTAR LABORATORIOS SA.,A98628977,MONTAVERNER,1399,Textil,Industria,Fabricación de otros productos textiles n.c.o.p.,2014-04-01,2014,11,Entre 10 y 25 años,Sin marca,No,Sin auditor,No,2.0,Grupo Corporativo,0,No participadas,,No consejo,No realiza actividad exterior,,,,,4475.58284,3424.37608,735.4891,25.3616931034483,0.133169850358959,0.205078179270166,917.84438,2512.38812,5522.94005,5973.60392,5082.38593,29,1739.98116,De 5 a 10M€,De 5 - 20M€,-0.0754425428996303,Decrece,0.765124052535692,1.23401582485288,0.561354400045023,0.315046179072684,59.9993503448276,190.44620862069,2024-12-31,2024,3537.28369,827.31665,660.29981,681.60536,563.310214876033,253.57675,115.34707,95.3281570247934,0.0,90.52773,750.82754,819.83504,0.640471136383238,0.35952886361676195,13.9495584275767,8.93428953815441,0.130647590109409,Más de 5M€,De 5 a 10M€,,Textil,86.63407310344827,0.16618764130890756,5.909169257615298
182,COALCAFE SL,B53613634,COCENTAINA,1083,Alimentación,Industria,"Elaboración de café, té e infusiones",2001-12-05,2001,24,Entre 10 y 25 años,LANAO TOSTADORES DE CAFE,Sí,Sin auditor,No,0.0,No Grupo Corporativo,0,No participadas,,No consejo,No realiza actividad exterior,,,,,2804.81754,556.96401,477.4538,29.8408625,0.0867545471066391,0.0784189120551492,219.95074,808.13604,5503.501729,4018.74777,3265.23503,16,739.97194,De 5 a 10M€,De 5 - 20M€,0.369456866659736,Crece,0.198574061256049,1.9621603368182,0.288124282052229,0.134454748347005,46.24824625,343.9688580625,2024-12-31,2024,4323.13972,21.75179,14.36518,1182.94325,977.639049586777,467.65129,189.64265,156.729462809917,1017.96535,198.19895,212.56413,1460.95189,0.78552527697407,0.21447472302592996,9.24436607455953,7.26168322116807,0.234134727347673,Más de 5M€,De 5 a 10M€,El comtat,Alimentación,50.5085025,0.03996559841909337,6.237748997917941
183,ROCHELTEX SL,B96120159,AIELO DE MALFERIT,1399,Textil,Industria,Fabricación de otros productos textiles n.c.o.p.,1992-11-02,1992,33,Entre 25 y 50 años,ROCHELTEX,Sí,Sin auditor,No,2.0,Grupo Corporativo,0,No participadas,,No consejo,Importador / Exportador,0.0,0.0,0.0,0.0,6269.3135,5975.32885,635.04485,28.865675,0.116344658084359,0.24056953125729,1508.20581,3050.03694,5458.3069,5081.79993,5020.70078,22,2171.85764,De 5 a 10M€,De 5 - 20M€,0.0740892941843934,Crece,0.953107361754999,0.87063869114218,0.486502539711884,0.397899509827855,98.7208018181818,248.104859090909,2024-12-31,2024,2128.20354,1134.95037,899.71962,1094.89479,904.871727272727,381.25124,44.09535,36.4424380165289,3.59161,373.25544,1272.97506,1432.05068,0.389901773386909,0.610098226613091,5.58215506394156,2.17649215875153,0.228950213344764,Más de 5M€,De 5 a 10M€,La Vall d'Albaida,Textil,138.63804272727273,0.27631385292754423,24.830164405090343
184,RAFAEL CATALA JOVER SL,B03314119,COCENTAINA,1399,Textil,Industria,Fabricación de otros productos textiles n.c.o.p.,1988-01-20,1988,37,Entre 25 y 50 años,Sin marca,No,AS AUDITORES IBERIA S.L.P.,Sí,2.0,Grupo Corporativo,0,No participadas,,No consejo,Importador / Exportador,0.0,0.0,0.0,0.0,2410.20061,1323.16516,216.82153,36.1369216666667,0.0398041276967327,0.0561758259616406,135.39501,515.81803,5447.2122,5489.612,7103.18141,6,342.37496,De 5 a 10M€,De 5 - 20M€,-0.0077236423994993,Se mantiene,0.548985488805432,2.26006589551066,0.214014562879063,0.0628532444541081,57.0624933333333,907.8687,2024-12-31,2024,4767.32271,105.85153,63.229009,953.34111,787.885214876033,532.460959,60.08718,49.658826446281,0.0,29.54348,92.772489,1425.714889,0.875185789531019,0.124814210468981,8.95337513374384,7.835866685393,0.23327296620274,Más de 5M€,De 5 a 10M€,El comtat,Textil,85.96967166666667,0.024855835430828272,15.865965252488133
185,SOLER GIMENO SL,B46449948,ATZENETA D'ALBAIDA,1071,Alimentación,Industria,Fabricación de pan y de productos frescos de panadería y pastelería,1988-03-03,1988,37,Entre 25 y 50 años,EL.TERCER.PLATO,Sí,Sin auditor,No,2.0,Grupo Corporativo,0,No participadas,,No consejo,No realiza actividad exterior,,,,,3621.91507,2527.61877,549.82453,26.1821204761905,0.101853379454023,0.188850377985257,684.00003,1124.01532,5398.19624,5978.3893,4600.61923,21,98.6911,De 5 a 10M€,De 5 - 20M€,-0.0970483906091562,Decrece,0.697868039738436,1.49042595855236,0.310337293469446,0.0182822364382959,4.69957619047619,257.056963809524,2024-12-31,2024,3544.72776,633.7773,-379.90825,1069.31828,883.734115702479,62.57137,741.87073,613.116305785124,53.27726,50.22273,-329.68552,390.01892,0.656650407359033,0.343349592640967,56.6509533034038,37.1998715639577,0.0617223170674054,Más de 5M€,De 5 a 10M€,,Alimentación,53.524539047619044,0.1267089967814879,1.4413808723792074
186,CERAMICAS ALONSO SL,B46131371,CASTELLO DE RUGAT,2332,Construcción,Industria,"Fabricación de ladrillos, tejas y productos de tierras cocidas para la construcción",1979-05-18,1979,46,Entre 25 y 50 años,CERAMICAS ALONSO S.L.,Sí,MSU AUDITORES SOCIEDAD LIMITADA PROFESIONAL,Sí,4.0,Grupo Corporativo,3,Participadas,,No consejo,No realiza actividad exterior,,,,,17808.11108,11947.63982,1266.18333,38.3691918181818,0.235070620919205,0.0443056928640856,789.0007,14213.58728,5386.39548,5934.49002,5957.14859,33,2537.20053,De 5 a 10M€,De 5 - 20M€,-0.0923574794384775,Decrece,0.670910000860125,0.30246865912968,0.798152438298919,0.471038663874714,76.8848645454545,163.224105454545,2024-12-31,2024,2097.83394,408.98198,803.21445,1313.00269,1085.12619008264,1649.03584,213.65549,176.574785123967,144.99503,380.01872,1183.23317,2748.38304,0.389468977498845,0.610531022501155,1.27215788105612,0.495466029152024,0.474823516850025,Más de 5M€,De 5 a 10M€,,Otros,430.71476606060605,0.14648027663947172,6.145419853241282
187,EYSA CONFECCION SL,B46658589,ALBAIDA,1320,Textil,Industria,Fabricación de tejidos textiles,1989-11-22,1989,36,Entre 25 y 50 años,EYSA,Sí,Don Jose Luis Forcada Davalos,Sí,0.0,No Grupo Corporativo,0,No participadas,,No consejo,Exportador,0.0,0.0,0.0,0.0,4087.97163,2647.66567,961.97822,33.1716627586207,0.178684257803244,0.0993850488145389,406.28326,483.96668,5383.67639,5887.66015,5528.07874,29,1387.73022,De 5 a 10M€,De 5 - 20M€,-0.0856000086893602,Decrece,0.647672222226258,1.31695541879286,0.118387974233569,0.257766277070008,47.8527662068965,185.644013448276,2024-12-31,2024,3052.44298,393.37065,317.29054,1329.9793,1099.15644628099,907.54125,876.57829,724.444867768595,140.80072,12.91261,330.203149,1360.942259,0.566981140558487,0.43301885944151297,3.36342064892367,1.90699607570471,0.238174202092484,Más de 5M€,De 5 a 10M€,La Vall d'Albaida,Textil,16.68850620689655,0.07546576550452729,1.5172396067440796
188,RIBER SOLUCIONES TECNICAS SL.,B13737648,IBI,2229,Plástico,Industria,Fabricación de otros productos de plástico,2023-05-04,2023,2,Menor de 10 años,Sin marca,No,Sin auditor,No,2.0,Grupo Corporativo,0,No participadas,,No consejo,Importador / Exportador,0.0,0.0,0.0,0.0,2424.9275,1729.27951,697.95121,26.8442773076923,0.13035783500798,0.387049307659714,938.56651,320.41344,5354.11784,2573.93738,,26,1641.14041,De 5 a 10M€,De 5 - 20M€,1.08012746603804,Crece,0.713126272847333,2.20794965622684,0.132133203982387,0.306519292074453,63.120785,205.927609230769,2024-12-31,2024,2888.01951,901.08271,725.47184,1739.89506,1437.92980165289,171.67829,414.86181,342.861,0.0,37.4838,762.95564,1496.71154,0.539401559006404,0.46059844099359604,16.8222756063099,9.07396168807897,0.23659305407684,Más de 5M€,De 5 a 10M€,,Plástico,12.323593846153845,0.17529806740301404,4.193914739946772
189,HIDRAULICAS LA FOIA SL,B53220125,CASTALLA,2361,Construcción,Industria,Fabricación de elementos de hormigón para la construcción,1997-09-26,1997,28,Entre 25 y 50 años,Sin marca,No,Sin auditor,No,2.0,Grupo Corporativo,1,Participadas,,No consejo,No realiza actividad exterior,,,,,3541.25559,1718.32428,1017.10763,35.0726768965517,0.192046391972801,0.207729196976714,735.62218,1404.05962,5296.15589,4087.054619,3901.68861,29,1752.729809,De 5 a 10M€,De 5 - 20M€,0.2958368271809,Crece,0.485230234398303,1.49555878004276,0.396486382955487,0.330943772314074,60.4389589310345,182.626065172414,2024-12-31,2024,3022.8953,677.12842,496.47601,1148.11445,948.854917355372,54.34,1187.51906,981.420710743802,164.81984,58.49376,554.96977,14.935389,0.570771586559171,0.42922841344082896,55.6292841369157,31.7516147659783,0.00411132282806921,Más de 5M€,De 5 a 10M€,,Otros,48.41584896551724,0.13889738053008857,0.9668177031196448
190,RECOVER TEXTILE SYSTEMS SL,B88537147,BANYERES DE MARIOLA,1399,Textil,Industria,Fabricación de otros productos textiles n.c.o.p.,2019-11-28,2019,6,Menor de 10 años,Sin marca,No,RSM Spain Auditores S.L.P.,Sí,2.0,Grupo Corporativo,0,No participadas,,No consejo,Exportador,0.0,0.0,69.0,7638.68397672,18302.77604,15742.9682,4160.79031,49.5332179761905,0.790423599664139,-0.56529561998618,-10346.479129,3721.20902,5264.000609,8674.15828,1563.24372,84,-5806.555879,De 5 a 10M€,De 5 - 20M€,-0.393139894491296,Decrece,0.860141006238308,0.287606677669865,0.203313913248321,-1.10306899833415,-69.1256652261905,62.6666739166667,2022-12-31,2022,11372.5273,-10668.06354,-10821.93041,1561.09135,1290.15814049587,10360.93646,1669.07702,1379.40249586777,136.38239,321.58441,-10500.346,10252.95079,2.16043426753335,-1.16043426753335,1.09763507805548,2.3713684358777,1.95130906464302,Más de 5M€,De 5 a 10M€,L'Alcoià,Textil,44.300107380952376,-1.9655163244681912,0.9353021647856615
191,PUNT NOU SOCIEDAD LIMITADA,B41520446,ONTINYENT,1414,Textil,Industria,Confección de ropa interior,1992-01-21,1992,33,Entre 25 y 50 años,DU KIDS,Sí,ANDREU GOMIS AUDITORES Y CONSULTORES S.L,Sí,0.0,No Grupo Corporativo,0,No participadas,,No consejo,Importador / Exportador,0.0,0.0,38.0,1352.82966698,5086.40615,3057.11558,1285.57913,26.2363087755102,0.245174053451783,0.068297131364549,347.386949,1542.36532,5243.53663,5847.89954,7496.25578,49,1683.458559,De 5 a 10M€,De 5 - 20M€,-0.103347006197032,Decrece,0.601036466582599,1.03089224009373,0.30323282775993,0.321054028566975,34.356297122449,107.010951632653,2024-12-31,2024,2777.38489,193.41383,177.7883,683.4316,564.819504132231,2363.19489,475.54812,393.014975206612,1096.72767,153.97312,331.76142,2571.07837,0.529677789244318,0.47032221075568204,1.17526696666139,0.622512808673081,0.483452218951243,Más de 5M€,De 5 a 10M€,La Vall d'Albaida,Textil,31.476843265306126,0.06625050486202097,1.437144993865182
192,MAQUINARIA E HIDRAULICA JOVISA SL,B03144979,MURO DE ALCOY,2829,Maquinaria,Industria,Fabricación de otra maquinaria de uso general n.c.o.p.,1984-04-24,1984,41,Entre 25 y 50 años,JOVISA,Sí,Rives & Lozano Asesores Legales S.L.P.,Sí,0.0,No Grupo Corporativo,1,Participadas,,No consejo,Importador / Exportador,2.0,65.7728736,6.0,197.3186208,8471.77157,7090.39299,1664.29395,48.9498220588235,0.321946910713075,0.0222928024486383,188.85953,2267.5519,5169.46706,25457.8272,23727.54659,34,1880.82338,De 5 a 10M€,De 5 - 20M€,-0.796939973730358,Decrece,0.83694336319316,0.610199061351698,0.267659707448887,0.363833129831376,55.3183347058824,152.043148823529,2024-12-31,2024,1616.71597,88.29632,84.445709,3175.26958,2624.18973553719,1189.44641,784.05384,647.978380165289,0.0,100.56321,185.008919,3580.66215,0.312743257909453,0.687256742090547,1.35921715884619,0.425086002463987,0.612376039663149,Más de 5M€,De 5 a 10M€,El comtat,Otros,66.69270294117646,0.03653365575367454,4.049810635453301
193,ADHESIVAS IBI SOCIEDAD LIMITADA,B54437629,IBI,1812,Artes gráficas,Industria,Otras actividades de impresión y artes gráficas,2009-07-17,2009,16,Entre 10 y 25 años,Sin marca,No,Sin auditor,No,5.0,Grupo Corporativo,0,No participadas,,No consejo,No realiza actividad exterior,,,,,4260.81479,2505.22932,1358.66537,33.96663425,0.265453196238662,0.162386509177509,691.89884,1603.30609,5118.28597,4394.12309,5629.6328,40,2051.91873,De 5 a 10M€,De 5 - 20M€,0.164802593183615,Crece,0.587969541853754,1.20124582321965,0.376290960537151,0.400899586702851,51.29796825,127.95714925,2024-12-31,2024,2551.56095,415.40427,313.47773,1248.93173,1032.17498347107,957.9111,376.7694,311.379669421488,229.53701,276.49457,589.9723,1830.07343,0.498518637871264,0.501481362128736,2.66367197331777,1.32789012387424,0.327982145563779,Más de 5M€,De 5 a 10M€,,Otros,40.08265225,0.1351817471816644,3.314843854092166
194,GRAFINOU BOCAIRENT SL,B98196009,BOCAIRENT,1812,Artes gráficas,Industria,Otras actividades de impresión y artes gráficas,2009-10-29,2009,16,Entre 10 y 25 años,Sin marca,No,Sin auditor,No,0.0,No Grupo Corporativo,0,No participadas,,No consejo,No realiza actividad exterior,,,,,1753.60292,355.77391,1494.26857,33.2059682222222,0.292261809101645,0.061945522992172,108.62785,243.32641,5112.77397,4490.38673,4119.61717,45,1602.89922,De 5 a 10M€,De 5 - 20M€,0.138604373614831,Crece,0.202881682017272,2.91558249116054,0.138757986329083,0.31350871941636,35.6199826666667,113.617199333333,2024-12-31,2024,2431.5928,92.89117,64.79728,1102.91256,911.497983471074,347.99932,570.45532,471.45067768595,0.0,15.73668,80.533959,880.45656,0.4755916874612,0.5244083125387999,6.98734928562504,3.32312523763122,0.154132889583837,Más de 5M€,De 5 a 10M€,,Otros,5.407253555555556,0.02124636266680101,1.9333899103614294
195,ANTECUIR SL,B03449261,MURO DE ALCOY,1392,Textil,Industria,"Fabricación de artículos confeccionados con textiles, excepto prendas de vestir",1989-06-20,1989,36,Entre 25 y 50 años,COURTISANE,Sí,ADN AUDIFIEL S.L.,Sí,13.0,Grupo Corporativo,1,Participadas,,No consejo,No realiza actividad exterior,,,,,7460.68353,5931.82111,1893.95187,31.0483913114754,0.37528220442929,0.0610108238969895,455.182449,5186.62037,5046.74042,4709.4396,4536.309739,61,2386.71433,De 5 a 10M€,De 5 - 20M€,0.0716222838912723,Crece,0.795077433072677,0.676444778780209,0.695193724428089,0.472921951868489,39.1264644262295,82.7334495081967,2024-12-31,2024,862.80508,-278.29738,-197.82155,1593.95859,1317.32114876033,387.1035,286.96772,237.163404958678,329.30991,733.47983,535.65828,1694.09437,0.17096284100144,0.82903715899856,2.22887439664069,0.381054699085063,0.290734438804691,Más de 5M€,De 5 a 10M€,El comtat,Textil,85.02656344262294,0.0901933547436149,5.554487417609191
196,PLASTICOS MIRAS SL,B03162310,IBI,2222,Plástico,Industria,Fabricación de envases y embalajes de plástico,1984-06-27,1984,41,Entre 25 y 50 años,PLASTICOS MIRAS,Sí,Sin auditor,No,4.0,Grupo Corporativo,0,No participadas,,No consejo,No realiza actividad exterior,,,,,3650.72587,2143.94827,440.1875,25.8933823529412,0.0882155689481494,0.120173761499107,438.72146,718.01573,4989.90717,4596.89149,5992.68775,17,902.85148,De 1 a 5M€,De 1 - 5M€,0.0854959663187527,Crece,0.587266298907291,1.36682603616031,0.196677525393053,0.180935526301584,53.1089105882353,293.523951176471,2024-12-31,2024,3528.00827,414.76409,297.05098,1533.24866,1267.14765289256,1321.85447,24.94481,20.6155454545455,855.77824,23.95737,321.00835,2830.15832,0.707028838374162,0.29297116162583803,2.66898387838413,1.8870485711733,0.514716304319147,De 1 - 5M€,De 1 a 5M€,,Plástico,42.2362194117647,0.0879217678913253,61.46563794232124
197,PLASTICOS REIG SL,B53254488,BUFALI,2229,Plástico,Industria,Fabricación de otros productos de plástico,1998-02-10,1998,27,Entre 25 y 50 años,Sin marca,No,Sin auditor,No,0.0,No Grupo Corporativo,0,No participadas,,No consejo,Importador,0.0,0.0,0.0,0.0,2212.91897,844.99743,338.62261,26.0478930769231,0.0678741894747334,0.140783513641261,311.542508,622.8962,4988.97464,5210.28421,4768.0916,13,650.16512,De 1 a 5M€,De 1 - 5M€,-0.0424755274530407,Se mantiene,0.381847433844358,2.254476873141,0.281481702875004,0.130320389842671,50.0127015384615,383.76728,2024-12-31,2024,3760.93685,264.733039,156.1236,871.34151,720.116950413223,689.895,332.72332,274.977950413223,137.03597,46.80947,202.93307,1228.51319,0.753849662783614,0.24615033721638602,5.45146268635082,4.10958330778302,0.227508472562611,De 1 - 5M€,De 1 a 5M€,,Plástico,47.91509230769231,0.062446199967053743,2.6188170699907665
198,FAPERIN SL,B80810641,IBI,2229,Plástico,Industria,Fabricación de otros productos de plástico,1994-02-08,1994,31,Entre 25 y 50 años,Sin marca,No,Asesores Y Consultores Financieros Independientes,Sí,0.0,No Grupo Corporativo,0,No participadas,,No consejo,Importador / Exportador,0.0,0.0,0.0,0.0,7971.30908,1842.49756,1178.76345,31.8584716216216,0.23681449895801,0.0667993631480163,532.47837,4298.00426,4977.58142,6418.30946,7371.52595,37,1724.67998,De 1 a 5M€,De 1 - 5M€,-0.224471576040212,Decrece,0.231141151535928,0.624437136992811,0.539184244001237,0.34648955676952,46.6129724324324,134.529227567568,2024-12-31,2024,2462.23693,195.87383,40.2508,1231.41438,1017.69783471074,2278.15837,872.17599,720.806603305785,2826.22294,336.60454,376.855339,2637.39676,0.494665324831593,0.505334675168407,1.08080147650139,0.534635013452025,0.517329478742099,De 1 - 5M€,De 1 a 5M€,,Plástico,116.1622772972973,0.10697532095818535,1.4118875022000958
200,INTERIBI SL,B03978764,IBI,3240,Juguete,Industria,Fabricación de juegos y juguetes,1994-11-15,1994,31,Entre 25 y 50 años,IMTEIBI,Sí,Sin auditor,No,0.0,No Grupo Corporativo,0,No participadas,,No consejo,Importador / Exportador,17.0,656.86976617,0.0,0.0,4292.51717,1738.12715,414.65141,29.6179578571429,0.0848597036471009,0.139826480880448,600.20757,746.70828,4886.31697,4630.23652,4579.1973,14,1022.377169,De 1 a 5M€,De 1 - 5M€,0.0553061272126978,Crece,0.404920255682984,1.13833370409093,0.173955805050397,0.209232674686677,73.0269406428571,349.022640714286,2024-12-31,2024,2833.72166,518.26067,336.10441,787.57316,650.886909090909,965.24739,309.29257,255.613694214876,1524.99576,81.9469,418.051309,1443.52798,0.579929971264226,0.42007002873577404,2.93574651364766,1.70252739129874,0.278434782931414,De 1 - 5M€,De 1 a 5M€,,Juguete,53.33630571428571,0.1228343502243163,2.546369477934759
201,AUXILIARES ONIL SL,B53365458,ONIL,2229,Plástico,Industria,Fabricación de otros productos de plástico,1999-01-01,1999,26,Entre 25 y 50 años,Sin marca,No,Sin auditor,No,4.0,Grupo Corporativo,0,No participadas,,No consejo,No realiza actividad exterior,,,,,4314.11209,2186.9285,1024.78108,31.0539721212121,0.20990682867193,0.152148520090956,656.38577,2446.0649,4882.07595,4389.29805,3850.32678,33,1684.25965,De 1 a 5M€,De 1 - 5M€,0.112268042494859,Crece,0.506924357637634,1.13165255054836,0.566991503459058,0.344988416249444,51.0381712121212,147.941695454545,2024-12-31,2024,2681.87478,307.58046,212.23375,1688.56354,1395.50705785124,152.83045,532.292199,439.910908264463,0.0,348.80531,561.03906,1309.101791,0.549330818993097,0.450669181006903,17.548039543167,9.63967893397115,0.227040015546415,De 1 - 5M€,De 1 a 5M€,,Plástico,74.12317878787879,0.13444808657677682,3.1722492705552496
202,GACELA DE ORO SA,A46070900,AIELO DE MALFERIT,1310,Textil,Industria,Preparación e hilado de fibras textiles,1974-03-25,1974,51,Mayor de 50 años,GACELA DE ORO,Sí,Sin auditor,No,0.0,No Grupo Corporativo,0,No participadas,,No consejo,No realiza actividad exterior,,,,,4144.86476,3403.85871,677.02469,27.0809876,0.139033426240555,0.18530340903089,768.05757,1691.00611,4869.51022,4753.86299,4827.01458,25,1457.582259,De 1 a 5M€,De 1 - 5M€,0.024327001060668,Se mantiene,0.821223105479562,1.17482969938928,0.407976184487139,0.299328308833491,58.30329036,194.7804088,2024-12-31,2024,3055.68469,653.50741,501.459439,755.05383,624.011429752066,503.9554,525.885069,434.615759504132,0.0,114.55016,616.0096,733.124161,0.627513764618405,0.372486235381595,6.06340301145697,3.80486885011794,0.142386202908089,De 1 - 5M€,De 1 a 5M€,La Vall d'Albaida,Textil,67.6402444,0.15772788952068367,1.4357772724671145
203,PANIFICADORA BORDERIA SL,B96468301,AIELO DE MALFERIT,1071,Alimentación,Industria,Fabricación de pan y de productos frescos de panadería y pastelería,1995-09-06,1995,30,Entre 25 y 50 años,Sin marca,No,Sin auditor,No,2.0,Grupo Corporativo,0,No participadas,,No consejo,No realiza actividad exterior,,,,,3041.53305,817.74066,1149.34495,24.4541478723404,0.238024981692592,0.113406142339962,344.92853,1541.06055,4828.67362,3761.07075,2999.07509,47,1504.17498,De 1 a 5M€,De 1 - 5M€,0.283856098692108,Crece,0.268858054986448,1.58757887572519,0.506672301325149,0.311508935656745,32.0037229787234,102.737736595745,2024-12-31,2024,2464.17503,203.36094,71.738709,801.69778,662.56014876033,587.93723,511.13626,422.426661157025,596.45996,141.56759,213.3063,878.49875,0.510321306412919,0.48967869358708105,4.19122128054384,2.13886951935276,0.171490306193713,De 1 - 5M€,De 1 a 5M€,La Vall d'Albaida,Alimentación,32.78852234042553,0.07143339085320081,1.5684619596347926
204,EXCELLENT CORK SL,B54057344,IBI,2229,Plástico,Industria,Fabricación de otros productos de plástico,2005-11-11,2005,20,Entre 10 y 25 años,EXCELLENT CORK,Sí,Iberaudit Auditores APM S.L.P.,Sí,0.0,No Grupo Corporativo,0,No participadas,,No consejo,Importador / Exportador,0.0,0.0,0.0,0.0,2845.98921,1918.89636,959.21056,41.7048069565217,0.199342302750121,0.510889628425541,1453.98637,870.70805,4811.87659,4423.65409,4407.59508,23,2413.21696,De 1 a 5M€,De 1 - 5M€,0.0877605916062936,Crece,0.674245831030399,1.69075714450794,0.305942147264852,0.501512645817876,104.922476521739,209.212025652174,2024-12-31,2024,1596.14773,1249.65949,940.37421,980.44138,810.282132231405,350.21312,246.94705,204.08847107438,0.0,204.32688,1144.701089,1083.70745,0.331710030410402,0.6682899695895981,4.55764686942625,1.51181718165725,0.198759623874108,De 1 - 5M€,De 1 a 5M€,,Plástico,37.85687173913043,0.3021661804506088,3.9702494117666145
205,MLS TEXTILES 1992 SL.,B46481644,ONTINYENT,1431,Textil,Industria,Confección de calcetería,1991-09-13,1991,34,Entre 25 y 50 años,LURBEL,Sí,Sin auditor,No,0.0,No Grupo Corporativo,0,No participadas,,No consejo,Importador / Exportador,17.0,426.59262817,0.0,0.0,7635.36235,6762.88493,1311.82793,30.5076262790698,0.274478583343876,0.118519459656031,904.93902,3849.2601,4779.34531,5646.95036,5154.67417,43,2269.976909,De 1 a 5M€,De 1 - 5M€,-0.153641345272955,Decrece,0.88573202161126,0.625948722656234,0.504135877716399,0.474955618764445,52.7901606744186,111.147565348837,2024-12-31,2024,1677.41238,605.02074,563.777679,980.71076,810.504760330579,1431.49736,247.21144,204.306975206612,114.47254,299.91828,863.69596,2164.99668,0.35097116261725,0.64902883738275,1.17178866470281,0.41126402999246,0.4263544508618,De 1 - 5M€,De 1 a 5M€,La Vall d'Albaida,Textil,89.51767674418605,0.18934371996653243,3.967092946831257
206,VISION PLAST LEVANTE SL.,B42555763,ONIL,2229,Plástico,Industria,Fabricación de otros productos de plástico,2018-01-30,2018,7,Menor de 10 años,Sin marca,No,Sin auditor,No,3.0,Grupo Corporativo,1,Participadas,,No consejo,Importador / Exportador,0.0,0.0,0.0,0.0,2009.39843,365.01646,1004.04193,32.3884493548387,0.210391071058999,0.120223479024018,241.57687,625.60663,4772.26493,3834.6314,2772.38261,31,1245.63375,De 1 a 5M€,De 1 - 5M€,0.244517251384318,Crece,0.181654595997669,2.37497196113565,0.311340260179262,0.261015213587482,40.1817338709677,153.94403,2024-12-31,2024,2509.78509,125.93565,37.58535,530.89579,438.756851239669,723.14949,406.86608,336.252958677686,400.21151,115.64122,153.22657,847.1792,0.525910679061986,0.47408932093801404,3.47063107242183,1.82524194407099,0.173010801930056,De 1 - 5M€,De 1 a 5M€,,Plástico,20.180859032258063,0.050621009844061614,1.3048416078332197
207,JOSE GISBERT SL,B03048469,BANYERES DE MARIOLA,1320,Textil,Industria,Fabricación de tejidos textiles,1976-05-06,1976,49,Entre 25 y 50 años,SENSAT,Sí,Sin auditor,No,0.0,No Grupo Corporativo,0,No participadas,,No consejo,Importador / Exportador,0.0,0.0,0.0,0.0,6022.16349,5070.4775,506.60476,31.6627975,0.106757912340696,0.159818572112528,962.45357,631.08264,4745.36031,4358.87343,4958.74736,16,1496.48629,De 1 a 5M€,De 1 - 5M€,0.0886666901910937,Crece,0.841969419863757,0.787982644091252,0.104793342300974,0.315357779439092,93.530393125,296.585019375,2024-12-31,2024,2735.00214,772.05068,622.35509,1520.88423,1256.92911570248,1730.0926,508.44957,420.206256198347,70.01812,190.40289,812.75798,2742.52726,0.576352892368672,0.42364710763132796,1.58084147634641,0.911122557268616,0.54091055090064,De 1 - 5M€,De 1 a 5M€,L'Alcoià,Textil,39.442665,0.2028199140056448,2.991219424180064
208,EXPOPLASTI SL,B03197928,IBI,2229,Plástico,Industria,Fabricación de otros productos de plástico,1985-12-19,1985,40,Entre 25 y 50 años,Sin marca,No,Sin auditor,No,0.0,No Grupo Corporativo,0,No participadas,,No consejo,No realiza actividad exterior,,,,,6563.51551,3475.00714,526.425839,35.0950559333333,0.111773686880923,0.149504680609797,981.27629,1487.21354,4709.74747,5066.23091,5534.837779,15,1508.711778,De 1 a 5M€,De 1 - 5M€,-0.0703646253660396,Decrece,0.529442969199291,0.717564765836898,0.226587952406621,0.320338147132122,100.5807852,313.983164666667,2024-12-31,2024,2285.89503,715.74508,462.49002,3140.2179,2595.22140495868,71.67437,735.97704,608.245487603306,1156.75701,265.53121,728.02123,2475.91523,0.485354054449972,0.5146459455500281,31.8927816177526,15.4792908658638,0.437104176066445,De 1 - 5M€,De 1 a 5M€,,Plástico,99.14756933333334,0.2083500859123557,4.266733511143231
209,IBIPAL PALETS SL.,B54697941,IBI,1624,Madera,Industria,Fabricación de envases y embalajes de madera,2013-03-27,2013,12,Entre 10 y 25 años,IBIPAL,Sí,Sin auditor,No,0.0,No Grupo Corporativo,0,No participadas,,No consejo,No realiza actividad exterior,,,,,2880.47341,475.33893,1155.91443,33.0261265714286,0.246106429477161,0.0556961742618551,160.431349,766.47451,4696.807119,5011.56725,3675.14274,35,1318.59578,De 1 a 5M€,De 1 - 5M€,-0.0628067259797821,Decrece,0.165021113664785,1.63056777496863,0.266093242638195,0.28074301255972,37.6741651428571,134.194489114286,2024-12-31,2024,2862.10634,92.54362,15.23881,1173.05662,969.468280991736,759.36454,1089.98583,900.81473553719,766.73003,67.88773,83.12654,842.43533,0.609372764834629,0.390627235165371,3.76908084225265,2.29677521372873,0.176293823543437,De 1 - 5M€,De 1 a 5M€,,Madera,21.899271714285714,0.03415753403008756,1.076212724710376
210,INYECTADOS CARRETERO SL,B53159901,CASTALLA,2229,Plástico,Industria,Fabricación de otros productos de plástico,1996-12-27,1996,29,Entre 25 y 50 años,BROCAR INYECTADOS CARRETERO,Sí,Sin auditor,No,2.0,Grupo Corporativo,0,No participadas,,No consejo,No realiza actividad exterior,,,,,4876.99893,1602.91505,781.8274,31.273096,0.166695777385889,0.102525277773641,500.01567,2680.51532,4690.145199,4371.21706,4101.35631,25,1281.843069,De 1 a 5M€,De 1 - 5M€,0.0729609476313673,Crece,0.328668321032418,0.961686739389955,0.549623930305025,0.273305625862778,51.27372276,187.60580796,2024-12-31,2024,2418.35192,276.79129,100.17637,690.57495,570.723099173554,1292.84975,757.88837,626.354024793388,619.09505,223.22438,323.40075,1225.53633,0.51562410488179,0.48437589511821,1.87055914270007,0.964505383583172,0.263791156112599,De 1 - 5M€,De 1 a 5M€,,Plástico,107.2206128,0.10660984869010237,0.9111829358194279
211,SA DE TINTES SANZ,A46101291,AGULLENT,1330,Textil,Industria,Acabado de textiles,1977-05-21,1977,48,Entre 25 y 50 años,Sin marca,No,Sin auditor,No,2.0,Grupo Corporativo,0,No participadas,,No consejo,Exportador,0.0,0.0,0.0,0.0,3300.04612,2490.94156,1497.50916,44.0443870588235,0.321163081327974,0.0853330680117889,281.60306,1322.76027,4662.76869,5079.36479,5574.71556,34,1788.2411,De 1 a 5M€,De 1 - 5M€,-0.0820173618599266,Decrece,0.754820226573076,1.41294046217754,0.400830843539847,0.383514863998111,52.5953264705882,137.140255588235,2024-12-31,2024,1962.291,186.79358,147.09375,644.902,532.976859504132,200.26281,272.35992,225.090842975207,99.85244,94.80948,241.903229,572.80489,0.420842450153795,0.5791575498462049,9.79857917703242,4.12365806888828,0.108980063201232,De 1 - 5M€,De 1 a 5M€,La Vall d'Albaida,Textil,38.90471382352941,0.060393958766159606,2.3678300390160145
212,TEXTILES JOYPER SL,B03128337,COCENTAINA,1320,Textil,Industria,Fabricación de tejidos textiles,1983-08-03,1983,42,Entre 25 y 50 años,PURE CLEAN BY JOYPER,Sí,Sin auditor,No,0.0,No Grupo Corporativo,0,No participadas,,No consejo,Importador / Exportador,0.0,0.0,0.0,0.0,3196.25843,2849.85294,573.20576,26.0548072727273,0.123293226025483,0.060126039307779,192.17836,719.75748,4649.12614,3800.96759,3760.193829,22,784.1893,De 1 a 5M€,De 1 - 5M€,0.223142799804825,Crece,0.891621563904643,1.45455264078881,0.22518751088597,0.168674558698896,35.6449681818182,211.323915454545,2024-12-31,2024,3027.8934,135.94347,98.77032,1021.48718,844.204280991736,669.44593,237.38611,196.186867768595,0.0,56.23489,155.00521,1453.547,0.651282264412813,0.348717735587187,4.52298425356025,2.94573942656222,0.283378704631822,De 1 - 5M€,De 1 a 5M€,El comtat,Textil,32.71624909090909,0.041336447799628855,4.303062129456525
213,SANJUAN HERMANOS SA,A03200326,BANYERES DE MARIOLA,1392,Textil,Industria,"Fabricación de artículos confeccionados con textiles, excepto prendas de vestir",1985-12-23,1985,40,Entre 25 y 50 años,AQUASOL,Sí,Sin auditor,No,0.0,No Grupo Corporativo,0,No participadas,,No consejo,Importador / Exportador,0.0,0.0,0.0,0.0,2957.97711,2030.78684,555.33196,30.8517755555556,0.119791140365848,0.112132169271587,331.68439,1152.12983,4635.83499,4428.23719,3974.96152,18,887.134769,De 1 a 5M€,De 1 - 5M€,0.0468804608002491,Se mantiene,0.686545826583492,1.567231529388,0.389499237876117,0.191364613044607,49.2852649444444,257.546388333333,2024-12-31,2024,2895.48385,192.88636,142.63706,275.07418,227.334033057851,300.6253,489.64735,404.667231404959,77.37923,138.79803,281.435089,86.05213,0.624587341060645,0.37541265893935505,9.6315374986736,6.01573639662243,0.0265954465417443,De 1 - 5M€,De 1 a 5M€,L'Alcoià,Textil,64.00721277777778,0.07154792841321558,0.5617801873123576
214,R & J CAMBRASS SA,A46249587,ONTINYENT,1392,Textil,Industria,"Fabricación de artículos confeccionados con textiles, excepto prendas de vestir",1984-11-29,1984,41,Entre 25 y 50 años,"R&J CAMBRASS, S.A.",Sí,J.A. Fuster Y Asociados Y Cia S.L.P.,Sí,3.0,Grupo Corporativo,2,Participadas,,No consejo,Importador / Exportador,45.0,1600.56909045,0.0,0.0,4837.30957,4074.96094,1170.83864,46.8335456,0.252616852588124,-0.0189748678830162,-91.78731,1808.91874,4634.83979,5856.86817,7110.087859,25,1078.019589,De 1 a 5M€,De 1 - 5M€,-0.208648776876943,Decrece,0.842402348047367,0.958144134240307,0.373951411176688,0.232590475149951,43.12078356,185.3935916,2024-12-31,2024,2526.62045,-272.28636,-215.13219,485.13995,400.942107438017,2327.29499,289.60565,239.343512396694,155.71345,180.49905,-34.63314,2522.82929,0.545136523478409,0.454863476521591,1.08564683929475,0.591825743698462,0.536996681182225,De 1 - 5M€,De 1 a 5M€,La Vall d'Albaida,Textil,72.3567496,-0.01980377190125055,1.6751743275726871
215,PLATAFORMAS ESTRUCKMET S.L.U.,B98824535,BENIGANIM,2511,Metal,Industria,Fabricación de estructuras metálicas y sus componentes,2016-04-29,2016,9,Menor de 10 años,Sin marca,No,Sin auditor,No,2.0,Grupo Corporativo,0,No participadas,,No consejo,No realiza actividad exterior,,,,,2448.08833,1029.30576,735.97283,31.9988186956522,0.159703779088085,0.144185752889072,352.979459,1664.31164,4608.36202,4256.41182,3953.85415,23,1081.19794,De 1 a 5M€,De 1 - 5M€,0.0826870648056792,Crece,0.420452868218199,1.88243290224744,0.679841335626971,0.23461653735268,47.0086060869565,200.363566086956,2024-12-31,2024,3222.39993,150.13584,103.430359,488.57253,403.778950413223,90.0,0.0,0.0,0.0,202.84362,306.27398,578.57253,0.699250604881949,0.300749395118051,35.8044436666667,25.0362788913783,0.107148472335779,De 1 - 5M€,De 1 a 5M€,,Metal,72.3613756521739,0.07659542750072401,
216,ESTAMPADOS PRATO SL,B03025699,MURO DE ALCOY,1330,Textil,Industria,Acabado de textiles,1969-05-05,1969,56,Mayor de 50 años,Sin marca,No,Sin auditor,No,0.0,No Grupo Corporativo,0,No participadas,,No consejo,No realiza actividad exterior,,,,,5404.36641,1966.36106,1428.16085,33.2130430232558,0.310287433198707,0.112796894909278,609.59575,3288.05087,4602.70284,4899.325239,5626.59403,43,2039.702849,De 1 a 5M€,De 1 - 5M€,-0.0605435206952178,Decrece,0.363846732590435,0.851663727219413,0.608406355260431,0.443153277520736,47.4349499767442,107.039600930233,2024-12-31,2024,1413.97097,59.00739,6.411579,1516.4186,1253.23851239669,206.37672,356.81035,294.88458677686,1064.61472,550.58836,556.99994,1365.98497,0.307204488135063,0.6927955118649369,6.85140731958527,2.10478307861802,0.253053626555616,De 1 - 5M€,De 1 a 5M€,El comtat,Textil,76.46629930232558,0.13244299516846497,4.249928848756749
217,VENTANAS INTELIGENTES SA.,A58234287,BOCAIRENT,2512,Metal,Industria,Fabricación de carpintería metálica,1986-09-10,1986,39,Entre 25 y 50 años,"HOCO INSTALAR, DISFRUTAR",Sí,Bove Montero Y Asociados S.L.,Sí,2.0,Grupo Corporativo,0,No participadas,,No consejo,Importador,0.0,0.0,0.0,0.0,3379.26006,2165.39809,1132.3286,27.6177707317073,0.246720405370017,0.209049116509843,706.43133,1226.66735,4589.52148,3828.14493,3388.03633,41,1840.17175,De 1 a 5M€,De 1 - 5M€,0.198889165358742,Crece,0.640790602543919,1.3581439127239,0.362998800986036,0.400950678195758,44.882237804878,111.939548292683,2022-12-31,2022,2305.68222,564.84123,549.06781,84.36473,69.7229173553719,841.05649,278.51523,230.177876033058,190.55834,141.5901,690.65791,646.90599,0.502379655492973,0.49762034450702697,2.74141184024393,1.3772295358661,0.148294660846061,De 1 - 5M€,De 1 a 5M€,,Metal,29.918715853658536,0.15392265469906896,0.3029088570847632
218,VIDUCA SL,B03034154,CASTALLA,2222,Plástico,Industria,Fabricación de envases y embalajes de plástico,1972-12-04,1972,53,Mayor de 50 años,VIDUCA,Sí,Sin auditor,No,0.0,No Grupo Corporativo,0,No participadas,,No consejo,Importador / Exportador,0.0,0.0,0.0,0.0,8927.05931,4425.57132,1158.1792,36.1931,0.253074909361796,0.0730246498160658,651.89538,6390.51755,4576.42839,4938.75727,5759.68313,32,1811.189069,De 1 a 5M€,De 1 - 5M€,-0.0733643830201843,Decrece,0.495747946363762,0.512646800147674,0.71585920156724,0.395764756847861,56.59965840625,143.0133871875,2024-12-31,2024,1946.42369,329.68992,114.20162,871.65466,720.375752066116,1657.7192,570.07493,471.136305785124,1500.66469,322.20546,436.40708,1959.298929,0.425315010774155,0.574684989225845,1.17415765589251,0.499386876066478,0.416691464122525,De 1 - 5M€,De 1 a 5M€,,Plástico,199.7036734375,0.14244631936653115,1.5290177029886234
219,POLIEX SL,B03080728,CASTALLA,2229,Plástico,Industria,Fabricación de otros productos de plástico,1980-07-15,1980,45,Entre 25 y 50 años,POLIEX,Sí,Sin auditor,No,4.0,Grupo Corporativo,1,Participadas,,No consejo,Importador / Exportador,0.0,0.0,0.0,0.0,5214.11148,4403.58986,994.40285,38.2462634615385,0.219402607949072,0.153279273576253,799.21522,2398.41222,4532.3201,5362.52542,4703.49698,26,1793.979999,De 1 a 5M€,De 1 - 5M€,-0.154816109011563,Decrece,0.844552303281402,0.869241119485999,0.459984837148131,0.395819350667664,68.9992307307692,174.320003846154,2023-12-31,2023,2016.38879,378.64924,282.528839,1727.50081,1427.68661983471,565.43091,304.7278,251.841157024793,0.0,420.56598,703.09482,1988.20392,0.444891081280865,0.5551089187191349,3.56610994259228,1.58653050832632,0.384190951740129,De 1 - 5M€,De 1 a 5M€,,Plástico,92.24662384615385,0.17633688759097135,5.668996428944132
220,ETIQUETA DIEZ SL.,B54486683,CASTALLA,1812,Artes gráficas,Industria,Otras actividades de impresión y artes gráficas,2010-03-30,2010,15,Entre 10 y 25 años,Sin marca,No,Sin auditor,No,0.0,No Grupo Corporativo,0,No participadas,,No consejo,No realiza actividad exterior,,,,,3494.84711,1013.95804,1059.921659,40.7662176538462,0.23431910649997,0.182558692817896,638.01472,1330.20511,4523.41115,4753.42172,4648.3908,26,1697.936379,De 1 a 5M€,De 1 - 5M€,-0.0483884207101238,Se mantiene,0.290129441456453,1.29430873729981,0.38061897076808,0.375366360185941,65.3052453461538,173.977351923077,2024-12-31,2024,2213.10516,347.78708,193.32899,1224.31373,1011.82952892562,844.44219,381.9739,315.680909090909,416.7208,290.22764,483.55663,1686.78202,0.489255804217576,0.510744195782424,2.62078942313387,1.28223643690028,0.340581644857711,De 1 - 5M€,De 1 a 5M€,,Otros,51.16173500000001,0.14104725368597104,3.205228760394364
221,SOLUTIONS COMERCIAL UNIT SOCIEDAD LIMITADA.,B40517575,IBI,2849,Maquinaria,Industria,Fabricación de otras máquinas herramienta,2018-07-25,2018,7,Menor de 10 años,IML ROBOTICS,Sí,Don Juan Antonio Fuster Matosas,Sí,3.0,Grupo Corporativo,0,No participadas,,No consejo,Importador / Exportador,10.0,388.0621871,80.0,3104.4974968,4824.84463,667.81238,333.00035,55.5000583333333,0.0739474121022234,0.057581027225741,277.81951,323.88209,4503.20492,4493.20716,4017.38732,6,622.583049,De 1 a 5M€,De 1 - 5M€,0.00222508325211512,Se mantiene,0.138411167863866,0.933336773582282,0.0671279833522847,0.13825332403483,103.7638415,750.534153333333,2023-12-31,2023,3560.93119,212.34874,69.09097,3038.97567,2511.55014049587,1149.16657,516.25164,426.654247933884,1548.00417,65.47077,134.56174,3671.8906,0.79075486309426,0.20924513690573998,3.09870760511246,2.45031810804985,0.718169064036727,De 1 - 5M€,De 1 a 5M€,,Otros,53.98034833333333,0.061693730339946413,5.886616980044857
222,MANIPULADOS DEL CARTON SAN PASCUAL SA,A53080503,CASTALLA,1712,Papel y Cartón,Industria,Fabricación de papel y cartón,1996-06-01,1996,29,Entre 25 y 50 años,CARTONAJES SAN PASCUAL,Sí,Sin auditor,No,2.0,Grupo Corporativo,0,No participadas,,No consejo,No realiza actividad exterior,,,,,5533.21019,3795.60283,587.0403,39.13602,0.130518247556238,0.170202088238401,941.763929,2137.908,4497.76419,4134.0032,5171.45998,15,1603.91112,De 1 a 5M€,De 1 - 5M€,0.0879924306783313,Crece,0.685967584759328,0.812867040209076,0.386377514424407,0.356601869783662,106.927408,299.850946,2024-12-31,2024,2534.23338,857.32675,670.89728,1177.63493,973.252008264463,9.14151,206.46565,170.632768595041,256.50462,84.43718,755.33446,980.310789,0.563442918069033,0.436557081930967,277.222622958352,156.199123634405,0.180480949062254,De 1 - 5M€,De 1 a 5M€,,Papel y cartón,142.5272,0.2093849053033614,5.70378137961449
223,BELMARTI SL,B46670691,ONTINYENT,1392,Textil,Industria,"Fabricación de artículos confeccionados con textiles, excepto prendas de vestir",1989-12-26,1989,36,Entre 25 y 50 años,BELMARTI,Sí,Sin auditor,No,2.0,Grupo Corporativo,0,No participadas,,No consejo,Importador / Exportador,0.0,0.0,0.0,0.0,5497.86072,5316.97221,401.55626,30.8889430769231,0.0903882264506461,0.135645284226116,745.75888,2116.68148,4442.57262,5050.15658,5089.081229,13,1211.33095,De 1 a 5M€,De 1 - 5M€,-0.120309925123153,Decrece,0.967098382586891,0.808054777349834,0.385000928142829,0.272664299182576,93.1793038461538,341.736355384615,2024-12-31,2024,2950.215,556.69698,473.453329,633.91304,523.895074380165,331.90451,3.47204,2.86945454545455,0.0,189.0619,662.51523,962.34551,0.664078058447135,0.33592194155286503,8.8887463445435,5.90282141451351,0.191990137875273,De 1 - 5M€,De 1 a 5M€,La Vall d'Albaida,Textil,162.82165230769232,0.1678664467166324,182.57653713666855
225,SISTEMAS DE EMBALAJE SYSTEMPACK SA,A46396891,ONTINYENT,1721,Papel y Cartón,Industria,Fabricación de papel y cartón ondulados; fabricación de envases y embalajes de papel y cartón,1987-06-05,1987,38,Entre 25 y 50 años,SYSTEMPACK,Sí,Consauval Auditores S.L.P.,Sí,5.0,Grupo Corporativo,0,No participadas,,No consejo,Importador / Exportador,100.0,1841.93217,0.0,0.0,3337.53933,1582.83944,1151.13579,39.6943375862069,0.262942827490112,0.414924237012662,1384.82596,1080.26396,4377.89386,4437.41364,4836.32552,29,2535.96169,De 1 a 5M€,De 1 - 5M€,-0.0134131692081786,Se mantiene,0.474253419509516,1.3117130397981,0.323670780532794,0.579265229148338,87.4469548275862,150.961857241379,2024-12-31,2024,1974.33661,1113.7142,637.63003,929.70536,768.351537190083,240.32894,574.41163,474.720355371901,94.99232,271.11176,908.74179,595.62267,0.450978637933447,0.5490213620665529,8.215143003585,3.70485400218525,0.121967352086097,De 1 - 5M€,De 1 a 5M€,La Vall d'Albaida,Papel y cartón,37.250481379310344,0.31632241536344596,1.618535056471611
227,CADEL RECYCLING LAB SOCIEDAD LIMITADA.,B98276249,ALFARRASI,2229,Plástico,Industria,Fabricación de otros productos de plástico,2010-07-27,2010,15,Entre 10 y 25 años,QUANTUM CONTAMINATION REPORT,Sí,G & M AUDITORIAS CORPORATIVAS S.L.,Sí,2.0,Grupo Corporativo,0,No participadas,,No consejo,No realiza actividad exterior,,,,,8408.55958,2628.03069,906.4971,34.8652730769231,0.210766090551723,0.0664245575815971,558.53485,6628.61989,4300.962729,3239.02415,4311.3211,26,1465.03195,De 1 a 5M€,De 1 - 5M€,0.32785756753311,Crece,0.312542316552153,0.511498157095772,0.788318121187648,0.340628841101497,56.3473826923077,165.421643423077,2022-12-31,2022,2141.77362,141.55149,123.68123,1194.89235,987.514338842975,431.08232,864.22223,714.233247933884,792.29795,416.98336,540.66459,761.75244,0.49797539642897,0.5020246035710301,4.96836339750607,2.47412273247627,0.163768778129556,De 1 - 5M€,De 1 a 5M€,,Plástico,254.94691884615384,0.12986275054977348,1.3826216319383504
228,CE & VI PALETS SOCIEDAD LIMITADA.,B97654396,AGULLENT,1624,Madera,Industria,Fabricación de envases y embalajes de madera,2005-10-28,2005,20,Entre 10 y 25 años,Sin marca,No,Sin auditor,No,2.0,Grupo Corporativo,0,No participadas,,No consejo,No realiza actividad exterior,,,,,2117.35768,1517.56298,425.0867,26.56791875,0.101545910353206,0.146911196411558,311.06355,255.17369,4186.15283,4075.39792,3860.61218,16,736.15025,De 1 a 5M€,De 1 - 5M€,0.0271764652615811,Se mantiene,0.716724904032275,1.97706456001331,0.120515155474346,0.175853648897955,46.009390625,261.634551875,2024-12-31,2024,3117.6579,288.05248,228.94148,893.31939,738.280487603306,270.88865,336.97425,278.491115702479,32.40317,23.01107,251.95255,827.23379,0.744754916174429,0.255245083825571,11.5090015768472,8.57138550461619,0.174546427608766,De 1 - 5M€,De 1 a 5M€,La Vall d'Albaida,Madera,15.948355625,0.07430773854474874,2.6510019385754293
229,IMASD SL,B97129936,ONTINYENT,2829,Maquinaria,Industria,Fabricación de otra maquinaria de uso general n.c.o.p.,2001-08-03,2001,24,Entre 10 y 25 años,IMASD,Sí,Sin auditor,No,0.0,No Grupo Corporativo,0,No participadas,,No consejo,Exportador,0.0,0.0,0.0,0.0,3702.97121,2010.17931,1676.7045,40.8952317073171,0.400791848978422,0.11875009932902,439.728199,1326.38405,4183.47954,4118.53091,3699.74821,41,2116.99494,De 1 a 5M€,De 1 - 5M€,0.0157698537219428,Se mantiene,0.542855776078259,1.12976291273947,0.358194534815192,0.506036881442475,51.6340229268293,102.036086341463,2024-12-31,2024,1576.65655,340.07642,240.505469,886.14143,732.348289256198,1006.12918,251.05061,207.479842975207,691.66985,99.65178,340.15725,1641.22,0.376876840181702,0.623123159818298,1.5670518074031,0.590585533575106,0.365962737869872,De 1 - 5M€,De 1 a 5M€,La Vall d'Albaida,Otros,32.35083048780488,0.10511063692210623,3.529732232078615
230,CERVIC SA,A03306958,IBI,2599,Metal,Industria,Fabricación de otros productos metálicos n.c.o.p.,1987-12-21,1987,38,Entre 25 y 50 años,CERVIC ENVIRONMENT,Sí,ADN AUDIFIEL S.L.,Sí,0.0,No Grupo Corporativo,0,No participadas,,No consejo,Importador / Exportador,0.0,0.0,0.0,0.0,6701.58896,5410.61848,1260.20412,48.4693892307692,0.301951625677127,0.10601505616662,710.46933,2911.25511,4173.52984,5232.99005,3901.09098,26,1984.16215,De 1 a 5M€,De 1 - 5M€,-0.202457906450634,Decrece,0.807363524127568,0.622767207137097,0.434412663530471,0.475415829301942,76.3139288461539,160.520378461538,2024-12-31,2024,1445.67012,567.62212,454.48964,756.18586,624.946991735537,562.10926,230.73918,190.693537190083,89.57586,142.84721,597.33685,1087.55594,0.346390268051851,0.653609731948149,2.57186675771895,0.890869615599914,0.238733818312763,De 1 - 5M€,De 1 a 5M€,,Metal,111.97135038461539,0.17023223919252006,3.2772321545044862
231,MODELOS ATIENZA-CLIMENT SL,B53729364,IBI,2229,Plástico,Industria,Fabricación de otros productos de plástico,2003-01-29,2003,22,Entre 10 y 25 años,CASARELLA,Sí,Adade Auditores S.A.,Sí,4.0,Grupo Corporativo,0,No participadas,,No consejo,No realiza actividad exterior,,,,,8167.17089,7495.7802,824.76805,35.8594804347826,0.199630080425647,0.0364408219208941,297.61842,5650.07276,4131.48183,2666.84207,2766.45223,23,1196.23657,De 1 a 5M€,De 1 - 5M€,0.549203785434508,Crece,0.917793970636508,0.505864501385497,0.691802931039196,0.289541771989349,52.0102856521739,179.629644782609,2024-12-31,2024,2481.12216,142.17959,187.27024,1093.79584,903.963504132231,440.1063,537.13303,443.911595041322,0.0,155.43883,342.70907,996.76911,0.600540499048982,0.399459500951018,5.63755201868276,3.38557830271434,0.217877809011424,De 1 - 5M€,De 1 a 5M€,,Plástico,245.65533739130436,0.07203672489587108,2.03635929817982
232,HERRAJES BERMI SL,B53040341,CASTALLA,2572,Metal,Industria,Fabricación de cerraduras y herrajes,1995-07-25,1995,30,Entre 25 y 50 años,BERMI,Sí,QLT Accountants Group S.L.,Sí,2.0,Grupo Corporativo,0,No participadas,,No consejo,Importador,0.0,0.0,0.0,0.0,2910.72584,534.944439,999.90871,35.7110253571429,0.245637376690939,0.101005067519516,293.99806,969.70027,4070.67004,3433.44673,3216.456929,28,1304.44995,De 1 a 5M€,De 1 - 5M€,0.185592892539212,Crece,0.183783862996867,1.39850685490874,0.333147236566945,0.320450917706904,46.5874982142857,145.381072857143,2024-12-31,2024,2397.74561,136.07439,86.17815,1129.13919,933.172884297521,636.36478,659.72274,545.225404958678,423.18501,157.92367,244.10182,1105.78123,0.589029714135219,0.410970285864781,3.76787918715426,2.21939280050552,0.251632347813394,De 1 - 5M€,De 1 a 5M€,,Metal,34.632152500000004,0.0722235054944419,1.711535955240833
233,M LLORENS JUAN SL,B53010856,ONIL,3240,Juguete,Industria,Fabricación de juegos y juguetes,1995-02-01,1995,30,Entre 25 y 50 años,Sin marca,No,Sin auditor,No,2.0,Grupo Corporativo,0,No participadas,,No consejo,No realiza actividad exterior,,,,,2406.94818,1964.99057,585.0222,32.5012333333333,0.143866412990704,0.127599215700606,307.1247,229.21899,4066.42654,4072.07407,3994.02329,18,891.504409,De 1 a 5M€,De 1 - 5M€,-0.00138689274873627,Se mantiene,0.816382582029664,1.68945329766094,0.0952322081150912,0.219235340963518,49.5280227222222,225.912585555556,2024-12-31,2024,2588.15644,291.67612,225.4756,892.3489,737.478429752066,103.56582,388.04929,320.701892561983,0.0001,15.44858,240.92418,607.865429,0.636469493433908,0.363530506566092,24.9904499380201,15.9056590127371,0.127960594411742,De 1 - 5M€,De 1 a 5M€,,Juguete,12.734388333333333,0.07552692689242581,2.2995761698211097
234,VANTRY WORLD SOCIEDAD LIMITADA.,B40519159,ALBAIDA,1392,Textil,Industria,"Fabricación de artículos confeccionados con textiles, excepto prendas de vestir",2018-09-01,2018,7,Menor de 10 años,PLUMATEX,Sí,Sin auditor,No,0.0,No Grupo Corporativo,0,No participadas,,No consejo,No realiza actividad exterior,,,,,3546.06218,229.58364,1743.10048,41.5023923809524,0.429130664625997,0.048540364286562,172.12715,1129.27096,4061.9341,4505.92246,5402.70415,42,1937.50385,De 1 a 5M€,De 1 - 5M€,-0.0985343986589596,Decrece,0.0647432640337965,1.14547740389595,0.318457743456715,0.476990468653837,46.131044047619,96.7127166666667,2024-12-31,2024,1551.11502,66.41517,3.68892,596.28965,492.801363636364,1711.96709,652.87453,539.565727272727,208.61381,105.71198,109.4009,1655.38221,0.38186612136322,0.61813387863678,0.906042545479072,0.345986952632152,0.409953161564989,De 1 - 5M€,De 1 a 5M€,La Vall d'Albaida,Textil,26.88740380952381,0.04237566286464372,0.9133296255254447
235,MAQUINARIA EUROPEA DEL RECICLAJE SL.,B54684261,ONIL,2896,Plástico,Industria,Fabricación de maquinaria para la industria del plástico y el caucho,2013-01-21,2013,12,Entre 10 y 25 años,Sin marca,No,Sin auditor,No,0.0,No Grupo Corporativo,0,No participadas,,No consejo,Exportador,0.0,0.0,0.0,0.0,2056.97493,430.50087,923.59626,34.2072688888889,0.228038320844432,0.181063227639824,372.44252,166.25534,4050.18006,4847.30365,4085.59311,27,1297.401269,De 1 a 5M€,De 1 - 5M€,-0.164446803327454,Decrece,0.209288340718863,1.96899826095596,0.0808251659148806,0.320331750633329,48.0518988518519,150.006668888889,2024-12-31,2024,2126.05385,334.89636,270.6568,283.19205,234.043016528926,229.79204,805.06145,665.340041322314,0.0,37.54616,308.202959,-292.07736,0.524928229980965,0.475071770019035,9.25207787876377,4.85667686454551,-0.0497521052911876,De 1 - 5M€,De 1 a 5M€,,Plástico,6.157605185185185,0.09195702770804713,0.35176451437340645
236,FILTAN 2010 SL.,B54497276,COCENTAINA,1310,Textil,Industria,Preparación e hilado de fibras textiles,2010-05-11,2010,15,Entre 10 y 25 años,Sin marca,No,Sin auditor,No,0.0,No Grupo Corporativo,0,No participadas,,No consejo,Importador,58.0,1019.4958758,0.0,0.0,2141.35706,857.73617,1776.40961,27.75640015625,0.43860129726471,0.240859335714895,515.765839,1903.03586,4050.16953,4085.73973,4803.27313,64,2292.41802,De 1 a 5M€,De 1 - 5M€,-0.00870593878969372,Se mantiene,0.400557284920993,1.8914031693528,0.888705529567311,0.566005448171944,35.8190315625,63.28389890625,2024-12-31,2024,564.07917,278.69719,170.52623,162.76799,134.519,69.29225,178.52256,147.539305785124,295.06737,237.06865,407.59488,53.537679,0.139272977543733,0.860727022456267,8.1405809451995,1.13376294717371,0.0138937256324863,De 1 - 5M€,De 1 a 5M€,El comtat,Textil,29.7349353125,0.12734425934017632,0.9117502572223924
237,BERETI SA,A46601852,AGULLENT,1330,Textil,Industria,Acabado de textiles,1989-01-25,1989,36,Entre 25 y 50 años,EE ENCARTE,Sí,Sin auditor,No,0.0,No Grupo Corporativo,0,No participadas,,No consejo,No realiza actividad exterior,,,,,4422.02939,3595.13029,1215.59287,33.7664686111111,0.301401198239443,0.178781276711506,790.57606,1852.11552,4033.13881,4004.372469,3251.206659,36,2019.057,De 1 a 5M€,De 1 - 5M€,0.00718373258798866,Se mantiene,0.813004612346098,0.912056084276726,0.418838356024585,0.500616788837972,56.0849166666667,112.031633611111,2023-12-31,2023,1522.04614,516.83394,396.3596,930.40657,768.931049586777,337.411,421.71216,348.522446280992,41.52897,273.74212,670.10172,846.105409,0.377385012443943,0.6226149875560569,4.5109558965179,1.70236714714148,0.187898219973685,De 1 - 5M€,De 1 a 5M€,La Vall d'Albaida,Textil,51.447653333333335,0.19602004722470734,2.2062597625830835
238,MANDRILADORA FERCATUB SL,B96672639,L'OLLERIA,1712,Papel y Cartón,Industria,Fabricación de papel y cartón,1997-07-22,1997,28,Entre 25 y 50 años,Sin marca,No,Sin auditor,No,0.0,No Grupo Corporativo,0,No participadas,,No consejo,Importador,39.0,981.0938592,0.0,0.0,5478.64631,3456.46797,603.55398,27.4342718181818,0.151474155812088,0.13947507591524,764.13461,1231.68953,3984.53437,4262.3819,5177.34303,22,1468.90909,De 1 a 5M€,De 1 - 5M€,-0.0651859773522406,Decrece,0.630898177108279,0.727284468560629,0.224816398122258,0.368652633808251,66.768595,181.115198636364,2024-12-31,2024,2262.20706,656.08936,564.714059,967.50696,799.59252892562,8.71767,759.43124,627.629123966942,0.0,108.04525,672.759309,216.79339,0.567746905895054,0.43225309410494595,259.496753146196,147.328478688566,0.0453455932816255,De 1 - 5M€,De 1 a 5M€,,Papel y cartón,55.98588772727273,0.1917751333137578,1.2739888867358162
239,NELEMAN WINES SL.,B40621633,AIELO DE MALFERIT,1102,Alimentación,Industria,Elaboración de vinos,2019-10-31,2019,6,Menor de 10 años,Sin marca,No,Sin auditor,No,4.0,Grupo Corporativo,0,No participadas,,No consejo,No realiza actividad exterior,,,,,3766.38363,3278.41151,625.57686,44.6840614285714,0.157144767481273,0.0744925099411607,280.56737,2009.59354,3980.89526,4342.39106,3613.71263,14,907.372649,De 1 a 5M€,De 1 - 5M€,-0.0832480988020458,Decrece,0.87044014419742,1.05695426995046,0.533560501907768,0.227931806726309,64.8123320714286,284.349661428571,2024-12-31,2024,2256.18514,215.37214,147.31976,848.54086,701.273438016529,766.73183,392.56343,324.43258677686,1.87897,65.19523,212.51499,1222.70926,0.566753203147575,0.43324679685242495,2.94260007439629,1.66772801774639,0.287265202059014,De 1 - 5M€,De 1 a 5M€,La Vall d'Albaida,Alimentación,143.54239571428573,0.07047846066665919,2.1615382258097724
240,SERPISCOLOR SL,B03937687,COCENTAINA,1330,Textil,Industria,Acabado de textiles,1994-04-20,1994,31,Entre 25 y 50 años,Sin marca,No,ADN AUDIFIEL S.L.,Sí,13.0,Grupo Corporativo,0,No participadas,,No consejo,Importador / Exportador,7.0,142.7337905,2.0,40.781083,3572.27736,2366.37904,1911.95985,36.0747141509434,0.481726022387447,0.00502864620791931,17.963719,1780.66793,3968.97772,4768.92539,5921.03291,53,1929.92357,De 1 a 5M€,De 1 - 5M€,-0.167741703755193,Decrece,0.662428697865722,1.11104970863741,0.49846855396469,0.486252054345117,36.4136522641509,74.8863720754717,2024-12-31,2024,1089.80181,-307.94857,-242.715419,1167.11115,964.554669421488,203.09768,329.33147,272.174768595041,471.35824,325.91229,83.19687,1040.877359,0.274579976730129,0.725420023269871,5.36589984681263,1.47336865507401,0.22561920071107,De 1 - 5M€,De 1 a 5M€,El comtat,Textil,33.597508113207546,0.0045260317057159,3.5438798181054545
241,CASA PERE PLA SL,B97212013,ALBAIDA,1013,Alimentación,Industria,Elaboración de productos cárnicos y de volatería,2002-04-16,2002,23,Entre 10 y 25 años,Sin marca,No,Sin auditor,No,0.0,No Grupo Corporativo,0,No participadas,,No consejo,No realiza actividad exterior,,,,,1393.12174,834.52572,254.71632,31.83954,0.0641768940704999,0.21448927356485,298.80967,408.42357,3968.97238,3178.05678,3037.83347,8,553.54923,De 1 a 5M€,De 1 - 5M€,0.248867674415811,Crece,0.599032874183702,2.84897741959005,0.293171485501332,0.13946915649738,69.19365375,496.1215475,2024-12-31,2024,3195.02268,240.87807,179.33614,256.95426,212.358892561983,117.07,436.51955,360.759958677686,16.13339,57.9316,237.26774,-62.495289,0.804999978357118,0.195000021642882,27.291557871359,21.969703495776,-0.00789399953337607,De 1 - 5M€,De 1 a 5M€,La Vall d'Albaida,Alimentación,51.05294625,0.0752864070069442,0.5886431890622067
242,GRAFICAS AGULLO SL,B03786720,COCENTAINA,1812,Artes gráficas,Industria,Otras actividades de impresión y artes gráficas,1992-07-01,1992,33,Entre 25 y 50 años,Sin marca,No,Sin auditor,No,2.0,Grupo Corporativo,0,No participadas,,No consejo,Importador,0.0,0.0,0.0,0.0,3583.86297,2207.74098,896.2231,35.848924,0.22692705178375,0.16479054443312,590.58673,1088.71968,3949.38855,3963.910389,3144.06402,25,1512.77474,De 1 a 5M€,De 1 - 5M€,-0.0036635134437697,Se mantiene,0.616022710265622,1.10199206360839,0.303783846958858,0.38304024049495,60.5109896,157.975542,2023-12-31,2023,1876.7739,172.71891,143.11003,892.16458,737.326099173554,135.59128,492.84328,407.308495867769,290.64627,417.86782,560.97785,534.912579,0.475206193627112,0.5247938063728881,13.8414055830139,6.57752166155309,0.117893916339476,De 1 - 5M€,De 1 a 5M€,El comtat,Otros,43.5487872,0.14953877607205804,1.8102399204875015
243,LABORATORIOS CAROL SL,B54620877,ONIL,2042,Cosmética,Industria,Fabricación de perfumes y cosméticos,2012-03-05,2012,13,Entre 10 y 25 años,NATURAL CAROL,Sí,Sin auditor,No,2.0,Grupo Corporativo,0,No participadas,,No consejo,Importador / Exportador,0.0,0.0,0.0,0.0,1250.10556,843.66336,624.48836,39.0305225,0.162508333554049,0.305026793097377,381.31569,260.13499,3842.80822,2495.81416,2513.86856,16,1005.80437,De 1 a 5M€,De 1 - 5M€,0.539701265257666,Crece,0.674873696266098,3.07398698394718,0.208090419180281,0.261736811315554,62.862773125,240.17551375,2024-12-31,2024,2533.16715,331.9723,250.95576,366.66816,303.031537190083,18.73337,101.58659,83.9558595041322,0.0,49.34339,300.29915,283.814939,0.659196869834946,0.34080313016505404,135.222181059788,89.1380384868665,0.0618841831471752,De 1 - 5M€,De 1 a 5M€,,Otros,16.258436875,0.09922839448906977,3.609414982824018
244,HIJOS DE ANTONIO FERRE SA,A03012481,BANYERES DE MARIOLA,1320,Textil,Industria,Fabricación de tejidos textiles,1949-11-19,1949,76,Mayor de 50 años,EL TELAR DE LINO,Sí,GEAUDIT AUDITORES S.L.P.,Sí,6.0,Grupo Corporativo,3,Participadas,,No consejo,Exportador,0.0,0.0,57.0,1570.5717357,4864.74185,2792.82505,883.2331,35.329324,0.230282653750853,0.0366200315439143,178.147,561.72525,3835.43044,4130.9188,4454.66815,25,1080.04143,De 1 a 5M€,De 1 - 5M€,-0.0715309049405668,Decrece,0.574095221517253,0.788413971031166,0.115468665618917,0.281595885232636,43.2016572,153.4172176,2024-12-31,2024,2169.30168,103.24311,46.87438,1040.66057,860.05005785124,3090.27057,776.90027,642.066338842975,720.81837,74.90389,121.778269,3354.030869,0.565595365092842,0.43440463490715797,0.701977911273963,0.397035453014108,0.862550981111853,De 1 - 5M€,De 1 a 5M€,L'Alcoià,Textil,22.469009999999997,0.046447720219897924,1.339503421719754
245,PACKSA TECNICA SL,B53347001,BANYERES DE MARIOLA,2222,Plástico,Industria,Fabricación de envases y embalajes de plástico,1999-05-12,1999,26,Entre 25 y 50 años,Sin marca,No,Sin auditor,No,0.0,No Grupo Corporativo,0,No participadas,,No consejo,Importador,0.0,0.0,0.0,0.0,4455.20512,3109.28261,510.0352,42.5029333333333,0.133775528687811,0.119231080206695,531.198919,873.90419,3812.61958,3658.60732,4250.35674,12,1100.56189,De 1 a 5M€,De 1 - 5M€,0.0420958705128267,Se mantiene,0.69789886800992,0.855767462396883,0.196153525250034,0.288662917164161,91.7134908333333,317.718298333333,2024-12-31,2024,2280.27359,332.59023,298.0458,855.54943,707.065644628099,455.664,792.86625,655.261363636364,48.97949,198.60869,496.65449,518.34718,0.598085789088876,0.401914210911124,5.00428734769479,2.99299314717352,0.133102259573386,De 1 - 5M€,De 1 a 5M€,L'Alcoià,Plástico,72.82534916666667,0.1393264939902554,1.0790589585570067
246,MANUFACTURA COMERCIAL DE PAPELES SA,A03061975,BANYERES DE MARIOLA,1721,Papel y Cartón,Industria,Fabricación de papel y cartón ondulados; fabricación de envases y embalajes de papel y cartón,1978-01-01,1978,47,Entre 25 y 50 años,Sin marca,No,Sin auditor,No,0.0,No Grupo Corporativo,0,No participadas,,No consejo,Exportador,0.0,0.0,0.0,0.0,11042.7245,10541.26808,421.29594,32.40738,0.111792010830211,0.0910515587887754,1005.457279,2942.85742,3768.5693,3586.72982,3689.84919,13,1853.41763,De 1 a 5M€,De 1 - 5M€,0.0506978470990602,Crece,0.954589429447416,0.341271694317829,0.266497404693923,0.491809353220597,142.570586923077,289.889946153846,2024-12-31,2024,1815.28236,909.13082,1040.39004,972.27377,803.532041322314,339.37722,315.00334,260.333338842975,0.0,96.32646,1136.7165,996.647649,0.481690056754429,0.518309943245571,5.34886330909305,2.57649427092872,0.234193894876589,De 1 - 5M€,De 1 a 5M€,L'Alcoià,Papel y cartón,226.37364769230769,0.2668007933408575,3.0865506695897276
247,CONSBURCAS SL.,B54470752,CASTALLA,2511,Metal,Industria,Fabricación de estructuras metálicas y sus componentes,2010-01-14,2010,15,Entre 10 y 25 años,Sin marca,No,Sin auditor,No,0.0,No Grupo Corporativo,0,No participadas,,No consejo,No realiza actividad exterior,,,,,4098.27987,597.54032,861.71512,33.1428892307692,0.228831458550028,0.02494312571191,102.22391,852.2047,3765.71965,3326.06882,4927.07025,26,963.93903,De 1 a 5M€,De 1 - 5M€,0.132183323254268,Crece,0.145802712102236,0.918853706786989,0.207942045695381,0.255977374736327,37.0745780769231,144.835371153846,2022-12-31,2022,2221.34377,71.22077,25.70906,128.41513,106.12820661157,0.38037,1334.73715,1103.08855371901,29.44573,31.00314,56.7122,-1205.94165,0.589885593315477,0.41011440668452304,5839.95522780451,3444.90545448928,-0.26464529219732,De 1 - 5M€,De 1 a 5M€,,Metal,32.77710384615385,0.02714591618629921,0.09621005154460524
248,MIMAR TEXTIL SL,B46998050,BENISSODA,1320,Textil,Industria,Fabricación de tejidos textiles,1991-12-20,1991,34,Entre 25 y 50 años,GENUINETEXTILE,Sí,Sin auditor,No,0.0,No Grupo Corporativo,0,No participadas,,No consejo,Importador,0.0,0.0,0.0,0.0,1760.09778,963.79151,502.95832,31.434895,0.134233603563166,0.0753227016739945,132.57532,36.34274,3746.88831,3894.78333,3400.064,16,635.697,De 1 a 5M€,De 1 - 5M€,-0.0379725924317337,Se mantiene,0.547578390786903,2.12879554339305,0.020648136946119,0.169659981137788,39.7310625,234.180519375,2024-12-31,2024,2946.68479,121.57506,94.03515,744.32892,615.147867768595,789.08327,492.85366,407.317074380165,70.25886,11.00026,105.035409,1040.55853,0.786435181997725,0.213564818002275,3.73431411110769,2.93679599760565,0.266064526323826,De 1 - 5M€,De 1 a 5M€,,Textil,2.27142125,0.03538277873033264,1.5102432636900789
249,MECANIZACION DE HERRAJES IBENSE SL,B53826673,IBI,2229,Plástico,Industria,Fabricación de otros productos de plástico,2003-12-02,2003,22,Entre 10 y 25 años,"MEDHI MECANIZACIÓN DE HERRAJES IBENSE, S.L.",Sí,Sin auditor,No,2.0,Grupo Corporativo,0,No participadas,,No consejo,No realiza actividad exterior,,,,,2627.34799,885.3353,163.47619,54.4920633333333,0.0437190416580906,0.0938933369081421,246.69047,485.68681,3739.24459,3608.25536,3888.69669,3,410.00985,De 1 a 5M€,De 1 - 5M€,0.0363026495996115,Se mantiene,0.336969180850687,1.42320111543351,0.184858196115848,0.109650449477551,136.66995,1246.41486333333,2024-12-31,2024,2799.84044,204.43718,73.44023,457.89551,378.426041322314,1136.90398,169.15317,139.796008264463,1024.05538,42.25329,115.693519,1425.64632,0.748771676366857,0.25122832363314296,2.46268857287315,1.84399145107973,0.367864144735675,De 1 - 5M€,De 1 a 5M€,,Plástico,161.89560333333333,0.06597334409728998,2.706987459945322
250,ETIMAISA SL,B53339255,IBI,1812,Artes gráficas,Industria,Otras actividades de impresión y artes gráficas,1999-02-04,1999,26,Entre 25 y 50 años,Sin marca,No,Sin auditor,No,2.0,Grupo Corporativo,0,No participadas,,No consejo,No realiza actividad exterior,,,,,4478.08382,3462.95006,629.40148,29.971499047619,0.169041683757567,0.264212003963785,1183.1635,1227.29598,3723.35075,3038.77496,2990.66061,21,1817.853349,De 1 a 5M€,De 1 - 5M€,0.225280186592034,Crece,0.773310683586088,0.831460709460325,0.274067219224137,0.48823048674638,86.5644451904762,177.302416666667,2024-12-31,2024,1440.79997,733.20932,559.20771,746.09272,616.605553719008,303.18128,133.67453,110.474818181818,101.20037,449.95418,1009.161889,915.59947,0.386963266890717,0.613036733109283,4.75227220493297,1.83895477757481,0.217361207653399,De 1 - 5M€,De 1 a 5M€,,Otros,58.44266571428572,0.3177684777615969,5.581412704424702
251,TAM INDUSTRIAL ENERGY SL.,B97907406,ONTINYENT,2894,Textil,Industria,"Fabricación de maquinaria para las industrias textil, de la confección y del cuero",2007-06-05,2007,18,Entre 10 y 25 años,Sin marca,No,Don Miguel Garcia Ortuno,Sí,0.0,No Grupo Corporativo,0,No participadas,,No consejo,No realiza actividad exterior,,,,,1390.77066,761.49441,1065.16825,39.4506759259259,0.287315570584165,0.489047877958541,680.15344,245.73128,3707.31126,1877.32101,21.4861,27,1748.97422,De 1 a 5M€,De 1 - 5M€,0.974788137059202,Crece,0.547534134779634,2.665652480762,0.1766871325859,0.471763522763934,64.776822962963,137.307824444444,2023-12-31,2023,1107.71911,666.54042,495.35059,488.80915,403.974504132231,100.85461,164.38151,135.852487603306,12.63764,13.61302,508.96361,425.28225,0.298793123186533,0.7012068768134669,10.9833264934543,3.2817424259566,0.0995267461111225,De 1 - 5M€,De 1 a 5M€,La Vall d'Albaida,Textil,9.101158518518519,0.18346272872701821,2.9736261091651897
252,JUYPAL SL,B03078870,IBI,2229,Plástico,Industria,Fabricación de otros productos de plástico,1980-05-29,1980,45,Entre 25 y 50 años,GOBLET SUPREME,Sí,Ecas Auditores S.C.,Sí,3.0,Grupo Corporativo,1,Participadas,,No consejo,Exportador,0.0,0.0,0.0,0.0,6606.03264,4187.60095,1094.6459,29.5850243243243,0.297199694521064,0.0489600093771259,323.43142,5215.43697,3683.19995,4102.02052,3625.48467,37,1418.47748,De 1 a 5M€,De 1 - 5M€,-0.102101042146908,Decrece,0.633905579673309,0.557550976617639,0.78949609458787,0.385120954402706,38.3372291891892,99.5459445945946,2024-12-31,2024,1383.86729,132.47738,19.86835,783.33372,647.383239669422,396.3341,89.99736,74.3779834710744,488.22284,190.95404,210.82239,1089.670459,0.375724182446299,0.624275817553701,3.49166849382882,1.31190429021733,0.263178586380668,De 1 - 5M€,De 1 a 5M€,,Plástico,140.95775594594593,0.08781261522334675,8.703963316257282
253,JORGE ALBERO PASCUAL SL,B03085008,BANYERES DE MARIOLA,1399,Textil,Industria,Fabricación de otros productos textiles n.c.o.p.,1980-12-24,1980,45,Entre 25 y 50 años,Sin marca,No,Sin auditor,No,0.0,No Grupo Corporativo,0,No participadas,,No consejo,Importador / Exportador,20.0,469.567016,0.0,0.0,2955.60161,1728.19374,957.88862,34.2103078571429,0.260504997670575,0.125633095726998,371.32138,672.96851,3677.04508,3805.03072,4322.54093,28,1329.21,De 1 a 5M€,De 1 - 5M€,-0.0336359018935859,Se mantiene,0.584718093992377,1.24409361111425,0.227692564425149,0.361488633149964,47.4717857142857,131.323038571429,2024-12-31,2024,1828.7554,284.36627,203.46012,873.85236,722.192033057851,741.51695,426.58379,352.54858677686,584.78846,86.95511,290.41523,1188.78552,0.497343752989833,0.502656247010167,2.46623546501533,1.22656680192735,0.302188407296054,De 1 - 5M€,De 1 a 5M€,L'Alcoià,Textil,24.034589642857146,0.1009836354793888,2.0484893718066464
254,TRESGRAPHICS PACKAGING SL.,B98608110,ONTINYENT,1812,Artes gráficas,Industria,Otras actividades de impresión y artes gráficas,2015-01-15,2015,10,Mayor de 50 años,Sin marca,No,Sin auditor,No,0.0,No Grupo Corporativo,0,No participadas,,No consejo,No realiza actividad exterior,,,,,2083.81268,392.4032,490.97543,27.2764127777778,0.133882015104676,0.176640661386128,368.08605,1143.53266,3667.22468,3155.91131,2555.34637,18,857.36735,De 1 a 5M€,De 1 - 5M€,0.162017661389857,Crece,0.18831020838207,1.75986292587489,0.548769412421466,0.233791879367479,47.6315194444444,203.734704444444,2024-12-31,2024,2432.75482,173.68753,100.14023,429.09046,354.620214876033,401.28212,641.40847,530.089644628099,244.53984,194.39852,294.53875,188.96411,0.663377630846442,0.33662236915355803,6.06245506278725,4.02169707666482,0.0615759082009489,De 1 - 5M€,De 1 a 5M€,La Vall d'Albaida,Otros,63.52959222222223,0.10037182941297178,0.6689815929621261
256,ACCESORIOS Y RESORTES SL,B03006681,IBI,2572,Metal,Industria,Fabricación de cerraduras y herrajes,1963-10-24,1963,62,Mayor de 50 años,AYR,Sí,Consulting & Auditoria S.A.P.,Sí,0.0,No Grupo Corporativo,0,No participadas,,No consejo,Importador / Exportador,99.0,2093.9876001,0.0,0.0,6272.51637,5190.33371,947.06376,52.6146533333333,0.259932632083587,0.088771785859843,556.82248,2852.97797,3643.49698,3814.451239,3076.15545,18,1528.35799,De 1 a 5M€,De 1 - 5M€,-0.0448175237507604,Se mantiene,0.827472325911204,0.580866874644761,0.454837867565422,0.419475574808902,84.9087772222222,202.416498888889,2024-12-31,2024,2190.60984,418.39934,313.57726,1473.72632,1217.95563636364,1870.02711,59.19291,48.9197603305785,549.92919,138.42314,452.0004,3284.56052,0.601238275213282,0.398761724786718,1.17143212966576,0.704309833169661,0.834106080700816,De 1 - 5M€,De 1 a 5M€,,Metal,158.4987761111111,0.15282638713755708,24.8970074287614
257,INDUSTRIA AUXILIAR JUEMA SL,B53113494,ONIL,3240,Juguete,Industria,Fabricación de juegos y juguetes,1996-05-21,1996,29,Entre 25 y 50 años,Sin marca,No,Sin auditor,No,2.0,Grupo Corporativo,0,No participadas,,No consejo,Exportador,0.0,0.0,0.0,0.0,2766.12808,1152.5098,1179.04065,27.41955,0.325138848322621,0.0480618670412398,132.94528,314.44269,3626.26815,4197.3203,4285.916059,43,1303.06198,De 1 a 5M€,De 1 - 5M€,-0.136051601780307,Decrece,0.416650916612654,1.31095453468662,0.113676113652698,0.359339664387478,30.3037669767442,84.3318174418605,2024-12-31,2024,2031.57339,121.04728,60.25225,317.91743,262.74167768595,884.78361,245.5835,202.961570247934,1277.45365,11.898,72.15025,957.11754,0.560238048032934,0.439761951967066,2.29612457445951,1.28637634963565,0.260478177113851,De 1 - 5M€,De 1 a 5M€,,Juguete,7.3126206976744195,0.036661734461087774,1.2945390468007798
258,BETIS TEXTIL SL,B03042256,BANYERES DE MARIOLA,1392,Textil,Industria,"Fabricación de artículos confeccionados con textiles, excepto prendas de vestir",1974-11-07,1974,51,Mayor de 50 años,CLINOL,Sí,Doña Jose Manuel Moya Espasa,Sí,0.0,No Grupo Corporativo,0,No participadas,,No consejo,Exportador,0.0,0.0,0.0,0.0,2591.83997,2347.14176,645.82763,32.2913815,0.179422586692948,0.0454942671479829,117.91386,85.86889,3599.477869,3846.16496,5322.079,20,797.286679,De 1 a 5M€,De 1 - 5M€,-0.0641384583255109,Decrece,0.905588997456506,1.3887731922739,0.0331304752584705,0.221500647598509,39.86433395,179.97389345,2024-12-31,2024,2163.62243,79.26778,67.44811,574.73711,474.989347107438,559.87754,62.62173,51.7534958677686,0.0,38.64608,106.09419,1071.992919,0.601093410973268,0.39890658902673204,3.86445655598187,2.32289937279315,0.273126666427538,De 1 - 5M€,De 1 a 5M€,L'Alcoià,Textil,4.2934445,0.03275860118922154,9.17791811245074
259,ETEXA SL,B46329629,AGULLENT,1330,Textil,Industria,Acabado de textiles,1986-04-07,1986,39,Entre 25 y 50 años,Sin marca,No,PRB Audit Partners S.L.P.,Sí,10.0,Grupo Corporativo,0,No participadas,,No consejo,Importador / Exportador,10.0,238.6316,13.0,310.22108,5244.134,409.689,1185.878,33.8822285714286,0.330479104660625,0.00308268247912811,16.166,3795.787,3588.36,3614.50615,4844.18566,35,1202.044,De 1 a 5M€,De 1 - 5M€,-0.00723367146574094,Se mantiene,0.0781232897557538,0.684261691253503,0.72381579112967,0.334984226777692,34.3441142857143,102.524571428571,2024-12-31,2024,858.155,-271.674,-271.804,520.019,429.767768595041,413.576,1487.895,1229.6652892562,1404.094,287.84,16.036,-554.3,0.239149639389582,0.760850360610418,2.07496324738379,0.49622671235847,-0.107659632997012,De 1 - 5M€,De 1 a 5M€,La Vall d'Albaida,Textil,108.45105714285714,0.004505122117067406,0.34949979669264225
261,FAMEPLAST MOLDES E INYECCION SL.,B54516877,IBI,2229,Plástico,Industria,Fabricación de otros productos de plástico,2010-09-06,2010,15,Entre 10 y 25 años,Sin marca,No,Sin auditor,No,0.0,No Grupo Corporativo,0,No participadas,,No consejo,Importador,1.0,17.7749091,0.0,0.0,2146.28177,527.32091,1580.9857,33.6379936170213,0.443407839219727,0.0958721510270294,205.76865,598.44804,3565.53394,3416.37001,3860.27807,47,1788.04303,De 1 a 5M€,De 1 - 5M€,0.0436615265803717,Se mantiene,0.24569043886535,1.66126087908765,0.278830137014116,0.501479739104657,38.0434687234043,75.8624242553191,2024-12-31,2024,1138.05019,130.21335,23.33575,360.75616,298.14558677686,728.11651,455.23866,376.230297520661,514.3072,75.5553,98.89105,633.63401,0.319180860188362,0.680819139811638,1.5630056101873,0.498881475138819,0.182309805542392,De 1 - 5M€,De 1 a 5M€,,Plástico,12.732937021276596,0.057710472950932006,0.7924550168915812
262,GARCIA FIESTAS SL.,B54574058,IBI,1413,Textil,Industria,Confección de otras prendas de vestir exteriores,2011-06-28,2011,14,Entre 10 y 25 años,Sin marca,No,Sin auditor,No,0.0,No Grupo Corporativo,0,No participadas,,No consejo,No realiza actividad exterior,,,,,1987.11738,428.30895,614.78081,38.423800625,0.17312377879932,0.050741884206156,100.83008,98.267,3551.10554,3319.40262,2701.11689,16,715.61089,De 1 a 5M€,De 1 - 5M€,0.0698025959863826,Crece,0.215542853336626,1.78706380193806,0.04945203589332,0.201517775785397,44.725680625,221.94409625,2024-03-31,2024,1675.36693,64.39992,35.02027,53.90073,44.5460578512397,1079.56844,407.83043,337.04994214876,632.81368,36.43016,71.45043,725.63874,0.471787422572634,0.528212577427366,1.55188579799535,0.732160200763303,0.221639302700781,De 1 - 5M€,De 1 a 5M€,,Textil,6.1416875,0.02839399698607662,0.13216456162920479
263,UBAGO CAFETEROS SL,B53465845,MURO DE ALCOY,1083,Alimentación,Industria,"Elaboración de café, té e infusiones",2000-07-05,2000,25,Mayor de 50 años,UBAGO CAFETEROS,Sí,Sin auditor,No,2.0,Grupo Corporativo,0,No participadas,,No consejo,No realiza actividad exterior,,,,,4152.02974,547.5601,359.86233,29.9885275,0.101636403855615,0.0731575275277291,303.75223,1573.46806,3540.68342,3559.05704,2096.81336,12,671.60567,De 1 a 5M€,De 1 - 5M€,-0.00516249663703061,Se mantiene,0.13187769218628,0.852759648104062,0.378963581315774,0.189682496380882,55.9671391666667,295.056951666667,2024-12-31,2024,2241.97351,205.95101,46.81005,584.88005,483.37194214876,1805.08947,1108.038,915.733884297521,1329.04565,97.80122,144.61127,1281.93152,0.633203606212272,0.366796393787728,1.24202902252817,0.786457256085143,0.387701289558172,De 1 - 5M€,De 1 a 5M€,El comtat,Alimentación,131.12233833333332,0.08578915253598132,0.527851978000754
264,CLAUDIO REIG SL,B03009453,IBI,3240,Juguete,Industria,Fabricación de juegos y juguetes,1958-04-05,1958,67,Mayor de 50 años,REIG,Sí,Sin auditor,No,0.0,No Grupo Corporativo,0,No participadas,,No consejo,Importador / Exportador,64.0,1748.2636224,0.0,0.0,4576.62572,3786.42725,731.75581,40.6531005555556,0.206777257226622,0.0150597895079784,68.92302,457.95854,3538.86022,3298.66438,3566.01025,18,807.19831,De 1 a 5M€,De 1 - 5M€,0.0728160892803529,Crece,0.827340377311868,0.773246587444341,0.100064669478805,0.228095561796448,44.8443505555556,196.603345555556,2024-12-31,2024,1626.34163,21.12347,11.38852,1549.13601,1280.27769421488,2042.04893,187.04646,154.583851239669,251.76243,47.79955,59.18807,3404.13848,0.459566506981166,0.5404334930188339,0.796426376521742,0.366010887925764,0.895130798066731,De 1 - 5M€,De 1 a 5M€,,Juguete,25.442141111111113,0.019476050399074536,8.282092106955721
265,IBICROM SL,B03161676,IBI,2561,Metal,Industria,Tratamiento y revestimiento de metales,1984-05-17,1984,41,Entre 25 y 50 años,IVITREO,Sí,Sin auditor,No,0.0,No Grupo Corporativo,0,No participadas,,No consejo,Importador,0.0,0.0,0.0,0.0,4420.87136,1739.42232,1146.66687,40.9523882142857,0.324981460543117,0.105032689754628,464.33601,3242.01758,3528.40703,3443.67124,3474.75254,28,1611.00288,De 1 a 5M€,De 1 - 5M€,0.0246062368020936,Se mantiene,0.393456895339293,0.79812479094619,0.733343568721258,0.456580793061168,57.5358171428571,126.014536785714,2024-12-31,2024,1452.43741,311.96684,187.48012,848.36696,701.129719008264,155.314,275.68317,227.837330578512,700.75012,152.36917,339.84929,727.99779,0.411641116699623,0.588358883300377,9.35161936464195,3.84951103821103,0.178155859878148,De 1 - 5M€,De 1 a 5M€,,Metal,115.78634214285715,0.13159933251805137,3.0773259027745543
266,MUÑECAS SAICA SL,B03260502,ONIL,3240,Juguete,Industria,Fabricación de juegos y juguetes,1987-01-15,1987,38,Entre 25 y 50 años,RYDER,Sí,Sin auditor,No,5.0,Grupo Corporativo,0,No participadas,,No consejo,Importador / Exportador,0.0,0.0,0.0,0.0,8621.17609,3205.82142,140.13389,70.066945,0.0402240607147445,0.0105993055989186,91.37848,68.78787,3483.8325,3498.17823,4460.48963,2,341.14658,De 1 a 5M€,De 1 - 5M€,-0.00410091454945682,Se mantiene,0.371854302305522,0.404101767975835,0.00797894269666866,0.0979227847492668,170.57329,1741.91625,2024-12-31,2024,2211.40731,78.83809,144.655479,3035.35076,2508.55434710744,21.60831,3112.42146,2572.24914049587,0.0,12.54039,157.19587,-55.46239,0.634762810783814,0.365237189216186,102.340595354287,64.9620039643763,-0.0120805128801197,De 1 - 5M€,De 1 a 5M€,,Juguete,34.393935,0.02622929776331095,0.9752377044720673
267,CREACIONES ORCA SL.,B54757455,BANYERES DE MARIOLA,1392,Textil,Industria,"Fabricación de artículos confeccionados con textiles, excepto prendas de vestir",2014-01-08,2014,11,Entre 10 y 25 años,Sin marca,No,Sin auditor,No,2.0,Grupo Corporativo,0,No participadas,,No consejo,Importador,0.0,0.0,0.0,0.0,2538.61974,1094.40247,429.05489,28.6036593333333,0.123607151546812,0.11693594173344,296.85589,633.11691,3471.11704,3331.427329,3149.8405,15,726.44347,De 1 a 5M€,De 1 - 5M€,0.0419308894370902,Se mantiene,0.431101378735832,1.36732452887962,0.249394149121365,0.209282332352585,48.4295646666667,231.407802666667,2024-12-31,2024,2599.28597,256.57014,175.5772,507.37948,419.321884297521,1300.41566,701.36009,579.636438016529,298.65243,40.28575,215.86295,1106.435049,0.748832707179473,0.25116729282052697,1.99881164919223,1.49677553840648,0.328453662939868,De 1 - 5M€,De 1 a 5M€,L'Alcoià,Textil,42.207794,0.08552171723947401,0.7234222295140864
268,PLASTICOS BG SL,B53643177,IBI,2229,Plástico,Industria,Fabricación de otros productos de plástico,2002-04-01,2002,23,Entre 10 y 25 años,Sin marca,No,Sin auditor,No,0.0,No Grupo Corporativo,0,No participadas,,No consejo,No realiza actividad exterior,,,,,3477.29279,2640.65184,870.75142,31.098265,0.251653160599155,0.265365914154154,922.75498,1558.62126,3460.12511,3110.19053,3185.01354,28,1793.5064,De 1 a 5M€,De 1 - 5M€,0.112512264642514,Crece,0.759398762046724,0.995062917897115,0.448228364457052,0.518335708387146,64.0538,123.575896785714,2024-12-31,2024,1350.09482,625.24032,457.86876,1171.69399,968.342140495868,643.3279,300.80779,248.601479338843,41.3548,297.51466,755.383419,1514.2141,0.390186706283577,0.609813293716423,2.09861070847386,0.818850000110859,0.393936206878087,De 1 - 5M€,De 1 a 5M€,,Plástico,55.665045,0.2666825477879903,3.8951583999869155
269,VIO EUROPE SL,B97440119,ONTINYENT,2920,Motor,Industria,Fabricación de carrocerías para vehículos de motor; fabricación de remolques y semirremolques,2004-03-09,2004,21,Entre 10 y 25 años,Sin marca,No,Sin auditor,No,0.0,No Grupo Corporativo,0,No participadas,,No consejo,Importador / Exportador,77.0,2093.9975364,0.0,0.0,1676.1842,628.97422,440.51635,33.8858730769231,0.127768799021317,0.171680331433741,287.767859,227.23378,3447.76153,2861.94546,1820.37751,13,728.28421,De 1 a 5M€,De 1 - 5M€,0.204691556211557,Crece,0.37524170672889,2.0569108872402,0.135566114989033,0.211233927771101,56.0218623076923,265.212425384615,2024-12-31,2024,2374.45356,265.393099,188.20225,828.03512,684.326545454545,496.91915,479.63218,396.390231404959,177.85329,22.37476,210.57701,845.32209,0.68869425548698,0.31130574451301996,4.77834987844602,3.29082211199268,0.227642038818615,De 1 - 5M€,De 1 a 5M€,La Vall d'Albaida,Otros,17.479521538461537,0.08346512845974007,1.7263960896034931
270,ACABADOS BAÑERES SA,A03040060,BANYERES DE MARIOLA,1330,Textil,Industria,Acabado de textiles,1974-03-23,1974,51,Mayor de 50 años,Sin marca,No,Sin auditor,No,0.0,No Grupo Corporativo,0,No participadas,,No consejo,No realiza actividad exterior,,,,,2075.98023,1283.92624,785.93343,35.7242468181818,0.22819072915108,0.100324197210683,208.27105,660.34329,3444.19527,3722.46923,3364.63034,22,996.18654,De 1 a 5M€,De 1 - 5M€,-0.074755207580319,Decrece,0.618467469702252,1.65906939778516,0.318087465601732,0.289236370735739,45.2812063636364,156.554330454545,2024-12-31,2024,1691.24297,143.40319,109.58903,671.55969,555.008008264463,302.95137,390.15579,322.442801652893,41.0687,64.86786,174.45689,584.35527,0.491041545969024,0.508958454030976,5.58255593958859,2.74126689903414,0.155483802348863,De 1 - 5M€,De 1 a 5M€,L'Alcoià,Textil,30.015604090909093,0.060470163179801355,1.7212603457711066
271,GRUPO ALBERT 2000 SL,B96887104,ONTINYENT,2222,Plástico,Industria,Fabricación de envases y embalajes de plástico,1999-05-10,1999,26,Entre 25 y 50 años,Sin marca,No,Sin auditor,No,0.0,No Grupo Corporativo,0,No participadas,,No consejo,Importador / Exportador,0.0,0.0,0.0,0.0,2387.25505,578.24297,541.9965,38.7140357142857,0.157767428827408,0.0676555485765964,161.51105,501.21524,3435.41442,3390.86355,4465.35376,14,706.334309,De 1 a 5M€,De 1 - 5M€,0.0131385027274247,Se mantiene,0.242220859476242,1.43906467807032,0.209954625501787,0.205603814459159,50.4524506428571,245.386744285714,2024-12-31,2024,2378.84405,93.46997,22.58589,564.40514,466.45052892562,1053.94194,246.76334,203.936644628099,1173.23184,68.04108,90.62697,1371.58374,0.692447477704888,0.307552522295112,2.25709212217136,1.56291774694513,0.383201460829148,De 1 - 5M€,De 1 a 5M€,La Vall d'Albaida,Plástico,35.80108857142857,0.04701355651875037,2.287232536243028
272,BSAFABRIC SOCIEDAD LIMITADA.,B98563059,ONTINYENT,1392,Textil,Industria,"Fabricación de artículos confeccionados con textiles, excepto prendas de vestir",2013-08-26,2013,12,Entre 10 y 25 años,DOFILL,Sí,Sin auditor,No,0.0,No Grupo Corporativo,0,No participadas,,No consejo,Importador,1.0,21.027474,0.0,0.0,1728.94935,524.39381,1066.96287,41.0370334615385,0.313620289482718,0.134378632896331,232.33385,759.18872,3402.08496,3349.65206,3361.71635,26,1299.33756,De 1 a 5M€,De 1 - 5M€,0.0156532377276224,Se mantiene,0.30330200823986,1.96771811736417,0.439104083644787,0.381923901159717,49.9745215384615,130.849421538462,2024-12-31,2024,1612.02837,119.47472,85.35119,468.91211,387.530669421488,454.63687,265.04511,219.045545454545,222.43036,112.85913,198.21032,658.50387,0.473835424145316,0.526164575854684,3.54574931417243,1.68010163019386,0.183158857375197,De 1 - 5M€,De 1 a 5M€,La Vall d'Albaida,Textil,29.199566153846153,0.06829160727367609,1.7691784994637385
273,LIBERFUSTA SL,B96317474,L'OLLERIA,1623,Madera,Industria,Fabricación de otras estructuras de madera y piezas de carpintería y ebanistería para la construcción,1994-07-05,1994,31,Entre 25 y 50 años,Sin marca,No,Betea Espana Auditores S.L.P.,Sí,2.0,Grupo Corporativo,0,No participadas,,No consejo,Importador,0.0,0.0,0.0,0.0,2351.58361,751.79756,600.18908,33.3438377777778,0.176433789689113,0.170312974327968,400.505199,671.43401,3401.78081,3038.21348,2642.52344,18,1011.17253,De 1 a 5M€,De 1 - 5M€,0.11966484000986,Crece,0.319698418037537,1.44659147798704,0.28552419192954,0.297247996410445,56.1762516666667,188.987822777778,2024-12-31,2024,1824.0899,356.5671,215.13829,1414.408,1168.93223140496,265.41299,309.49354,255.779785123967,600.36025,43.9381,259.07639,1370.32745,0.536216176726566,0.46378382327343404,6.87264741639058,3.68522472160667,0.346455430877979,De 1 - 5M€,De 1 a 5M€,,Madera,37.30188944444444,0.1177339815142293,4.570072771147344
274,HILADOS LES MOLINES SL,B03926060,BANYERES DE MARIOLA,1310,Textil,Industria,Preparación e hilado de fibras textiles,1994-03-14,1994,31,Entre 25 y 50 años,GREENFIL RECYCLED YARN,Sí,Sin auditor,No,0.0,No Grupo Corporativo,0,No participadas,,No consejo,Exportador,0.0,0.0,0.0,0.0,3308.96548,1443.94008,687.93983,32.7590395238095,0.203289939713735,0.109993296152488,363.96402,1077.19967,3384.03283,3290.79748,3389.77884,21,1052.52182,De 1 a 5M€,De 1 - 5M€,0.028332144583993,Se mantiene,0.436372059100478,1.02268604808775,0.325539712188234,0.311025889190324,50.1200866666667,161.14442047619,2024-12-31,2024,1751.71946,237.62294,109.65812,588.51607,486.376917355372,1027.41669,324.86772,268.485719008264,419.93598,126.34108,235.9992,1291.065039,0.517642572634261,0.48235742736573906,1.70497469726718,0.882567488569705,0.367995214853488,De 1 - 5M€,De 1 a 5M€,L'Alcoià,Textil,51.29522238095238,0.10755333599999382,1.8115560080884645
276,TEXTILES BELTEX SL,B96263470,AGULLENT,1320,Textil,Industria,Fabricación de tejidos textiles,1994-02-03,1994,31,Entre 25 y 50 años,Sin marca,No,Sin auditor,No,2.0,Grupo Corporativo,0,No participadas,,No consejo,No realiza actividad exterior,,,,,6962.38059,2954.82289,566.47462,31.4708122222222,0.168706897477017,0.186140884320718,1295.98368,5228.61443,3357.74428,4035.47206,3356.88586,18,1862.458299,De 1 a 5M€,De 1 - 5M€,-0.167942627262299,Decrece,0.424398357976004,0.482269568087487,0.750980840879312,0.55467544389652,103.4699055,186.541348888889,2024-12-31,2024,1251.45261,230.28723,106.50681,218.45916,180.544760330579,1059.88611,615.78381,508.912239669422,460.95546,1065.69645,1172.20326,662.56146,0.372706348560886,0.627293651439114,1.18074253279911,0.44007023799009,0.217860137538871,De 1 - 5M€,De 1 a 5M€,La Vall d'Albaida,Textil,290.47857944444445,0.38596854671732184,0.35476600139909553
277,"PERCHADOS TEXTILES, SA",A46020129,AGULLENT,1330,Textil,Industria,Acabado de textiles,1961-04-12,1961,64,Mayor de 50 años,Sin marca,No,Servicios De Control Y Auditoria Financial,Sí,0.0,No Grupo Corporativo,2,Participadas,,No consejo,No realiza actividad exterior,,,,,5139.48818,3608.82026,1040.07003,33.5506461290323,0.312064207111998,-0.00866612927982257,-44.539469,3949.45985,3332.87191,3455.81258,3859.46345,31,1002.02011,De 1 a 5M€,De 1 - 5M€,-0.0355750397783435,Se mantiene,0.702175028642638,0.64848323281872,0.768453922195809,0.300647650752351,32.3232293548387,107.511997096774,2024-12-31,2024,574.38484,-161.37283,-117.7817,785.35763,649.055892561983,242.25674,0.0,0.0,108.45835,116.83336,-0.948339,1027.61437,0.172339308413446,0.827660691586554,2.37097568472192,0.408612309770072,0.26743080941325,De 1 - 5M€,De 1 a 5M€,La Vall d'Albaida,Textil,127.4019306451613,-0.013363690595598077,
278,MUELLES BROTONS SL,B03058278,IBI,2593,Metal,Industria,"Fabricación de productos de alambre, cadenas y muelles",1978-01-27,1978,47,Entre 25 y 50 años,MUELLES BROTONS,Sí,Sin auditor,No,0.0,No Grupo Corporativo,0,No participadas,,No consejo,No realiza actividad exterior,,,,,6179.57775,5120.60291,611.29359,55.5721445454545,0.183692358800043,0.184661133197976,1141.12783,949.92834,3327.81175,3665.36907,4408.20865,11,1775.06324,De 1 a 5M€,De 1 - 5M€,-0.0920936783045425,Decrece,0.828633139214083,0.538517660045624,0.153720590375289,0.533402539972401,161.369385454545,302.528340909091,2024-12-31,2024,1269.6256,960.86561,762.21826,1011.99197,836.357,43.73188,261.01307,215.713280991736,0.0,180.26222,942.48048,794.710779,0.381519657775113,0.618480342224887,29.0320379549198,11.0762931850751,0.199643383976953,De 1 - 5M€,De 1 a 5M€,,Metal,86.35712181818182,0.3429063648206663,3.8771697141449573
279,TOTCARTO SL.,B42693218,IBI,1729,Papel y cartón,Industria,Fabricación de otros artículos de papel y cartón,2020-01-21,2020,5,Menor de 10 años,Sin marca,No,Sin auditor,No,0.0,No Grupo Corporativo,0,No participadas,,No consejo,No realiza actividad exterior,,,,,2808.80875,374.08129,740.74461,25.5429175862069,0.22310114186992,0.140016656527434,393.28001,1104.90736,3320.21882,2712.57021,1985.00455,29,1134.03163,De 1 a 5M€,De 1 - 5M€,0.224012122436455,Crece,0.133181474174772,1.18207365311006,0.393372229419322,0.341553280515409,39.1045389655172,114.490304137931,2024-12-31,2024,2030.36038,346.94069,163.05491,860.97079,711.546107438017,831.11563,328.68152,271.637619834711,779.54762,46.33932,209.39423,1363.4049,0.611514026656833,0.38848597334316703,2.44293369864792,1.49388822291586,0.382813358549454,De 1 - 5M€,De 1 a 5M€,,Papel y cartón,38.10025379310345,0.11845002733886076,2.6194682013153634
280,MAXIMA AMENITIES SL,B54549381,IBI,2229,Plástico,Industria,Fabricación de otros productos de plástico,2011-02-23,2011,14,Entre 10 y 25 años,MAXIMA AMENITIES,Sí,Sin auditor,No,0.0,No Grupo Corporativo,0,No participadas,,No consejo,No realiza actividad exterior,,,,,1390.76142,857.67066,518.48099,25.9240495,0.156666471518857,0.236945708488232,329.53495,308.65659,3309.45725,3141.68895,2759.53626,20,849.41846,De 1 a 5M€,De 1 - 5M€,0.0534006716355544,Crece,0.616691437989414,2.37960098864405,0.221933529044831,0.256663977152145,42.470923,165.4728625,2024-12-31,2024,2319.70248,257.5506,196.64427,222.03246,183.497900826446,104.83961,488.99691,404.12967768595,0.0,71.98435,268.62862,-162.124839,0.70093139290438,0.29906860709562,22.1262028731316,15.5089501995491,-0.0349882648762132,De 1 - 5M€,De 1 a 5M€,,Plástico,15.4328295,0.09957371408861679,0.4540569796238587
281,LUXBER SL,B03259082,IBI,2896,Plástico,Industria,Fabricación de maquinaria para la industria del plástico y el caucho,1986-12-30,1986,39,Entre 25 y 50 años,LUXBER BLANQUINARIA,Sí,Sin auditor,No,2.0,Grupo Corporativo,0,No participadas,,No consejo,Importador / Exportador,0.0,0.0,0.0,0.0,3884.87961,782.97363,1186.32174,35.9491436363636,0.358978346437447,0.05285988514841,205.35429,368.03301,3304.71671,3002.39833,3144.90252,33,1391.98583,De 1 a 5M€,De 1 - 5M€,0.100692295548939,Crece,0.201543859424771,0.850661292435778,0.0947347271850208,0.421211847232739,42.1813887878788,100.142930606061,2024-12-31,2024,2098.983839,130.62694,22.39123,989.96971,818.156785123967,2523.16367,668.36558,552.368247933884,992.35625,74.72735,97.11858,2844.7678,0.63514788806209,0.36485211193791,0.831885725035031,0.528370461365001,0.843930797078846,De 1 - 5M€,De 1 a 5M€,,Plástico,11.152515454545455,0.062139755997421026,1.4811799703988355
283,SEMPERE TEXTIL SL,B53225108,COCENTAINA,1394,Textil,Industria,"Fabricación de cuerdas, cordeles, bramantes y redes",1997-10-16,1997,28,Entre 25 y 50 años,Sin marca,No,Sin auditor,No,2.0,Grupo Corporativo,0,No participadas,,No consejo,No realiza actividad exterior,,,,,4554.22893,3790.20626,507.09453,50.709453,0.154617412526374,0.150131473518175,683.7331,714.44159,3279.67285,3056.43608,3219.45666,10,1225.855549,De 1 a 5M€,De 1 - 5M€,0.073038258990844,Crece,0.832238852779849,0.720137898294015,0.15687432515607,0.373773728376597,122.5855549,327.967285,2024-12-31,2024,1468.3963,544.56869,445.41443,894.04878,738.883289256198,1056.16445,33.29773,27.5187851239669,0.0,139.16441,584.57884,1916.9155,0.447726455399355,0.552273544600645,1.39031028737996,0.622478696873889,0.538934532489188,De 1 - 5M€,De 1 a 5M€,El comtat,Textil,71.444159,0.2084760069895386,26.85014203670944
284,ROIG ALBERT SL,B46834735,ALBAIDA,1013,Alimentación,Industria,Elaboración de productos cárnicos y de volatería,1990-11-22,1990,35,Entre 25 y 50 años,Sin marca,No,Sin auditor,No,2.0,Grupo Corporativo,0,No participadas,,No consejo,No realiza actividad exterior,,,,,1139.60487,373.19973,379.83359,23.739599375,0.118921952926538,0.0342789163405383,39.06442,45.73049,3193.9737,3466.236559,3828.23591,16,418.89801,De 1 a 5M€,De 1 - 5M€,-0.0785471084750624,Decrece,0.327481691088245,2.80270274731276,0.0401283736177786,0.131152617192809,26.181125625,199.62335625,2024-12-31,2024,2591.64898,24.13973,14.11182,500.22438,413.408578512397,593.65,558.11976,461.256,0.0,14.92469,29.03651,535.754619,0.811418384565909,0.18858161543409102,4.36561775456919,3.54234250604478,0.170885119846916,De 1 - 5M€,De 1 a 5M€,La Vall d'Albaida,Alimentación,2.858155625,0.012230664266271197,0.8962671022434332
286,COMERCIAL INDUSTRIAL DE MANUFACTURADOS TEXTILES SL,B03088036,COCENTAINA,1392,Textil,Industria,"Fabricación de artículos confeccionados con textiles, excepto prendas de vestir",1981-03-12,1981,44,Entre 25 y 50 años,BIMBIDREAMS,Sí,Sin auditor,No,2.0,Grupo Corporativo,0,No participadas,,No consejo,Exportador,0.0,0.0,0.0,0.0,4144.08671,3798.96846,727.50752,36.375376,0.228330545004187,0.0242867239619125,100.64629,463.48979,3186.20323,3374.30542,3957.43209,20,828.50572,De 1 a 5M€,De 1 - 5M€,-0.0557454547193893,Decrece,0.916720311578616,0.768855348106362,0.111843651553324,0.260029150745667,41.425286,159.3101615,2024-12-31,2024,1572.82695,58.6503,62.62153,712.27221,588.654719008264,1664.24134,181.67832,150.147371900826,15.90152,41.99599,104.61752,2194.83523,0.493636732017248,0.506363267982752,0.945071434170719,0.466521974286888,0.659954351721449,De 1 - 5M€,De 1 a 5M€,El comtat,Textil,23.1744895,0.03158815767065806,3.9205129703973576
287,MUÑECAS PAOLA SL,B53030540,ONIL,3240,Juguete,Industria,Fabricación de juegos y juguetes,1995-05-08,1995,30,Entre 25 y 50 años,PAOLA REINA,Sí,Sin auditor,No,0.0,No Grupo Corporativo,1,Participadas,,No consejo,No realiza actividad exterior,,,,,1675.85649,697.0771,561.53469,31.1963716666667,0.176634540406681,0.07679678466979,128.70039,178.33985,3179.07635,3600.76438,3845.2513,18,694.93762,De 1 a 5M€,De 1 - 5M€,-0.117110698034621,Decrece,0.415952740678887,1.89698603011049,0.106417137185774,0.218597335669526,38.6076455555556,176.615352777778,2024-12-31,2024,2075.93579,114.64538,60.02341,992.95723,820.625809917355,471.61668,9.02861,7.4616611570248,644.28246,14.05501,74.07842,1455.545299,0.652999664509473,0.347000335490527,4.40174378480422,2.87433721473381,0.404136512405665,De 1 - 5M€,De 1 a 5M€,,Juguete,9.907769444444446,0.04048357945225191,109.97897018477913
288,NINES ARTESANALS D'ONIL S.L.,B53036844,ONIL,3240,Juguete,Industria,Fabricación de juegos y juguetes,1995-06-27,1995,30,Entre 25 y 50 años,NINES ARTESANALS D'ONIL MUÑECAS QUE BUSCAN SU ESTRELLA SINCE 1985,Sí,Sin auditor,No,0.0,No Grupo Corporativo,0,No participadas,,No consejo,Importador / Exportador,0.0,0.0,0.0,0.0,1801.86717,1347.17507,786.52956,32.772065,0.249307526427681,0.28466987941181,512.93731,133.45653,3154.85686,3461.82456,2731.56604,24,1327.78573,De 1 a 5M€,De 1 - 5M€,-0.0886722289589396,Decrece,0.747655039411146,1.75088203643779,0.0740656870950149,0.420870356064269,55.3244054166667,131.452369166667,2024-12-31,2024,1277.06081,465.87786,365.935059,788.00265,651.241859504132,41.41534,195.01632,161.170512396694,0.00314,47.05945,412.994509,634.401669,0.40479199744105,0.59520800255895,30.8354539646421,12.481945002349,0.168466181095594,De 1 - 5M€,De 1 a 5M€,,Juguete,5.56068875,0.16258655551174517,4.0407010551732325
289,ETIQUETAS GRANERO SL,B96363148,MONTAVERNER,1812,Artes gráficas,Industria,Otras actividades de impresión y artes gráficas,1995-01-01,1995,30,Entre 25 y 50 años,Sin marca,No,Sin auditor,No,2.0,Grupo Corporativo,1,Participadas,,No consejo,Exportador,0.0,0.0,0.0,0.0,1960.82253,1504.12149,1354.41521,31.4980281395349,0.431777387030998,0.104983876332755,205.85475,827.03799,3136.83683,3323.65972,3263.31451,43,1560.337119,De 1 a 5M€,De 1 - 5M€,-0.0562099931216785,Decrece,0.767087009144066,1.59975560358336,0.421781154258769,0.497423743586943,36.286909744186,72.9496937209302,2024-12-31,2024,1061.61802,65.62556,49.65303,561.37043,463.942504132231,501.14975,139.17526,115.020876033058,0.0,140.22919,189.88222,923.34492,0.338435843983635,0.661564156016365,2.11836486000442,0.71693059926087,0.270996364863254,De 1 - 5M€,De 1 a 5M€,,Otros,19.233441627906977,0.06562494677161769,4.033550431305096
290,JOVERTEX SA,A03037728,COCENTAINA,1330,Textil,Industria,Acabado de textiles,1973-10-13,1973,52,Mayor de 50 años,Sin marca,No,Sin auditor,No,0.0,No Grupo Corporativo,1,Participadas,,No consejo,No realiza actividad exterior,,,,,2272.13617,1729.46208,939.47646,31.315882,0.300126441534313,0.0989492148263279,224.82609,1274.03503,3130.26888,3750.8458,3874.204909,30,1164.31512,De 1 a 5M€,De 1 - 5M€,-0.165449862001792,Decrece,0.761161281984257,1.37767662049938,0.56072124849806,0.371953708973397,38.810504,104.342296,2024-12-31,2024,990.67449,32.16536,17.12644,541.19416,447.267900826446,297.45756,37.87433,31.3010991735537,0.0,192.66073,209.78717,800.77739,0.316482234586826,0.683517765413174,3.33047339593588,1.05403566257776,0.227911527412588,De 1 - 5M€,De 1 a 5M€,El comtat,Textil,42.467834333333336,0.07182325180960174,14.289207492251348
291,PRODUCTOS CONGELADOS LEVANTE SOCIEDAD LIMITADA.,B02721660,ONTINYENT,1022,Alimentación,Industria,Fabricación de conservas de pescado,2020-10-26,2020,5,Menor de 10 años,Sin marca,No,Sin auditor,No,0.0,No Grupo Corporativo,0,No participadas,,No consejo,No realiza actividad exterior,,,,,1197.70941,425.38338,392.92026,56.1314657142857,0.125691352765341,0.152902731222593,183.13304,301.00752,3126.07233,2827.31168,2688.33768,7,576.0533,De 1 a 5M€,De 1 - 5M€,0.105669513592502,Crece,0.355164096105749,2.6100423891635,0.251319324609798,0.184273823248357,82.2933285714286,446.581761428571,2024-12-31,2024,2399.49617,143.12164,101.13216,304.87414,251.962099173554,225.0,556.70495,460.08673553719,40.18901,40.0114,141.14356,-26.830809,0.767575384284215,0.232424615715785,10.6644274222222,8.18575197678334,0.00539826397310634,De 1 - 5M€,De 1 a 5M€,La Vall d'Albaida,Alimentación,43.00107428571429,0.058582470483016624,0.5476404332312842
292,COLOR INDUSTRIAL SA,A46601373,ONTINYENT,2030,Artes gráficas,Industria,"Fabricación de pinturas, barnices y revestimientos similares; tintas de imprenta y masillas",1989-01-25,1989,36,Entre 25 y 50 años,HYNSEL,Sí,Sin auditor,No,2.0,Grupo Corporativo,0,No participadas,,No consejo,Importador / Exportador,0.0,0.0,0.0,0.0,2501.36687,1364.92287,856.57552,38.9352509090909,0.274218180615762,0.0672253806575762,168.15534,1148.28207,3123.70069,3073.48534,2927.79346,22,1024.26839,De 1 a 5M€,De 1 - 5M€,0.0163382428887719,Se mantiene,0.545670803579485,1.24879749846531,0.459061836858821,0.327902219722594,46.5576540909091,141.986395,2024-12-31,2024,1718.03571,45.70381,21.32335,634.91097,524.719809917355,669.4953,339.74806,280.783520661157,20.34,122.45153,143.77488,964.65821,0.550000105803991,0.44999989419600905,2.56616545328996,1.41139127082003,0.292419690587,De 1 - 5M€,De 1 a 5M€,La Vall d'Albaida,Otros,52.19463954545454,0.05383209106375681,1.8687699644259912
293,SUINSO S. L.,B03788262,IBI,2849,Maquinaria,Industria,Fabricación de otras máquinas herramienta,1992-07-07,1992,33,Entre 25 y 50 años,Sin marca,No,Sin auditor,No,0.0,No Grupo Corporativo,0,No participadas,,No consejo,Exportador,0.0,0.0,0.0,0.0,3216.74224,2083.62898,715.43258,44.71453625,0.229148530971454,0.25273305703226,812.9771,1601.63148,3122.1347,2098.48803,2253.65381,16,1527.33453,De 1 a 5M€,De 1 - 5M€,0.487802005713609,Crece,0.647745086345495,0.970589020524069,0.49790482435422,0.48919559108068,95.458408125,195.13341875,2024-12-31,2024,1313.70415,603.31829,439.892059,812.32264,671.341024793388,117.11326,178.86242,147.820181818182,103.72861,209.65881,649.550869,750.57348,0.420771131367266,0.579228868632734,11.2173817892184,4.719950426428,0.205191051806703,De 1 - 5M€,De 1 a 5M€,,Otros,100.1019675,0.2603914238549669,4.541606000858081
294,FOCS D'ARTIFICI EUROPLA SL,B96643291,BELGIDA,2051,Química,Industria,Fabricación de explosivos,1997-04-18,1997,28,Entre 25 y 50 años,E EUROPLA,Sí,Sin auditor,No,2.0,Grupo Corporativo,1,Participadas,,No consejo,Importador / Exportador,0.0,0.0,0.0,0.0,3216.90845,1427.27439,738.04319,36.9021595,0.238999684234479,0.167695679993629,539.46165,1571.3928,3088.0509,2854.45088,2400.081369,20,1277.82792,De 1 a 5M€,De 1 - 5M€,0.0818371132734295,Crece,0.443678896115306,0.959943668897385,0.488479179443232,0.413797557546736,63.891396,154.402545,2024-12-31,2024,1436.1007,363.44971,251.82837,348.85709,288.311644628099,1286.17088,177.91696,147.038809917355,458.3029,176.01194,427.84031,1457.11101,0.465050851331498,0.5349491486685021,1.11657068460452,0.519262147447127,0.462247469661444,De 1 - 5M€,De 1 a 5M€,,Otros,78.56964,0.17469325068443656,1.960786031865656
295,M T REMON 2000 SL,B53547360,COCENTAINA,1394,Textil,Industria,"Fabricación de cuerdas, cordeles, bramantes y redes",2001-04-10,2001,24,Entre 10 y 25 años,Sin marca,No,Sin auditor,No,0.0,No Grupo Corporativo,0,No participadas,,No consejo,No realiza actividad exterior,,,,,1531.07324,916.57204,169.63733,28.2728883333333,0.0550088852551525,0.115792121740695,177.286219,182.80281,3083.8169,2448.05591,2153.89279,6,346.92355,De 1 a 5M€,De 1 - 5M€,0.259700355454708,Crece,0.598646763625756,2.01415374485939,0.119395209336949,0.112498102594872,57.8205916666667,513.969483333333,2024-12-31,2024,2452.11823,143.55702,105.00511,800.17051,661.29794214876,253.2,440.71661,364.228603305785,0.5801,33.7292,138.73431,612.6539,0.795156881720183,0.20484311827981705,9.68451117693523,7.70070570843607,0.178437746690789,De 1 - 5M€,De 1 a 5M€,El comtat,Textil,30.467135,0.05748921701544602,1.815612327386526
296,IGETEX ACOLCHADOS SL,B97761019,ATZENETA D'ALBAIDA,1392,Textil,Industria,"Fabricación de artículos confeccionados con textiles, excepto prendas de vestir",2006-06-29,2006,19,Entre 10 y 25 años,OPTIMA 2.0,Sí,Sin auditor,No,2.0,Grupo Corporativo,0,No participadas,,No consejo,Importador / Exportador,0.0,0.0,0.0,0.0,1991.00198,1586.3131,573.92356,23.9134816666667,0.186476230578716,0.210835701931346,419.7743,672.47618,3077.73038,1958.579839,1920.35415,24,1002.30108,De 1 a 5M€,De 1 - 5M€,0.571409201052232,Crece,0.79674109615903,1.54581984895866,0.33775766511292,0.325662405814768,41.762545,128.238765833333,2024-12-31,2024,1848.62088,312.64875,238.23418,568.2595,469.635950413223,212.46137,174.98453,144.615314049587,3.34069,107.12555,345.35973,605.73634,0.600644192880859,0.399355807119141,8.7009741111996,5.22618957229874,0.174635832253648,De 1 - 5M€,De 1 a 5M€,,Textil,28.019840833333333,0.13639086215212912,3.247484220462226
297,JOPI SL,B03173283,ONIL,3240,Juguete,Industria,Fabricación de juegos y juguetes,1985-03-25,1985,40,Entre 25 y 50 años,FRIO TERAPIA,Sí,Sin auditor,No,0.0,No Grupo Corporativo,0,No participadas,,No consejo,No realiza actividad exterior,,,,,2626.23768,406.42581,717.46979,27.5949919230769,0.233711331426551,0.0751784354872252,197.43644,1405.80634,3069.89732,2699.67726,2899.90687,26,914.90623,De 1 a 5M€,De 1 - 5M€,0.137134932936391,Crece,0.154755913029166,1.16893354450691,0.535292883315877,0.298025026452676,35.1887011538462,118.072973846154,2024-12-31,2024,1556.96815,107.47887,23.44615,945.45975,781.371694214876,206.71154,637.81358,527.118661157025,519.82861,89.95757,113.40372,514.35771,0.507172712213059,0.49282728778694096,7.53208142128882,3.82006616304464,0.150156348896337,De 1 - 5M€,De 1 a 5M€,,Juguete,54.06947461538462,0.0643136950261255,1.4823449666907367
298,URDIDOS PUIG SL,B53379970,BANYERES DE MARIOLA,1310,Textil,Industria,Preparación e hilado de fibras textiles,1999-07-01,1999,26,Entre 25 y 50 años,Sin marca,No,Sin auditor,No,0.0,No Grupo Corporativo,0,No participadas,,No consejo,Importador,0.0,0.0,0.0,0.0,2516.84922,1499.11975,352.20985,50.3156928571429,0.115321509061874,0.0279478959013683,70.34064,72.85983,3054.15575,2874.84526,3374.414239,7,433.076629,De 1 a 5M€,De 1 - 5M€,0.0623722231227151,Crece,0.59563351594022,1.21348379780971,0.0289488259451633,0.141799130250643,61.8680898571429,436.307964285714,2024-12-31,2024,2452.74876,41.89964,24.438579,851.79705,703.964504132231,305.84645,0.0,0.0,551.07475,28.441,52.87958,1157.6435,0.803085684153469,0.19691431584653096,8.01954300924533,6.44038018417795,0.330635054918935,De 1 - 5M€,De 1 a 5M€,L'Alcoià,Textil,10.408547142857143,0.023031124067592165,
299,FULGENCIO TORREGROSA SOCIEDAD ANONIMA,A03115318,IBI,1812,Artes gráficas,Industria,Otras actividades de impresión y artes gráficas,1982-12-22,1982,43,Entre 25 y 50 años,Sin marca,No,Sin auditor,No,2.0,Grupo Corporativo,0,No participadas,,No consejo,Importador,0.0,0.0,0.0,0.0,6198.06923,2799.50266,1011.87138,40.4748552,0.33630232753318,0.0653391814405403,404.97677,5453.50746,3008.81468,2620.94391,2424.46237,25,1420.68246,De 1 a 5M€,De 1 - 5M€,0.147988962495577,Crece,0.451673344732873,0.485443864588779,0.879871982326987,0.472173467327007,56.8272984,120.3525872,2024-12-31,2024,1123.77642,96.91509,0.54444,303.64319,250.944785123967,440.91858,273.38622,225.939024793388,143.80461,308.06168,308.60612,471.17555,0.373494727830828,0.626505272169172,2.54871640927447,0.951932141599935,0.154853119877286,De 1 - 5M€,De 1 a 5M€,,Otros,218.1402984,0.13459678081602552,1.11067481747983
300,LLUNAGRAPHICS SL,B97733521,ONTINYENT,1812,Artes gráficas,Industria,Otras actividades de impresión y artes gráficas,2006-04-27,2006,19,Entre 10 y 25 años,Sin marca,No,Sin auditor,No,0.0,No Grupo Corporativo,0,No participadas,,No consejo,No realiza actividad exterior,,,,,2475.67713,716.14029,798.42116,53.2280773333333,0.26566637763126,0.146718603002969,363.22789,1215.06205,3005.35268,3193.99177,2100.742279,15,1163.23373,De 1 a 5M€,De 1 - 5M€,-0.0590606061580429,Decrece,0.289270471226593,1.21395178861631,0.490799884716793,0.387053984625858,77.5489153333333,200.356845333333,2024-12-31,2024,1514.15896,143.82866,65.76184,612.07564,505.847636363636,507.39522,488.11835,403.403595041322,272.30248,219.39923,285.16107,631.352509,0.503820722964201,0.496179277035799,2.98418057623799,1.50349201537595,0.202917702597991,De 1 - 5M€,De 1 a 5M€,La Vall d'Albaida,Otros,81.00413666666667,0.12086032112543943,1.253949252266382
301,PLASGIMENG SL,B46435384,L'OLLERIA,2229,Plástico,Industria,Fabricación de otros productos de plástico,1987-11-20,1987,38,Entre 25 y 50 años,PLASGIMENG,Sí,Sin auditor,No,0.0,No Grupo Corporativo,0,No participadas,,No consejo,Exportador,0.0,0.0,0.0,0.0,3359.10426,2630.20928,480.21984,32.014656,0.160181276352267,0.227799062122591,765.2008,2048.63977,2997.97736,3383.64548,2815.02139,15,1254.71527,De 1 a 5M€,De 1 - 5M€,-0.113980061528195,Decrece,0.783009122795135,0.892493095763571,0.609876803883426,0.418520595499093,83.6476846666667,199.865157333333,2024-12-31,2024,1319.63695,484.24145,369.40763,438.06675,362.038636363636,171.15023,275.53239,227.712719008264,51.07644,280.95935,650.36698,333.684589,0.440175755696834,0.559824244303166,7.71040126560157,3.393931703812,0.101894080799654,De 1 - 5M€,De 1 a 5M€,,Plástico,136.57598466666667,0.2552390188830512,1.589892026850275
302,RAMON ESPI SL,B46016408,AGULLENT,1439,Textil,Industria,Confección de otras prendas de vestir de punto,1964-02-17,1964,61,Mayor de 50 años,LIDER PUNT,Sí,Medal Auditores VLC S.L.P.,Sí,0.0,No Grupo Corporativo,0,No participadas,,No consejo,Exportador,0.0,0.0,17.0,251.3927122,5032.88244,4039.06617,1539.99389,26.1015913559322,0.517960577964904,-0.00897953221414804,-45.19293,338.10407,2973.18745,2869.43055,2974.82397,59,1494.40679,De 1 a 5M€,De 1 - 5M€,0.0361594045201756,Se mantiene,0.802535369771125,0.590752413839414,0.0671790120335098,0.502627841376096,25.3289286440678,50.3930076271186,2024-12-31,2024,787.59947,-115.82327,-120.66677,754.70176,623.720462809917,3649.14366,134.97268,111.547669421488,0.0,70.63034,-50.03643,4268.87274,0.264900711187921,0.735099288812079,0.215831313695115,0.0571738684944591,1.39961456294605,De 1 - 5M€,De 1 a 5M€,La Vall d'Albaida,Textil,5.730577457627119,-0.01520016169851652,5.591514964361654
303,ITALUX SL,B03352226,CASTALLA,2223,Plástico,Industria,Fabricación de productos de plástico para la construcción,1988-10-06,1988,37,Entre 25 y 50 años,ITALUX,Sí,Sin auditor,No,2.0,Grupo Corporativo,0,No participadas,,No consejo,No realiza actividad exterior,,,,,1694.6597,620.86696,608.55733,20.2852443333333,0.205100665213776,0.14354026357032,243.2519,752.66465,2967.11534,3193.36436,3719.6899,30,853.66891,De 1 a 5M€,De 1 - 5M€,-0.0708497354182284,Decrece,0.366366746078874,1.75086204032585,0.444139109462507,0.287710052417443,28.4556303333333,98.9038446666667,2024-12-31,2024,1612.95207,136.301,75.39641,685.95287,566.903198347107,50.2774,551.78016,456.016661157025,0.0,106.9509,182.34731,184.45011,0.543609494466097,0.45639050553390303,32.08105570296,17.4395664726248,0.0543167078870896,De 1 - 5M€,De 1 a 5M€,,Plástico,25.088821666666668,0.08198262356730629,1.2431633460688387
304,MANIQUIES SEMPERE SOCIEDAD LIMITADA.,B54678164,CASTALLA,2229,Plástico,Industria,Fabricación de otros productos de plástico,2012-12-28,2012,13,Entre 10 y 25 años,"MANIQUIES SEMPERE, S.L",Sí,Sin auditor,No,4.0,Grupo Corporativo,0,No participadas,,No consejo,Importador / Exportador,0.0,0.0,0.0,0.0,2229.72961,1558.13185,878.97654,38.2163713043478,0.296443853754389,0.23746235266616,529.476839,299.49296,2965.069199,1873.42718,2051.11577,23,1412.485299,De 1 a 5M€,De 1 - 5M€,0.582697865523655,Crece,0.698798564190032,1.32978868186623,0.134318062000352,0.476375154912531,61.4124043043478,128.916052130435,2024-12-31,2024,1074.89277,440.32668,353.676439,718.33139,593.662305785124,468.17746,107.86481,89.1444710743802,0.0,89.15016,442.8266,1078.64404,0.362518611829538,0.637481388170462,2.29590884191648,0.832309686258725,0.328051465051404,De 1 - 5M€,De 1 a 5M€,,Plástico,13.02143304347826,0.17857149478284404,6.65955273086746
305,PINTURAS UREÑA SL,B46861779,CASTELLO DE RUGAT,2030,Artes gráficas,Industria,"Fabricación de pinturas, barnices y revestimientos similares; tintas de imprenta y masillas",1991-01-29,1991,34,Entre 25 y 50 años,UREÑACOLOR,Sí,Sin auditor,No,0.0,No Grupo Corporativo,0,No participadas,,No consejo,Importador / Exportador,0.0,0.0,0.0,0.0,3778.49503,2849.84502,393.64819,30.28063,0.132931648167195,0.0742728037940545,280.63942,160.7401,2961.2827,2982.66223,2860.55794,13,674.473619,De 1 a 5M€,De 1 - 5M€,-0.00716793533808879,Se mantiene,0.754227542281563,0.783720152200385,0.0425407731712697,0.227764008819556,51.8825860769231,227.790976923077,2024-12-31,2024,1953.34688,244.22683,188.71581,977.17966,807.586495867769,649.7334,541.61359,447.614537190083,6.40879,36.41259,225.1284,1085.29947,0.659628639980911,0.34037136001908896,3.00638212534556,1.98309575260462,0.340968918191325,De 1 - 5M€,De 1 a 5M€,,Otros,12.364623076923078,0.09476954699394284,1.8042007771629212
306,CREALBER SL,B54368485,ONIL,3109,Mueble,Industria,Fabricación de otros muebles,2008-08-28,2008,17,Entre 10 y 25 años,BAINBA,Sí,Sin auditor,No,3.0,Grupo Corporativo,2,Participadas,,No consejo,Importador,0.0,0.0,0.0,0.0,1780.33461,1349.14521,676.4123,32.2101095238095,0.23001504119352,0.219651663683604,391.053459,615.47181,2940.73073,2543.06229,2743.72557,21,1069.04794,De 1 a 5M€,De 1 - 5M€,0.156373849576449,Crece,0.757804292755956,1.65178540791273,0.34570569293151,0.363531393437032,50.9070447619048,140.034796666667,2024-12-31,2024,887.20228,320.05731,271.90383,8.58024,7.09110743801653,335.77266,197.32463,163.07820661157,0.0,70.99615,342.89998,147.028269,0.301694497544153,0.698305502455847,2.64227075545698,0.797158547943203,0.0611363560057898,De 1 - 5M€,De 1 a 5M€,,Otros,29.30818142857143,0.13297832916514596,0.0434828637458994
307,TERMOENVAS SL,B97966535,L'OLLERIA,2229,Plástico,Industria,Fabricación de otros productos de plástico,2007-11-13,2007,18,Entre 10 y 25 años,Sin marca,No,Sin auditor,No,2.0,Grupo Corporativo,0,No participadas,,No consejo,Importador,0.0,0.0,0.0,0.0,2040.89423,627.03992,544.29603,30.2386683333333,0.186690002042146,0.130737656600656,266.821729,884.50411,2915.507119,3861.75987,4031.467199,18,811.11776,De 1 a 5M€,De 1 - 5M€,-0.245031483793424,Decrece,0.307237832702384,1.4285439569301,0.433390470215598,0.278208121912667,45.0620977777778,161.972617722222,2024-12-31,2024,1667.00763,136.48459,77.23944,567.18753,468.750024793388,431.17188,136.1286,112.502975206612,355.32588,130.33714,207.57658,862.23081,0.571772786674509,0.42822721332549096,3.86622529743823,2.21060241222774,0.270079577050341,De 1 - 5M€,De 1 a 5M€,,Plástico,49.13911722222222,0.09151811952752772,4.166556697123141
308,IBERFILTROS Y TUBOS SL.,B42578674,BENIMARFULL,1729,Papel y cartón,Industria,Fabricación de otros artículos de papel y cartón,2018-05-15,2018,7,Menor de 10 años,Sin marca,No,Sin auditor,No,4.0,Grupo Corporativo,0,No participadas,,No consejo,Importador / Exportador,0.0,0.0,0.0,0.0,6941.21829,2888.51505,412.43893,31.7260715384615,0.14204713926655,-0.0293060643681327,-203.41979,5818.18857,2903.53563,2302.98002,2527.97071,13,208.72387,De 1 a 5M€,De 1 - 5M€,0.260773261072408,Crece,0.416139491558909,0.41830346038577,0.838208557477883,0.0718861059748731,16.0556823076923,223.348894615385,2024-12-31,2024,2334.0344,-203.41979,-156.55822,413.34678,341.608909090909,627.80394,334.76675,276.66673553719,695.77313,,,706.38397,0.803859396758978,0.196140603241022,3.717775966809,2.98856914596411,0.23858708892569,De 1 - 5M€,De 1 a 5M€,,Papel y cartón,447.55296692307695,-0.07005934003296527,1.2347306893531094
309,NEXT DOOR UNIVERSAL SOCIEDAD LIMITADA.,B98358476,ONTINYENT,1512,Textil,Industria,"Fabricación de artículos de marroquinería, viaje y de guarnicionería y talabartería",2011-06-10,2011,14,Entre 10 y 25 años,NEXT DOOR UNIVERSAL,Sí,Sin auditor,No,0.0,No Grupo Corporativo,0,No participadas,,No consejo,Exportador,0.0,0.0,13.0,335.0635691,1615.31685,567.00962,198.8441,28.4063,0.0685905898210663,0.0776099685953254,125.36469,20.83843,2898.99971,3138.59359,1755.85162,7,321.58764,De 1 a 5M€,De 1 - 5M€,-0.0763379753158803,Decrece,0.351020680555645,1.79469415551506,0.0129005216530738,0.110930552662939,45.9410914285714,414.142815714286,2024-12-31,2024,2204.0936,119.70085,62.78374,1573.80689,1300.66685123967,,259.7772,214.691900826446,474.86691,5.66384,68.44758,1314.02969,0.760294522416492,0.23970547758350802,,,,De 1 - 5M€,De 1 a 5M€,La Vall d'Albaida,Textil,2.976918571428571,0.04324411953804576,6.058294915797086
310,EMBALAJES VIDAL ALBIÑANA SL,B96551304,L'OLLERIA,1721,Papel y Cartón,Industria,Fabricación de papel y cartón ondulados; fabricación de envases y embalajes de papel y cartón,1996-06-03,1996,29,Entre 25 y 50 años,YOUR BOX PACKAGING,Sí,Sin auditor,No,2.0,Grupo Corporativo,0,No participadas,,No consejo,Importador,0.0,0.0,0.0,0.0,1766.69843,318.45892,232.6452,77.5484,0.0807272154765326,0.0733759467935906,129.63317,486.97252,2881.86826,2748.61269,2733.08108,3,362.349869,De 1 a 5M€,De 1 - 5M€,0.0484810284420247,Se mantiene,0.180256525161456,1.63121685685768,0.275639866844734,0.125734362680409,120.783289666667,960.622753333333,2024-12-31,2024,2102.51342,97.54306,64.01917,1013.57415,837.66458677686,74.96491,662.67248,547.66320661157,0.0,32.09011,96.10928,425.86658,0.729566111394697,0.27043388860530304,28.0466343519922,20.4618739618918,0.126642253301783,De 1 - 5M€,De 1 a 5M€,,Papel y cartón,162.32417333333333,0.04498233725645738,1.529525037768282
311,JOSE ALONSO VALOR E HIJOS SL,B53554986,GAIANES,2829,Maquinaria,Industria,Fabricación de otra maquinaria de uso general n.c.o.p.,2001-04-26,2001,24,Entre 10 y 25 años,JOVAL,Sí,Sin auditor,No,0.0,No Grupo Corporativo,0,No participadas,,No consejo,Importador,0.0,0.0,0.0,0.0,3527.12464,2746.89216,569.12983,29.9542015789474,0.197566427856285,0.158562111374664,559.26833,1096.66759,2880.70112,2068.62246,2290.30798,19,1187.96611,De 1 a 5M€,De 1 - 5M€,0.392569778054136,Crece,0.778790782964789,0.81672790559508,0.31092396836875,0.412387839110501,62.5245321052632,151.615848421053,2024-12-31,2024,1485.47663,541.30576,463.234399,377.22653,311.757462809917,226.5,294.02353,242.994652892562,0.0,17.96257,481.19697,309.703,0.515664960757887,0.48433503924211296,6.55839571743929,3.38193487026802,0.102496856708743,De 1 - 5M€,De 1 a 5M€,,Otros,57.71934684210527,0.1941431292948572,1.282980753275085
312,VISDELTEX SL,B46295788,ONTINYENT,2894,Textil,Industria,"Fabricación de maquinaria para las industrias textil, de la confección y del cuero",1986-01-16,1986,39,Entre 25 y 50 años,VISDELSOL ENERGÍA DE FUTURO,Sí,Sin auditor,No,2.0,Grupo Corporativo,0,No participadas,,No consejo,Importador / Exportador,0.0,0.0,0.0,0.0,3543.257,2717.4748,1167.58848,48.64952,0.411055451790255,0.0672840948313938,238.40484,552.21448,2840.46465,2868.89576,3822.1409,24,1422.67024,De 1 a 5M€,De 1 - 5M€,-0.00991012305027072,Se mantiene,0.766942618048874,0.801653577485347,0.155849400706751,0.500858280352125,59.2779266666667,118.35269375,2024-12-31,2024,920.15492,163.69713,259.99943,1269.2093,1048.93330578512,858.6281,301.84427,249.458074380165,11.054,74.70771,334.70714,1825.99313,0.323945210865412,0.676054789134588,1.07165712373029,0.347158192922229,0.583743695386231,De 1 - 5M€,De 1 a 5M€,La Vall d'Albaida,Textil,23.008936666666667,0.08393163421343759,4.204848082754715
314,YEBANE TEXTIL SL.,B40612848,ALBAIDA,1320,Textil,Industria,Fabricación de tejidos textiles,2019-09-25,2019,6,Menor de 10 años,Sin marca,No,Sin auditor,No,2.0,Grupo Corporativo,0,No participadas,,No consejo,No realiza actividad exterior,,,,,720.42771,201.96271,205.94663,41.189326,0.0747203721638284,0.100402148606971,72.33249,16.74406,2756.23132,3139.79946,3012.66104,5,280.05433,De 1 a 5M€,De 1 - 5M€,-0.122163260707103,Decrece,0.280337231892427,3.82582635529108,0.0232418322721096,0.10160770178027,56.010866,551.246264,2024-12-31,2024,1887.53779,55.16423,28.537739,592.7903,489.909338842975,,223.36661,184.600504132231,269.35975,17.16826,45.706,369.42369,0.684825608178634,0.315174391821366,,,,De 1 - 5M€,De 1 a 5M€,La Vall d'Albaida,Textil,3.348812,0.02624325813117892,2.653889495838259
315,GRAFITEC IMPRESORES SL,B96727482,AIELO DE MALFERIT,1812,Artes gráficas,Industria,Otras actividades de impresión y artes gráficas,1998-02-09,1998,27,Entre 25 y 50 años,BABILOKI,Sí,Sin auditor,No,0.0,No Grupo Corporativo,0,No participadas,,No consejo,No realiza actividad exterior,,,,,2606.46369,675.97544,625.3822,28.4264636363636,0.227907810525304,0.116919299957714,304.74591,1467.54654,2744.0139,2590.50037,2717.907829,22,930.17952,De 1 a 5M€,De 1 - 5M€,0.0592601845488252,Crece,0.2593458111822,1.05277273208437,0.563041236918209,0.338984988377792,42.2808872727273,124.727904545455,2024-12-31,2024,1375.78891,86.66166,35.76846,681.50942,563.230925619835,180.90681,550.65402,455.085966942149,516.58974,218.08425,253.85271,311.762209,0.50137825832442,0.49862174167558004,7.60495920523943,3.81296120095121,0.105339032239482,De 1 - 5M€,De 1 a 5M€,La Vall d'Albaida,Otros,66.70666090909091,0.11105844252465338,1.2376363292508061
316,CARTONAJES IBI SL,B96797337,L'OLLERIA,1721,Papel y Cartón,Industria,Fabricación de papel y cartón ondulados; fabricación de envases y embalajes de papel y cartón,1998-09-14,1998,27,Entre 25 y 50 años,"CARTONAJES IBI, S.L.",Sí,Sin auditor,No,24.0,Grupo Corporativo,0,No participadas,,No consejo,No realiza actividad exterior,,,,,805.38713,132.95979,799.5945,49.97465625,0.293939338664142,0.00569753330922981,4.58872,,2720.27046,3378.31247,4558.16608,16,805.8747,De 1 a 5M€,De 1 - 5M€,-0.194784234982266,Decrece,0.165088049023083,3.37759365486757,,0.296248006163328,50.36716875,170.01690375,2024-12-31,2024,1840.22675,4.58872,4.02096,568.00512,469.425719008264,,551.63725,455.898553719008,9.7461,,,16.367869,0.676486686548072,0.323513313451928,,,,De 1 - 5M€,De 1 a 5M€,,Papel y cartón,,0.0016868616806580328,1.0296714371627365
317,IBERYARN SL,B03128402,COCENTAINA,1310,Textil,Industria,Preparación e hilado de fibras textiles,1983-07-27,1983,42,Entre 25 y 50 años,Sin marca,No,Sin auditor,No,2.0,Grupo Corporativo,0,No participadas,,No consejo,Importador / Exportador,25.0,495.54408775,0.0,0.0,2189.90034,875.3753,539.12135,29.9511861111111,0.200746559213261,0.0741920611784553,162.47322,926.08919,2685.58202,2641.15774,2733.86256,18,703.405669,De 1 a 5M€,De 1 - 5M€,0.0168200025796261,Se mantiene,0.399732939445089,1.226348967095,0.422891020693663,0.261919265083552,39.0780927222222,149.199001111111,2024-12-31,2024,1710.10759,104.54063,49.61626,594.66769,491.460900826446,545.49784,281.48232,232.630016528926,500.57908,57.93259,107.54885,858.683209,0.636773547508335,0.36322645249166496,3.13494841702765,1.99625222476633,0.29949884915357,De 1 - 5M€,De 1 a 5M€,El comtat,Textil,51.449399444444445,0.06049832728623943,2.1126289210633145
318,TINTAS GREIS SL.,B54393103,IBI,1812,Artes gráficas,Industria,Otras actividades de impresión y artes gráficas,2009-01-01,2009,16,Entre 10 y 25 años,Sin marca,No,Sin auditor,No,2.0,Grupo Corporativo,0,No participadas,,No consejo,No realiza actividad exterior,,,,,2622.9506,1378.02181,879.54615,27.4858171875,0.327713913990756,0.314429242395949,824.73237,1312.76395,2683.88406,2135.1979,2126.07704,32,1713.2857,De 1 a 5M€,De 1 - 5M€,0.25697203992192,Crece,0.525370859062309,1.02323088357059,0.500491297853646,0.638360548257066,53.540178125,83.871376875,2024-12-31,2024,422.45143,449.44547,330.91765,622.18755,514.20458677686,56.59314,74.20382,61.3254710743802,0.0,375.2869,706.20455,604.57687,0.157403010173249,0.842596989826751,7.46471091725958,1.17496796844977,0.189826476968785,De 1 - 5M€,De 1 a 5M€,,Otros,41.0238734375,0.3072906100124161,8.384845281550199
319,VICENTE ANTON ESTEVE SL,B03959137,CASTALLA,2454,Metal,Industria,Fundición de otros metales no férreos,1994-08-01,1994,31,Entre 25 y 50 años,Sin marca,No,Sin auditor,No,0.0,No Grupo Corporativo,0,No participadas,,No consejo,No realiza actividad exterior,,,,,1643.26951,767.67466,887.44955,38.5847630434783,0.333124389592274,0.199477065085933,327.794579,610.31659,2664.01854,2478.59786,2544.55846,23,1215.26516,De 1 a 5M€,De 1 - 5M€,0.0748086984953664,Crece,0.46716296707775,1.62116957917633,0.371403830160519,0.45617744086721,52.8376156521739,115.826893043478,2024-12-31,2024,1005.49845,202.43024,151.63205,406.48034,335.934165289256,517.94263,534.23552,441.516958677686,0.0,125.36434,276.99639,390.187449,0.377436731352478,0.622563268647522,1.94133170694986,0.732729893942082,0.154788651212454,De 1 - 5M€,De 1 a 5M€,,Metal,26.535503913043478,0.12304515681035763,0.7608635607007181
321,TECHNOCOLOR TEXTIL SL,B98957640,ATZENETA D'ALBAIDA,1330,Textil,Industria,Acabado de textiles,2017-12-01,2017,8,Menor de 10 años,INDYECO,Sí,Sin auditor,No,0.0,No Grupo Corporativo,0,No participadas,,No consejo,No realiza actividad exterior,,,,,2607.86009,720.50058,991.02127,41.2925529166667,0.374720319445128,0.0703901373788806,183.56763,1510.0646,2644.69584,2705.92048,3443.8161,24,1174.5889,De 1 a 5M€,De 1 - 5M€,-0.0226261785786108,Se mantiene,0.276280381283798,1.01412489502073,0.579043563644551,0.444130051643292,48.9412041666667,110.19566,2024-12-31,2024,633.94616,64.81323,16.14803,792.88469,655.276603305785,245.10771,394.61827,326.130801652893,806.70746,118.7544,134.90243,643.374129,0.239704751832634,0.7602952481673659,2.58639828180027,0.619971958279286,0.217134047313695,De 1 - 5M€,De 1 a 5M€,,Textil,62.91935833333333,0.06940973219816461,2.0092447569647467
322,ORTOLA SA,A46143202,LA POBLA DEL DUC,1512,Textil,Industria,"Fabricación de artículos de marroquinería, viaje y de guarnicionería y talabartería",1980-09-25,1980,45,Entre 25 y 50 años,GONALCA,Sí,Sin auditor,No,2.0,Grupo Corporativo,0,No participadas,,No consejo,Importador,0.0,0.0,0.0,0.0,1527.83767,1387.55141,443.86904,29.5912693333333,0.168529506388397,0.321067348732146,490.53879,73.57897,2633.77642,2638.12631,2217.54783,15,934.21022,De 1 a 5M€,De 1 - 5M€,-0.00164885585027197,Se mantiene,0.908179865731416,1.7238588049737,0.0481588924299792,0.354703691970938,62.2806813333333,175.585094666667,2024-12-31,2024,1269.84421,479.13089,361.50454,340.88855,281.726074380165,326.66134,0.0,0.0,0.0,11.4079,372.91244,667.54989,0.48213819531424,0.5178618046857599,3.88734158134538,1.87423585459986,0.230994328053163,De 1 - 5M€,De 1 a 5M€,,Textil,4.905264666666667,0.18624921473023134,
323,ACABADOS INSA SL.,B40506248,ONTINYENT,1330,Textil,Industria,Acabado de textiles,2018-06-11,2018,7,Menor de 10 años,Sin marca,No,Sin auditor,No,0.0,No Grupo Corporativo,0,No participadas,,No consejo,No realiza actividad exterior,,,,,1615.04395,1022.16534,1080.23019,36.007673,0.415263948168475,0.0979915004789808,158.26058,526.09789,2601.309829,3104.19958,2913.5461,30,1238.49077,De 1 a 5M€,De 1 - 5M€,-0.162003034289438,Decrece,0.632902491600925,1.61067432808872,0.325748342637982,0.476102752618323,41.2830256666667,86.7103276333333,2024-12-31,2024,461.68846,4.53313,0.790589,696.89351,575.945049586777,,0.0,0.0,26.94991,153.72745,154.51804,696.89351,0.177483072125047,0.822516927874953,,,,De 1 - 5M€,De 1 a 5M€,La Vall d'Albaida,Textil,17.536596333333332,0.060838804449848564,
324,LLORPIC VENTILADORES SL,B03126828,COCENTAINA,2825,Maquinaria,Industria,Fabricación de maquinaria de ventilación y refrigeración no doméstica,1983-07-06,1983,42,Entre 25 y 50 años,LLORVESA,Sí,Sin auditor,No,4.0,Grupo Corporativo,1,Participadas,,No consejo,Importador / Exportador,0.0,0.0,0.0,0.0,2251.58597,1284.04278,937.82172,44.6581771428571,0.364977727436735,0.045412030170005,102.24909,529.365,2569.53137,2238.47907,2683.85893,21,1069.623549,De 1 a 5M€,De 1 - 5M€,0.147891621787645,Crece,0.570283700959462,1.14120953151969,0.235107611724903,0.416271839094146,50.9344547142857,122.358636666667,2024-12-31,2024,714.9168,59.67414,40.276,201.55359,166.573214876033,160.34,41.40835,34.2217768595041,550.59939,42.57495,82.85095,320.48524,0.278228477124994,0.721771522875006,4.4587551453162,1.24055265395456,0.113908489864644,De 1 - 5M€,De 1 a 5M€,El comtat,Otros,25.207857142857144,0.03979289421946228,4.867462480393451
325,JORDATEX GRUPO IND SL,B53380002,BANYERES DE MARIOLA,1320,Textil,Industria,Fabricación de tejidos textiles,1999-06-17,1999,26,Entre 25 y 50 años,PURE BAMBOO .,Sí,Sin auditor,No,0.0,No Grupo Corporativo,0,No participadas,,No consejo,Importador,41.0,733.3457579,0.0,0.0,2023.07403,1491.35166,570.16848,40.72632,0.222961393265869,0.0980860695443755,198.43538,1077.22542,2557.25205,3055.27618,4049.25505,14,768.60386,De 1 a 5M€,De 1 - 5M€,-0.163004619111062,Decrece,0.7371710762359,1.26404274489155,0.532469600235044,0.300558507715342,54.9002757142857,182.660860714286,2024-12-31,2024,1508.07888,74.25452,40.198009,508.67119,420.389413223141,402.59789,241.91249,199.92767768595,49.28388,124.18086,164.37887,669.35659,0.589726335345004,0.41027366465499604,3.74586881217882,2.20903748728936,0.243644198285887,De 1 - 5M€,De 1 a 5M€,L'Alcoià,Textil,76.94467285714286,0.07759711444947322,2.102707429451045
326,LEVANTEX BOCAIRENT SL,B96806104,BOCAIRENT,1320,Textil,Industria,Fabricación de tejidos textiles,1998-10-20,1998,27,Entre 25 y 50 años,Sin marca,No,Don Alfonso Perez Pretel,Sí,2.0,Grupo Corporativo,0,No participadas,,No consejo,Importador / Exportador,0.0,0.0,0.0,0.0,2993.95829,1153.18896,668.57839,39.3281405882353,0.263152808278632,0.0877907053274279,262.84171,992.23823,2540.646989,2708.16293,2837.69633,17,931.53115,De 1 a 5M€,De 1 - 5M€,-0.0618559316148678,Decrece,0.385172019213401,0.848591310535592,0.331413511442072,0.36665115383332,54.79595,149.449822882353,2024-12-31,2024,1144.1996,202.78441,108.03276,713.49316,589.663768595041,1273.14068,361.10804,298.436396694215,1064.39029,60.0573,168.09006,1625.525799,0.450357568349296,0.549642431650704,0.898722048532767,0.404746276399115,0.61573609347301,De 1 - 5M€,De 1 a 5M€,,Textil,58.36695470588236,0.10345463621589343,1.9758440161011075
327,PUNTO DE VENTA Y PROMOCION PLV SL.,B54786777,COCENTAINA,1712,Papel y Cartón,Industria,Fabricación de papel y cartón,2014-05-15,2014,11,Entre 10 y 25 años,DECORACIÓN DE CARTÓN,Sí,Sin auditor,No,2.0,Grupo Corporativo,0,No participadas,,No consejo,No realiza actividad exterior,,,,,1223.46701,310.17328,662.4422,33.12211,0.261784450045825,0.200699739341562,245.54951,432.18402,2530.4872,1933.82266,2117.63585,20,909.018619,De 1 a 5M€,De 1 - 5M€,0.308541497802079,Crece,0.253519937574778,2.06829213972839,0.353245340060293,0.359226720846484,45.45093095,126.52436,2024-12-31,2024,1267.57221,164.147,84.20752,376.37583,311.054404958678,288.56734,178.54778,147.560148760331,451.24078,81.40251,165.61003,486.39539,0.500920222003099,0.49907977799690095,4.39263920165047,2.20036180407027,0.178646071080046,De 1 - 5M€,De 1 a 5M€,El comtat,Papel y cartón,21.609201,0.09703645606269022,2.1079838125122548
328,JOFESA IMAGINE SYSTEMS SL,B46749859,ONTINYENT,2894,Textil,Industria,"Fabricación de maquinaria para las industrias textil, de la confección y del cuero",1990-10-23,1990,35,Entre 25 y 50 años,JOFESA,Sí,Sin auditor,No,2.0,Grupo Corporativo,0,No participadas,,No consejo,Importador / Exportador,0.0,0.0,0.0,0.0,4256.97032,3314.77824,888.68054,42.318120952381,0.354452447800818,0.14177867934959,603.54763,1897.64037,2507.19256,2866.43038,2476.86094,21,1514.21526,De 1 a 5M€,De 1 - 5M€,-0.125325848660591,Decrece,0.778670742529396,0.588961719610956,0.445772515980332,0.603948529585618,72.1054885714286,119.390121904762,2024-12-31,2024,918.03834,443.57182,349.08867,516.92577,427.211380165289,805.0,239.14073,197.636966942149,0.0,159.97581,509.06448,1082.78504,0.366161879484837,0.633838120515163,1.14042029813665,0.417578439768372,0.412642582675477,De 1 - 5M€,De 1 a 5M€,La Vall d'Albaida,Textil,90.36382714285715,0.24072647615067908,2.1615965210108667
329,MY OTHER ME FUN COMPANY SL,B73808891,IBI,3240,Juguete,Industria,Fabricación de juegos y juguetes,2013-08-29,2013,12,Entre 10 y 25 años,MOM MY OTHER ME,Sí,Sin auditor,No,12.0,Grupo Corporativo,0,No participadas,,No consejo,Importador,0.0,0.0,0.0,0.0,6874.98634,-2600.87618,777.74482,43.2080455555556,0.311727537824155,-0.110432609237737,-759.22268,1595.92267,2494.95064,3738.99303,3190.2398,18,15.985399,De 1 a 5M€,De 1 - 5M€,-0.332721238049486,Decrece,-0.378310014213061,0.362902632327267,0.232134667775936,0.00640710030239316,0.888077722222222,138.608368888889,2024-12-31,2024,1498.8588,-776.16238,-678.416429,804.22897,664.652041322314,4382.54343,277.79733,229.584570247934,1189.96205,16.9397,-661.47673,4908.975069,0.600756895134406,0.399243104865594,0.34200660505491,0.205462826168247,1.93094437374295,De 1 - 5M€,De 1 a 5M€,,Juguete,88.66237055555555,-0.30430368754710113,2.8950205172958268
330,COMERCIAL DE URDIDOS SL,B03888674,COCENTAINA,1310,Textil,Industria,Preparación e hilado de fibras textiles,1993-11-03,1993,32,Entre 25 y 50 años,Sin marca,No,Intersigma Auditores S.L.,Sí,0.0,No Grupo Corporativo,1,Participadas,,No consejo,Importador / Exportador,26.0,439.0297392,0.0,0.0,2756.94441,2144.31019,691.06652,34.553326,0.277212506564962,0.0397063646270619,109.46824,154.01055,2492.91249,2885.11209,3131.20671,20,804.33657,De 1 a 5M€,De 1 - 5M€,-0.135939120479718,Decrece,0.777785066039834,0.904230234370232,0.0558627694636759,0.322649340169979,40.2168285,124.6456245,2024-12-31,2024,1352.16366,72.06557,54.23504,749.95189,619.794950413223,1275.08593,239.16274,197.655157024793,56.32694,37.40267,91.637709,1785.875079,0.542403179182595,0.45759682081740505,1.06044904753988,0.575190934746785,0.68082041796358,De 1 - 5M€,De 1 a 5M€,El comtat,Textil,7.7005275,0.04391178608921005,3.135738827879298
331,VANICO SA,A03412871,COCENTAINA,1320,Textil,Industria,Fabricación de tejidos textiles,1988-12-14,1988,37,Entre 25 y 50 años,EC SCENES,Sí,Sin auditor,No,2.0,Grupo Corporativo,1,Participadas,,No consejo,No realiza actividad exterior,,,,,5723.7271,4733.00891,618.87294,51.572745,0.249424586495783,0.0429799892101774,246.005729,2446.72468,2481.20263,2904.45298,3419.383,12,896.60221,De 1 a 5M€,De 1 - 5M€,-0.145724634867389,Decrece,0.826910302903854,0.433494222671797,0.427470534016201,0.361357915375094,74.7168508333333,206.766885833333,2023-12-31,2023,1269.19435,173.29558,170.45027,336.43222,278.043157024793,304.8205,51.39444,42.4747438016529,0.0,72.71015,243.160419,589.85828,0.511523861313979,0.488476138686021,4.16374341620724,2.12985410977899,0.217793140588095,De 1 - 5M€,De 1 a 5M€,El comtat,Textil,203.89372333333333,0.09914777859154533,6.546082027550052
332,JESMAR TOYS SL.,B92821305,CASTALLA,3240,Juguete,Industria,Fabricación de juegos y juguetes,2007-02-06,2007,18,Entre 10 y 25 años,BEBE PEREZOSO DE JESMAR,Sí,Sin auditor,No,6.0,Grupo Corporativo,0,No participadas,,No consejo,Importador / Exportador,0.0,0.0,0.0,0.0,4508.25137,72.44068,713.20648,50.94332,0.290368056325484,-0.127171717578827,-573.32207,2400.24195,2456.21536,2963.67664,3246.62499,14,133.31429,De 1 a 5M€,De 1 - 5M€,-0.17122693925205,Decrece,0.0160684651441696,0.544826620881169,0.532410851349666,0.0542763033612818,9.52244928571429,175.443954285714,2024-03-31,2024,1542.26481,-641.18182,-855.50273,749.83998,619.702462809917,1344.07184,100.16218,82.7786611570248,1055.105659,67.85975,-787.64298,1993.74964,0.627902925417745,0.37209707458225505,1.14745712550603,0.720491685896672,0.765810552399156,De 1 - 5M€,De 1 a 5M€,,Juguete,171.4458535714286,-0.23341685722541855,7.486258585825504
333,VIALMAN SL,B96588181,BOCAIRENT,1399,Textil,Industria,Fabricación de otros productos textiles n.c.o.p.,1996-10-30,1996,29,Entre 25 y 50 años,VIALMAN,Sí,Sin auditor,No,2.0,Grupo Corporativo,0,No participadas,,No consejo,Importador / Exportador,0.0,0.0,0.0,0.0,1647.40754,672.02499,735.90305,25.3759672413793,0.301772829496643,0.129093405751925,212.66945,1034.5944,2438.59943,2839.09102,2032.08451,29,935.721409,De 1 a 5M€,De 1 - 5M€,-0.141063314694292,Decrece,0.407928805521917,1.48026482263156,0.628013636504298,0.383712633361847,32.2662554827586,84.0896355172414,2024-12-31,2024,1143.30611,94.26464,34.67937,246.68087,203.868487603306,283.50969,130.86109,108.149661157025,81.57702,118.40481,153.08418,399.32947,0.468837192338719,0.531162807661281,4.03268794798513,1.89067409511154,0.155510786962778,De 1 - 5M€,De 1 a 5M€,,Textil,35.67566896551724,0.08720966936336895,1.8850589583198474
334,BELPLA SA,A46178752,AGULLENT,1392,Textil,Industria,"Fabricación de artículos confeccionados con textiles, excepto prendas de vestir",1982-04-22,1982,43,Entre 25 y 50 años,BABY SAC,Sí,Eudita Cuspide Auditores S.L.,Sí,0.0,No Grupo Corporativo,0,No participadas,,No consejo,Importador / Exportador,96.0,1400.2822176,0.0,0.0,4872.7705,4756.05244,616.04749,41.0698326666667,0.252693752837381,0.0536897951586269,261.61805,1276.61848,2437.92133,2800.38618,7103.56846,15,979.29402,De 1 a 5M€,De 1 - 5M€,-0.129433880437162,Decrece,0.976046879285614,0.500315237501951,0.261990274321354,0.401692215392365,65.286268,162.528088666667,2024-12-31,2024,1435.91852,-15.30229,-27.7115,942.83976,779.20641322314,572.56199,43.00466,35.541041322314,0.0,276.92034,249.20884,1472.39709,0.588992968038062,0.411007031961938,2.50788306782293,1.47712549160943,0.539897389511263,De 1 - 5M€,De 1 a 5M€,La Vall d'Albaida,Textil,85.10789866666667,0.10731193282598663,21.924130082646872
335,JOVIPAL PALETS SL,B96315205,RAFOL DE SALEM,1624,Madera,Industria,Fabricación de envases y embalajes de madera,1994-06-17,1994,31,Entre 25 y 50 años,Sin marca,No,Sin auditor,No,0.0,No Grupo Corporativo,0,No participadas,,No consejo,Importador / Exportador,0.0,0.0,0.0,0.0,1843.17355,258.03206,407.62333,25.476458125,0.168136358041639,0.0497131428562438,91.62995,539.36895,2424.3616,2599.41497,2399.86264,16,499.67285,De 1 a 5M€,De 1 - 5M€,-0.067343372266568,Decrece,0.139993360907333,1.31531922211015,0.292630582725105,0.206104918507206,31.229553125,151.5226,2024-12-31,2024,1699.08309,48.0939,11.5358,662.10486,547.194099173554,531.62878,387.24075,320.03367768595,688.7633,43.53605,55.07185,806.49289,0.700837321462277,0.29916267853772305,3.19599531462537,2.23987279570803,0.312985159263207,De 1 - 5M€,De 1 a 5M€,,Madera,33.710559375,0.03779549634839951,1.709801615661578
336,LAND TEXTIL AGULLENT SL.,B98619810,AGULLENT,1320,Textil,Industria,Fabricación de tejidos textiles,2014-03-06,2014,11,Entre 10 y 25 años,Sin marca,No,Sin auditor,No,0.0,No Grupo Corporativo,0,No participadas,,No consejo,No realiza actividad exterior,,,,,1161.30424,514.2036,314.57101,28.5973645454545,0.129890405874194,0.109710724900135,127.40753,580.88551,2421.81867,2729.89168,2797.38188,11,441.07285,De 1 a 5M€,De 1 - 5M€,-0.112851734102505,Decrece,0.442781126847518,2.08542997311368,0.500200972313681,0.182124638588239,40.0975318181818,220.165333636364,2024-12-31,2024,1741.08203,43.08653,22.99867,197.6949,163.384214876033,349.97433,451.2118,372.902314049587,20.0,84.321,107.31967,96.45743,0.718915107711181,0.28108489228881905,4.97488495799106,3.57651995542488,0.057996179716645,De 1 - 5M€,De 1 a 5M€,La Vall d'Albaida,Textil,52.807773636363635,0.052608203734757726,0.43814213192119494
337,ZK-2000 SL,B53272324,IBI,2454,Metal,Industria,Fundición de otros metales no férreos,1998-04-21,1998,27,Entre 25 y 50 años,Sin marca,No,Sin auditor,No,2.0,Grupo Corporativo,0,No participadas,,No consejo,No realiza actividad exterior,,,,,2813.31845,2372.25883,416.3216,41.63216,0.17220614147481,0.14730035982951,414.40282,497.42694,2417.57696,2511.17482,2301.11902,10,842.88876,De 1 a 5M€,De 1 - 5M€,-0.0372725384368103,Se mantiene,0.843224424167126,0.859332849432669,0.176811459079579,0.348650228698407,84.288876,241.757696,2024-12-31,2024,1377.86788,373.44102,291.51715,585.66292,484.01894214876,123.72824,207.43457,171.43352892562,0.0,40.9618,332.47895,501.95659,0.56993754606265,0.43006245393735,11.1362440781506,6.34696362225588,0.180475600339582,De 1 - 5M€,De 1 a 5M€,,Metal,49.742694,0.17141246250129719,2.8233621811446326
338,IBERSTRAWS PAPER SL.,B01742808,BENIMARFULL,1721,Papel y Cartón,Industria,Fabricación de papel y cartón ondulados; fabricación de envases y embalajes de papel y cartón,2020-07-10,2020,5,Menor de 10 años,Sin marca,No,Sin auditor,No,4.0,Grupo Corporativo,0,No participadas,,No consejo,Importador / Exportador,0.0,0.0,0.0,0.0,13922.84252,2166.35903,926.61021,29.8906519354839,0.383703147426003,-0.01479982910846,-206.05569,12123.76414,2414.91428,2634.73495,1429.31504,31,720.66425,De 1 a 5M€,De 1 - 5M€,-0.0834317964317436,Decrece,0.155597467032185,0.173449802116989,0.870782250290079,0.29842229016924,23.2472338709677,77.9004606451613,2024-12-31,2024,1028.08062,-206.05569,-154.45947,1033.08845,853.792107438017,682.90871,305.05547,252.111958677686,0.0,,,1410.94169,0.425721371774736,0.574278628225264,1.50544370710984,0.640899560120446,0.531939733595981,De 1 - 5M€,De 1 a 5M€,,Papel y cartón,391.0891658064516,-0.08532629572259601,3.3865593362413735
339,LIDEM CONSTRUCCIONES MECANICAS SL,B96265301,ONTINYENT,2894,Textil,Industria,"Fabricación de maquinaria para las industrias textil, de la confección y del cuero",1994-02-15,1994,31,Entre 25 y 50 años,LIDEM CONSTRUCCIONES MECANICAS,Sí,Sin auditor,No,2.0,Grupo Corporativo,0,No participadas,,No consejo,Importador / Exportador,0.0,0.0,0.0,0.0,2051.51925,1404.88276,740.22135,37.0110675,0.310440300648691,0.144778217411316,297.0153,249.57531,2384.42415,2285.83125,3330.93452,20,1058.1828,De 1 a 5M€,De 1 - 5M€,0.0431321865951388,Se mantiene,0.684801158945986,1.1622723744854,0.12165389625274,0.443789667203295,52.90914,119.2212075,2024-12-31,2024,1030.99674,268.22169,215.62651,348.04385,287.639545454545,198.439,183.70634,151.823421487603,36.86453,28.79361,244.42012,362.77651,0.432388147050096,0.567611852949904,5.19553484950035,2.24648768650966,0.140182745576932,De 1 - 5M€,De 1 a 5M€,La Vall d'Albaida,Textil,12.4787655,0.1245647927194497,1.894566349751457
340,PRECOAN SL,B03871068,BANYERES DE MARIOLA,1022,Alimentación,Industria,Fabricación de conservas de pescado,1993-07-30,1993,32,Entre 25 y 50 años,"PRECOAN, S.L.",Sí,Sin auditor,No,0.0,No Grupo Corporativo,0,No participadas,,No consejo,No realiza actividad exterior,,,,,3211.67559,1753.88739,487.19986,30.44999125,0.206076939998169,0.142547640996331,457.816779,1757.15839,2364.16486,1959.21395,1731.92016,16,951.88795,De 1 a 5M€,De 1 - 5M€,0.206690499524056,Crece,0.546097306795547,0.736115710864808,0.547115778278216,0.402631798697829,59.492996875,147.76030375,2024-12-31,2024,1122.13369,335.97804,302.50235,465.29416,384.540628099174,66.244179,117.50864,97.1145785123967,0.0,121.83874,424.341089,414.029698,0.474642741284971,0.525357258715029,16.939355380946,8.04014207361253,0.149596263175478,De 1 - 5M€,De 1 a 5M€,L'Alcoià,Alimentación,109.822399375,0.19364841544933548,3.9596591365537077
341,FILPRIM SA,A03010287,MURO DE ALCOY,1310,Textil,Industria,Preparación e hilado de fibras textiles,1962-05-25,1962,63,Mayor de 50 años,Sin marca,No,Sin auditor,No,0.0,No Grupo Corporativo,0,No participadas,,No consejo,Importador / Exportador,0.0,0.0,0.0,0.0,2185.80777,1551.32034,845.50212,31.3148933333333,0.36841660031626,0.0103046024033486,22.52388,559.80575,2294.96206,2370.14746,3871.31046,27,868.026,De 1 a 5M€,De 1 - 5M€,-0.0317218237552191,Se mantiene,0.709724048606525,1.04993773537551,0.256109323831345,0.378231089362758,32.1491111111111,84.9985948148148,2024-12-31,2024,779.68447,-75.92386,-61.111239,420.32432,347.37547107438,1144.9005,414.74606,342.765338842975,94.99991,98.44774,37.3365,1150.47876,0.339737411606709,0.660262588393291,0.681006314522528,0.231363322583708,0.500884372890855,De 1 - 5M€,De 1 a 5M€,El comtat,Textil,20.733546296296296,0.00981448904649866,1.0134498203551352
342,MAYSAN PACK SL.,B53221651,ONIL,2222,Plástico,Industria,Fabricación de envases y embalajes de plástico,1997-10-15,1997,28,Entre 25 y 50 años,Sin marca,No,Sin auditor,No,0.0,No Grupo Corporativo,0,No participadas,,No consejo,No realiza actividad exterior,,,,,1982.13906,1604.96565,295.49204,32.8324488888889,0.129296222273046,0.145745838336892,288.888519,511.3611,2285.38804,2605.51017,2714.63837,9,587.99047,De 1 a 5M€,De 1 - 5M€,-0.122863511985447,Decrece,0.80971395114932,1.15299076947709,0.257984472592957,0.257282553207026,65.3322744444444,253.932004444444,2024-12-31,2024,1427.54975,267.579919,210.655099,577.47371,477.251,243.59461,294.64361,243.507115702479,0.4536,21.3086,231.963699,526.424709,0.624642172363867,0.375357827636133,5.86035031727508,3.66062195299598,0.208865403136318,De 1 - 5M€,De 1 a 5M€,,Plástico,56.8179,0.12640676941671578,1.9599057654771497
343,STICSA LEVANTE SL,B54532627,CASTALLA,1712,Papel y Cartón,Industria,Fabricación de papel y cartón,2010-11-30,2010,15,Entre 10 y 25 años,Sin marca,No,Sin auditor,No,2.0,Grupo Corporativo,0,No participadas,,No consejo,Importador / Exportador,0.0,0.0,0.0,0.0,986.38406,399.61105,195.65202,32.60867,0.0858429459475036,0.264210747687873,260.61327,625.03167,2279.18576,2025.8615,1643.86987,6,456.27266,De 1 a 5M€,De 1 - 5M€,0.125045201757376,Crece,0.405127238167251,2.3106473963093,0.633659540280892,0.200191080519913,76.0454433333333,379.864293333333,2023-12-31,2023,1077.03944,141.05611,56.81654,139.7807,115.521239669421,144.99801,91.87592,75.9305123966942,209.447849,119.55716,176.3737,192.90279,0.472554479280355,0.527445520719645,7.42796014924619,3.51011584044226,0.0809888954697257,De 1 - 5M€,De 1 a 5M€,,Papel y cartón,104.171945,0.11434490096147319,1.5214073502610852
344,PLASTICOS COLOMA SL,B03126646,IBI,2229,Plástico,Industria,Fabricación de otros productos de plástico,1983-03-03,1983,42,Entre 25 y 50 años,PLASTICOL INYECCIÓN DE TERMOPLÁSTICOS,Sí,Sin auditor,No,0.0,No Grupo Corporativo,0,No participadas,,No consejo,No realiza actividad exterior,,,,,4690.985,1676.0595,967.18581,27.6338802857143,0.427325503100099,0.0888638249749253,416.85887,2708.78638,2263.3468,2508.32383,2477.62805,35,1384.31076,De 1 a 5M€,De 1 - 5M€,-0.0976656311557667,Decrece,0.357293724025978,0.482488603139852,0.577445116537358,0.611621144404384,39.551736,64.6670514285714,2023-12-31,2023,225.31369,151.07222,8.21232,428.97517,354.524933884298,823.525,73.74126,60.9431900826446,552.41716,265.78665,273.99897,1178.75891,0.0995489025367213,0.9004510974632787,0.273596660696397,0.027236247310038,0.493564107719441,De 1 - 5M€,De 1 a 5M€,,Plástico,77.39389657142857,0.18417808088446722,5.817301874147536
345,MAURO RIBERA VALERO SL,B03622537,BANYERES DE MARIOLA,1392,Textil,Industria,"Fabricación de artículos confeccionados con textiles, excepto prendas de vestir",1991-02-04,1991,34,Entre 25 y 50 años,MR MAURO RIBERA,Sí,Sin auditor,No,2.0,Grupo Corporativo,1,Participadas,,No consejo,Importador / Exportador,0.0,0.0,50.0,720.403785,2197.63235,1787.36514,385.9908,32.1659,0.171862990105545,0.19076354149956,419.22813,358.22773,2245.92159,2144.26487,2448.501489,12,805.11402,De 1 a 5M€,De 1 - 5M€,0.0474086580544502,Se mantiene,0.813313992215304,1.02197330231328,0.163006214392503,0.358478240551577,67.092835,187.1601325,2024-12-31,2024,1159.25664,360.61122,297.10316,657.66844,543.527636363636,114.16894,260.57834,215.354,21.19815,58.61691,355.720069,511.259039,0.51616078012768,0.48383921987232004,10.1538705711028,5.24102975529591,0.196953704142288,De 1 - 5M€,De 1 a 5M€,L'Alcoià,Textil,29.852310833333334,0.18666196178291336,2.523879920334129
346,MUNDOBARQUILLO SL.,B54564182,CASTALLA,1089,Alimentación,Industria,Elaboración de otros productos alimenticios n.c.o.p.,2011-05-05,2011,14,Entre 10 y 25 años,NEUSAN,Sí,Sin auditor,No,0.0,No Grupo Corporativo,0,No participadas,,No consejo,No realiza actividad exterior,,,,,2112.662029,563.36736,380.60066,25.3733773333333,0.173821500003332,0.208022865923341,439.48201,937.09967,2189.606349,2549.60595,2197.78557,15,820.343929,De 1 a 5M€,De 1 - 5M€,-0.141198133382141,Decrece,0.266662320932924,1.03642055328482,0.443563455553543,0.374653612680039,54.6895952666667,145.9737566,2024-12-31,2024,836.05304,170.37591,73.10888,460.97904,380.97441322314,656.82766,269.65513,222.855479338843,847.82408,269.1061,342.21498,848.15157,0.381828012319122,0.618171987680878,1.27286515309054,0.486015571354835,0.372188633019121,De 1 - 5M€,De 1 a 5M€,,Alimentación,62.47331133333333,0.20071279488238275,1.7095133328262635
347,GRUPO SAMPER VAÑO SL,B97322655,BOCAIRENT,1399,Textil,Industria,Fabricación de otros productos textiles n.c.o.p.,2003-04-04,2003,22,Entre 10 y 25 años,Sin marca,No,Sin auditor,No,3.0,Grupo Corporativo,1,Participadas,,No consejo,No realiza actividad exterior,,,,,1783.7216,498.97768,335.08172,27.9234766666667,0.15323365434982,0.13871903552662,247.43614,968.41046,2186.73712,2191.35149,2403.47938,12,582.717149,De 1 a 5M€,De 1 - 5M€,-0.00210571878635513,Se mantiene,0.279739663409357,1.2259408194642,0.542915699400624,0.266477915278632,48.5597624166667,182.228093333333,2024-12-31,2024,1312.21766,136.47794,76.56298,492.56758,407.080644628099,238.6204,285.67097,236.091710743802,120.773,110.9582,187.52118,445.51701,0.600080205342652,0.39991979465734795,5.49918473022424,3.29995190213014,0.187315306507578,De 1 - 5M€,De 1 a 5M€,,Textil,80.70087166666666,0.11315312560295314,1.724247934608123
348,MEGAPUNT TEJIDOS DE PUNTO SL,B96001698,ONTINYENT,1320,Textil,Industria,Fabricación de tejidos textiles,1991-11-22,1991,34,Entre 25 y 50 años,Sin marca,No,Sin auditor,No,0.0,No Grupo Corporativo,0,No participadas,,No consejo,Exportador,0.0,0.0,0.0,0.0,1668.39314,848.05836,242.21311,22.0193736363636,0.110971079175834,0.234753578524064,391.66126,908.25939,2182.66878,1548.61138,1307.36756,11,633.874369,De 1 a 5M€,De 1 - 5M€,0.409436097518539,Crece,0.508308467391565,1.30824607682096,0.544391707340633,0.290412532954267,57.6249426363636,198.424434545455,2024-12-31,2024,1484.53109,308.69591,234.29731,427.22398,353.077669421488,199.33544,266.97175,220.637809917355,44.33889,82.96535,317.26266,359.587669,0.680144923317225,0.319855076682775,7.44740167628998,5.06531244203282,0.152004418876662,De 1 - 5M€,De 1 a 5M€,La Vall d'Albaida,Textil,82.56903545454546,0.1794414542365883,1.6002591285407581
349,UBITECH MOLDES Y MODELOS INDUSTRIALES SL,B54287602,CASTALLA,2896,Plástico,Industria,Fabricación de maquinaria para la industria del plástico y el caucho,2007-10-26,2007,18,Entre 10 y 25 años,UBITECH,Sí,Sin auditor,No,0.0,No Grupo Corporativo,0,No participadas,,No consejo,No realiza actividad exterior,,,,,1402.34115,750.59871,936.08578,34.6698437037037,0.429552660615534,0.185033156874845,259.47961,933.66866,2179.21076,2283.98549,2212.77738,27,1195.52076,De 1 a 5M€,De 1 - 5M€,-0.0458736408172191,Se mantiene,0.535246869137371,1.55398047044401,0.665792813681607,0.548602632633844,44.2785466666667,80.7115096296296,2024-12-31,2024,439.05868,167.74907,135.78785,410.01762,338.857537190083,58.59248,7.82964,6.47077685950413,1.1787,91.73054,227.51839,460.780459,0.201476005927944,0.798523994072056,7.49343055627616,1.50974645917694,0.17941322955407,De 1 - 5M€,De 1 a 5M€,,Plástico,34.580320740740746,0.11907045190984647,52.36736554937399
350,TRANSFORMADOS DEL METAL Y CEMENTO SL.,B98439433,BENIGANIM,2361,Construcción,Industria,Fabricación de elementos de hormigón para la construcción,2012-04-26,2012,13,Entre 10 y 25 años,Sin marca,No,Sin auditor,No,2.0,Grupo Corporativo,0,No participadas,,No consejo,No realiza actividad exterior,,,,,1075.96249,513.24171,531.77525,48.3432045454545,0.244271560706274,0.125721492391431,135.27161,120.22024,2176.98388,2234.82446,2145.042489,11,667.04686,De 1 a 5M€,De 1 - 5M€,-0.0258814869065822,Se mantiene,0.477007065553001,2.02328975241507,0.11173274265351,0.306408727289244,60.6406236363636,197.907625454545,2024-12-31,2024,1030.73749,110.97801,81.22138,824.97663,681.798867768595,46.46233,273.39605,225.947148760331,8.55405,24.2936,105.51498,598.042909,0.473470428269777,0.526529571730223,22.1843693590055,10.5036428613032,0.230738524810879,De 1 - 5M€,De 1 a 5M€,,Otros,10.929112727272727,0.062137166582969826,3.017514810473664
351,ESCAYOLAS MOLDUBEL SL,B97428288,L'OLLERIA,2362,Construcción,Industria,Fabricación de elementos de yeso para la construcción,2004-03-01,2004,21,Entre 10 y 25 años,Sin marca,No,Sin auditor,No,0.0,No Grupo Corporativo,0,No participadas,,No consejo,No realiza actividad exterior,,,,,2112.40522,280.5462,229.8213,32.8316142857143,0.105807586360108,0.132416795485859,279.71793,273.0179,2172.06826,1953.09014,1950.63242,7,509.53923,De 1 a 5M€,De 1 - 5M€,0.112118798572195,Crece,0.13280889355121,1.02824412638026,0.129245041346754,0.234587116520914,72.7913185714286,310.295465714286,2024-12-31,2024,1559.59433,194.05142,135.06394,1626.51692,1344.22885950413,5.16,1249.22775,1032.41962809917,6.14082,85.66651,220.73045,382.449169,0.718022706155653,0.281977293844347,302.246963178295,217.020182428607,0.145929682433166,De 1 - 5M€,De 1 a 5M€,,Otros,39.00255714285714,0.1287795301608063,1.3020179226726294
352,TEXTIL SAMA SL,B03106143,BANYERES DE MARIOLA,1320,Textil,Industria,Fabricación de tejidos textiles,1982-04-30,1982,43,Entre 25 y 50 años,ORCA,Sí,Sin auditor,No,2.0,Grupo Corporativo,0,No participadas,,No consejo,Importador / Exportador,0.0,0.0,0.0,0.0,2132.0746,1372.87822,353.8456,35.38456,0.163498838322959,0.142528122139816,303.880589,529.5415,2164.208649,2373.40744,2071.72975,10,656.959069,De 1 a 5M€,De 1 - 5M€,-0.0881428057712669,Decrece,0.643916596539352,1.01507172825941,0.2483691236695,0.303556253369358,65.6959069,216.4208649,2024-12-31,2024,1194.20505,191.21841,132.66113,536.66312,443.523239669422,1006.2764,242.52508,200.433950413223,242.6625,112.66218,245.32331,1300.41444,0.551797559145602,0.448202440854398,1.1867564915564,0.654849335341017,0.57728523071631,De 1 - 5M€,De 1 a 5M€,L'Alcoià,Textil,52.954150000000006,0.1404118725523123,2.212814938562235
353,TALLERES ALFONSO Y FERNANDO SL,B53717559,MURO DE ALCOY,2410,Metal,Industria,"Fabricación de productos básicos de hierro, acero y ferroaleaciones",2002-12-01,2002,23,Entre 10 y 25 años,JH JARDIN DE HIERRO DISEÑO PARA JARDIN Y HOGAR,Sí,Sin auditor,No,0.0,No Grupo Corporativo,0,No participadas,,No consejo,No realiza actividad exterior,,,,,1433.7577,859.00476,648.91375,38.1713970588235,0.301398790059754,0.216093604937571,309.82587,548.01616,2153.00715,2285.09685,2415.15316,17,958.8618,De 1 a 5M€,De 1 - 5M€,-0.0578048584680338,Decrece,0.599128262746209,1.50165341744982,0.382223690934668,0.44535931987035,56.4036352941176,126.647479411765,2024-12-31,2024,913.98345,229.2763,175.678659,623.32524,515.144826446281,5.3,192.27273,158.903082644628,63.88959,80.54957,256.228229,436.35251,0.42451482337158,0.57548517662842,172.44970754717,73.2074571398675,0.167924079491168,De 1 - 5M€,De 1 a 5M€,El comtat,Metal,32.236244705882356,0.1439037812763418,3.241880634866943
354,ENVASES Y CONTRACHAPADOS BELGIDA SL.,B98039266,BELGIDA,1624,Madera,Industria,Fabricación de envases y embalajes de madera,2008-05-14,2008,17,Entre 10 y 25 años,Sin marca,No,Sin auditor,No,0.0,No Grupo Corporativo,0,No participadas,,No consejo,Importador,0.0,0.0,0.0,0.0,1405.19022,627.97818,203.20483,22.5783144444444,0.0946156888210896,0.0638396771648468,89.70689,302.94893,2147.68642,2001.17922,1874.70233,9,292.92862,De 1 a 5M€,De 1 - 5M€,0.073210434395776,Crece,0.44689905399427,1.52839550790497,0.215592825574889,0.136392639666642,32.5476244444444,238.631824444444,2024-12-31,2024,1512.42067,53.03796,35.9931,580.5625,479.803719008264,142.63711,448.26251,370.464884297521,0.0,36.66893,72.66203,274.9371,0.704209262542155,0.295790737457845,10.6032761740616,7.4669252950667,0.117324364657827,De 1 - 5M€,De 1 a 5M€,,Madera,33.66099222222223,0.041769081912805504,1.2951395377677222
355,ZOLOPLAST SL,B97171870,ALFARRASI,2229,Plástico,Industria,Fabricación de otros productos de plástico,2002-01-08,2002,23,Entre 10 y 25 años,Sin marca,No,Sin auditor,No,2.0,Grupo Corporativo,0,No participadas,,No consejo,No realiza actividad exterior,,,,,1859.63852,974.38294,399.09232,26.6061546666667,0.187648935191064,0.0800370869925839,148.84005,427.43521,2126.803009,1843.482089,2362.84577,15,551.46323,De 1 a 5M€,De 1 - 5M€,0.153687915760379,Crece,0.52396362493072,1.14366474243607,0.229848546049691,0.259292105411912,36.7642153333333,141.786867266667,2024-12-31,2024,1412.01998,103.29461,81.47791,645.20819,533.229909090909,536.97527,418.09688,345.534611570248,0.0,45.54544,127.02335,764.08658,0.66391667400542,0.33608332599458,2.62958102334955,1.74582268705,0.340732340726466,De 1 - 5M€,De 1 a 5M€,,Plástico,28.495680666666665,0.06998299765899944,1.5432025945756873
356,CONFECCIONES ANMITEX SL,B96413117,ONTINYENT,1392,Textil,Industria,"Fabricación de artículos confeccionados con textiles, excepto prendas de vestir",1995-03-08,1995,30,Entre 25 y 50 años,DORM,Sí,Sin auditor,No,2.0,Grupo Corporativo,0,No participadas,,No consejo,No realiza actividad exterior,,,,,967.42997,268.135729,663.08974,21.3899916129032,0.312272030473324,0.0744162494779855,71.99251,421.5962,2123.43622,1900.09952,1536.53574,31,735.08225,De 1 a 5M€,De 1 - 5M€,0.117539474984973,Crece,0.277162934077802,2.19492499286538,0.43578988978396,0.346175808379119,23.7123306451613,68.4979425806452,2024-12-31,2024,1289.31417,40.86422,12.275759,311.48719,257.427429752066,178.7947,213.81284,176.704826446281,168.23379,31.12829,43.40405,276.46905,0.607182903755875,0.392817096244125,7.21114311553978,4.37848281629263,0.12221572791378,De 1 - 5M€,De 1 a 5M€,La Vall d'Albaida,Textil,13.599877419354838,0.033903777905794595,1.4568217231481508
357,VECTOR CONVEYORS SL.,B98934441,MURO DE ALCOY,2822,Maquinaria,Industria,Fabricación de maquinaria de elevación y manipulación,2017-08-04,2017,8,Menor de 10 años,Sin marca,No,Sin auditor,No,0.0,No Grupo Corporativo,1,Participadas,,No consejo,No realiza actividad exterior,,,,,8740.30425,40.06443,1052.951129,42.11804516,0.500185307306281,0.0452168149638498,395.20872,6235.06466,2105.122069,4480.08131,2143.64567,25,1476.864139,De 1 a 5M€,De 1 - 5M€,-0.530115209225968,Decrece,0.0045838713223284,0.240852264267574,0.713369292607863,0.701557482460653,59.07456556,84.20488276,2023-12-31,2023,710.85336,343.01667,270.82488,658.92176,544.563438016529,1444.13571,208.4375,172.262396694215,0.0,52.19205,323.01693,1894.619969,0.337677976240911,0.662322023759089,0.492234459045404,0.166216735966492,0.862865283714963,De 1 - 5M€,De 1 a 5M€,El comtat,Otros,249.4025864,0.1877367235942459,3.161243826086954
358,EMBUTIDOS PIMAR SL,B96329974,AGULLENT,1013,Alimentación,Industria,Elaboración de productos cárnicos y de volatería,1994-07-25,1994,31,Entre 25 y 50 años,Sin marca,No,Sin auditor,No,2.0,Grupo Corporativo,0,No participadas,,No consejo,No realiza actividad exterior,,,,,549.99432,163.29566,330.75462,27.562885,0.158235388949209,0.0998385583327479,54.91064,149.15106,2090.26958,2407.40705,1793.08425,12,385.66713,De 1 a 5M€,De 1 - 5M€,-0.131734045557439,Decrece,0.296904266211331,3.80052939455811,0.271186546071967,0.184505928656341,32.1389275,174.189131666667,2024-12-31,2024,1495.06182,18.61801,8.5378,353.0108,291.744462809917,37.44187,225.66272,186.498115702479,18.5081,36.29263,44.83043,164.789949,0.715248326964601,0.28475167303539906,39.9302123531757,28.5600175809502,0.0682630692580036,De 1 - 5M€,De 1 a 5M€,La Vall d'Albaida,Alimentación,12.429255,0.026269645085683156,1.5643292786686265
359,NAP SUMINISTROS HOSTELEROS SOCIEDAD LIMITADA.,B42961482,COCENTAINA,1723,Papel y cartón,Industria,Fabricación de artículos de papelería,2021-03-02,2021,4,Menor de 10 años,Sin marca,No,Sin auditor,No,0.0,No Grupo Corporativo,0,No participadas,,No consejo,No realiza actividad exterior,,,,,1057.41244,4.60595,324.98773,21.6658486666667,0.156661190291684,0.041063210869734,43.42075,297.03394,2074.46228,1419.24688,738.43061,15,367.55265,De 1 a 5M€,De 1 - 5M€,0.46166414683258,Crece,0.00435586893606056,1.96182889620629,0.280906417178145,0.177179721966311,24.50351,138.297485333333,2024-12-31,2024,1509.47854,8.12831,1.994449,320.23138,264.654033057851,367.80623,149.71609,123.732305785124,14.34023,35.29244,37.28689,538.32152,0.727648101656493,0.27235189834350704,4.10400481797168,2.98627131498619,0.245233650270434,De 1 - 5M€,De 1 a 5M€,El comtat,Papel y cartón,19.802262666666664,0.02093108677782273,2.138924279948799
360,HIJOS DE CRISTOBAL ALBERO SA,A03225513,BANYERES DE MARIOLA,1392,Textil,Industria,"Fabricación de artículos confeccionados con textiles, excepto prendas de vestir",1986-04-19,1986,39,Entre 25 y 50 años,ALBERGRASS,Sí,Sin auditor,No,0.0,No Grupo Corporativo,0,No participadas,,No consejo,No realiza actividad exterior,,,,,2052.01441,1119.26024,413.59758,41.359758,0.199809456220456,0.10464670177438,214.73654,863.16452,2069.95999,2463.79842,2407.36531,10,628.21167,De 1 a 5M€,De 1 - 5M€,-0.159850102509604,Decrece,0.545444629699262,1.00874534794324,0.420642523655572,0.303489764553372,62.821167,206.995999,2024-12-31,2024,1096.00377,36.33081,15.63317,175.1138,144.722148760331,1003.50635,21.35993,17.6528347107438,160.13868,178.40573,194.0389,1157.26022,0.529480654357962,0.470519345642038,1.0921742249065,0.578285123276393,0.546182375268803,De 1 - 5M€,De 1 a 5M€,L'Alcoià,Textil,86.316452,0.10373946406567984,8.198238477373312
361,JC TOYS SPAIN SL,B54203955,CASTALLA,3240,Juguete,Industria,Fabricación de juegos y juguetes,2007-01-25,2007,18,Entre 10 y 25 años,MISSY KISSY,Sí,Sin auditor,No,2.0,Grupo Corporativo,0,No participadas,,No consejo,Importador / Exportador,0.0,0.0,0.0,0.0,4046.19882,1449.05357,518.62138,37.0443842857143,0.254781155082964,0.0407396861432528,164.84087,2938.92699,2035.556279,1943.66581,1581.03592,14,675.84546,De 1 a 5M€,De 1 - 5M€,0.0472768870693876,Se mantiene,0.358127129798333,0.50307865963937,0.726342703545151,0.332020031562095,48.2746757142857,145.396877071429,2024-03-31,2024,1085.22928,109.97554,24.64068,344.4114,284.637520661157,752.01897,122.85234,101.530859504132,1.89614,54.86533,79.50601,973.57803,0.533136465543039,0.46686353445696105,1.4430876391323,0.76936264339584,0.459395616227531,De 1 - 5M€,De 1 a 5M€,,Juguete,209.92335642857142,0.0809807479658488,2.8034582003077904
363,SERIEMPLAST SL,B03900156,IBI,2222,Plástico,Industria,Fabricación de envases y embalajes de plástico,1993-12-29,1993,32,Entre 25 y 50 años,SERIEMPLAST,Sí,Sin auditor,No,0.0,No Grupo Corporativo,0,No participadas,,No consejo,No realiza actividad exterior,,,,,1587.25753,1235.27699,360.11579,25.7225564285714,0.177721079622679,0.281800868193078,447.29055,319.74623,2026.29756,1842.72716,1742.42824,14,809.886428,De 1 a 5M€,De 1 - 5M€,0.0996188714123039,Crece,0.778246104776709,1.27660289631765,0.201445716247445,0.399687806957632,57.8490305714286,144.73554,2024-12-31,2024,775.40677,359.79257,269.624839,218.20524,180.334909090909,79.36648,82.82641,68.4515785123967,0.05893,87.49798,357.122819,214.745309,0.382671718757831,0.617328281242169,9.76995288187154,3.73868466148881,0.0943838725140213,De 1 - 5M€,De 1 a 5M€,,Plástico,22.83901642857143,0.22074277679138102,2.63448868543258
364,CESAVAS SL,B54251814,BANYERES DE MARIOLA,1399,Textil,Industria,Fabricación de otros productos textiles n.c.o.p.,2007-06-11,2007,18,Entre 10 y 25 años,Sin marca,No,Sin auditor,No,0.0,No Grupo Corporativo,0,No participadas,,No consejo,Importador / Exportador,0.0,0.0,0.0,0.0,2529.10679,1999.90761,249.16576,35.5951085714286,0.122990431865715,0.184003448110627,465.36437,548.87428,2025.89548,1936.22814,1877.72636,7,721.88008,De 1 a 5M€,De 1 - 5M€,0.0463103175434687,Se mantiene,0.790756490753006,0.801032003872007,0.217022975135028,0.356326418182245,103.125725714286,289.41364,2024-12-31,2024,1105.58028,375.83491,287.72123,929.08181,767.83620661157,91.98955,372.81387,308.110636363636,0.0,89.52946,377.25069,648.25749,0.545724244372173,0.45427575562782696,12.0185421061414,6.55880980932916,0.272331482889697,De 1 - 5M€,De 1 a 5M€,L'Alcoià,Textil,78.41061142857143,0.22970798572491016,2.4920795194663783
365,TORPUNT SL,B96543418,ONTINYENT,1320,Textil,Industria,Fabricación de tejidos textiles,1996-04-26,1996,29,Entre 25 y 50 años,TORPUNT S.L.,Sí,Sin auditor,No,0.0,No Grupo Corporativo,0,No participadas,,No consejo,No realiza actividad exterior,,,,,1548.73726,408.37522,412.10388,31.7002984615385,0.204166413153754,0.0596087486136932,92.31829,423.03867,2018.47049,2196.72193,1883.62498,13,504.79931,De 1 a 5M€,De 1 - 5M€,-0.0811442893912386,Decrece,0.26368269851014,1.30330078711995,0.2731507021404,0.250090012462853,38.8307161538462,155.266960769231,2024-12-31,2024,1326.87676,13.06464,8.62936,438.26265,362.200537190083,277.97235,331.44629,273.922553719008,23.54088,79.25365,87.88301,384.78871,0.65736743072226,0.34263256927774,4.77341275130422,3.13788607610173,0.181449436732203,De 1 - 5M€,De 1 a 5M€,La Vall d'Albaida,Textil,32.541436153846156,0.04573675486333219,1.3222735122483973
366,SKATEFLASH SL.,B44970499,ONTINYENT,3099,Maquinaria,Industria,Fabricación de otro material de transporte n.c.o.p.,2023-03-31,2023,2,Menor de 10 años,Sin marca,No,Sin auditor,No,0.0,No Grupo Corporativo,0,No participadas,,No consejo,No realiza actividad exterior,,,,,3294.25993,2346.66421,451.11774,50.1241933333333,0.223558262755678,0.0805311832208699,265.29065,1371.60409,2017.89786,1262.29481,,9,714.1596,De 1 a 5M€,De 1 - 5M€,0.598594752995934,Crece,0.712349438072423,0.612549678191302,0.41636182910436,0.35391266037618,79.3510666666667,224.210873333333,2024-12-31,2024,1008.9949,179.23265,117.5183,1052.340909,869.703230578512,866.55892,18.06617,14.9307190082645,0.0,86.058,203.5763,1900.833659,0.500022781133233,0.49997721886676705,1.16436964263203,0.582211346975978,0.853031992199173,De 1 - 5M€,De 1 a 5M€,La Vall d'Albaida,Otros,152.40045444444445,0.1314688197350088,58.24925310677343
367,VICENTE PASTOR BASTAN SL,B53257796,IBI,2229,Plástico,Industria,Fabricación de otros productos de plástico,1998-02-16,1998,27,Entre 25 y 50 años,IGOT,Sí,Sin auditor,No,0.0,No Grupo Corporativo,0,No participadas,,No consejo,No realiza actividad exterior,,,,,1526.01979,887.63278,684.24059,40.2494464705882,0.342460899761685,0.11105701977823,169.47521,997.21721,1998.01084,2198.23395,1801.39137,17,855.14907,De 1 a 5M€,De 1 - 5M€,-0.0910836219229532,Decrece,0.581665313789935,1.30929549740636,0.653475935590586,0.428000215454287,50.3028864705882,117.530049411765,2024-12-31,2024,916.18859,45.80029,22.7705,283.01385,233.895743801653,228.86029,200.45953,165.669033057851,0.0,123.67492,146.445419,311.41461,0.458550360017066,0.541449639982934,4.00326587893426,1.83569901002934,0.14869138585044,De 1 - 5M€,De 1 a 5M€,,Plástico,58.659835882352944,0.08482196723216978,1.411825369439909
368,JOVIMETAL S.L.,B03962495,MURO DE ALCOY,2573,Maquinaria,Industria,Fabricación de herramientas,1994-08-05,1994,31,Entre 25 y 50 años,Sin marca,No,Sin auditor,No,0.0,No Grupo Corporativo,0,No participadas,,No consejo,No realiza actividad exterior,,,,,304.74995,44.52427,1787.39753,40.6226711363636,0.898189713567839,0.045834101039229,13.96794,13.27588,1990.0,2045.0,2215.0,44,1801.36547,De 1 a 5M€,De 1 - 5M€,-0.0268948655256723,Se mantiene,0.146100991977193,6.5299436472426,0.0435631900841985,0.905208778894472,40.9401243181818,45.2272727272727,2024-12-31,2024,66.578509,13.96794,10.47595,82.88863,68.503,90.0,30.25173,25.0014297520661,0.0,,,142.6369,0.0334565371859296,0.9665434628140704,0.739761211111111,0.0247498484682472,0.0670862162049919,De 1 - 5M€,De 1 a 5M€,El comtat,Otros,0.30172454545454547,0.007019065326633166,2.7399633012723585
369,URDIDOS GRAFER SL,B03899473,COCENTAINA,1310,Textil,Industria,Preparación e hilado de fibras textiles,1993-01-01,1993,32,Entre 25 y 50 años,Sin marca,No,Sin auditor,No,0.0,No Grupo Corporativo,0,No participadas,,No consejo,Importador,70.0,986.064212,0.0,0.0,2190.97436,1675.79694,471.87535,29.492209375,0.237127911280965,0.0518894570724232,113.68847,300.51124,1989.96123,1994.61404,2095.95684,16,581.29807,De 1 a 5M€,De 1 - 5M€,-0.0023326868791117,Se mantiene,0.764863784165872,0.908254001657965,0.137158720561203,0.292115274024711,36.331129375,124.372576875,2024-12-31,2024,1119.63792,98.48798,71.21269,852.91709,704.890157024793,796.88312,121.00377,100.003115702479,210.57638,15.20049,86.41318,1528.79644,0.562643082247386,0.437356917752614,1.40502150428284,0.790525629793554,0.704420840059439,De 1 - 5M€,De 1 a 5M€,El comtat,Textil,18.7819525,0.057130997471744716,7.048681954289544
370,DENSIFICADOS SL,B54009089,IBI,2229,Plástico,Industria,Fabricación de otros productos de plástico,2005-06-01,2005,20,Entre 10 y 25 años,STONACRIL,Sí,Sin auditor,No,0.0,No Grupo Corporativo,0,No participadas,,No consejo,Exportador,0.0,0.0,0.0,0.0,1343.79834,893.7891,841.91482,40.0911819047619,0.425699762827365,0.186714235708909,250.90628,395.29363,1977.71973,2160.68918,1642.7879,21,1092.82772,De 1 a 5M€,De 1 - 5M€,-0.0846810599569902,Decrece,0.66512144969609,1.47173848272502,0.294161421571633,0.552569559489605,52.0394152380952,94.17713,2024-12-31,2024,631.49322,158.88078,151.77111,503.9839,416.515619834711,202.73206,55.03312,45.4819173553719,0.0,92.0255,243.79661,651.68284,0.319303696282587,0.680696303717413,3.1149154208762,0.994604007493402,0.290114799269024,De 1 - 5M€,De 1 a 5M€,,Plástico,18.82350619047619,0.12686644937298572,9.157828958270953
372,EUCHEM GLOBAL INTERNATIONAL SL.,B02765618,ONTINYENT,2015,Química,Industria,Fabricación de fertilizantes y compuestos nitrogenados,2020-11-06,2020,5,Menor de 10 años,TIDIAZEC 50 WP,Sí,Sin auditor,No,2.0,Grupo Corporativo,0,No participadas,,No consejo,Importador / Exportador,0.0,0.0,0.0,0.0,813.73212,16.78386,40.63827,40.63827,0.0208014019840898,0.0157712958411916,12.83361,0.43399,1953.6313,703.14674,202.19449,1,53.47188,De 1 a 5M€,De 1 - 5M€,1.77841194286131,Crece,0.0206257803858105,2.40082854293622,0.000533332763121112,0.0273705074237908,53.47188,1953.6313,2024-12-31,2024,1767.54903,12.83361,10.08709,351.81299,290.754537190083,,734.91893,607.371016528926,0.0,,,-383.10594,0.904750568850939,0.09524943114906104,,,,De 1 - 5M€,De 1 a 5M€,La Vall d'Albaida,Otros,0.43399,0.006569105439700931,0.47870993063139655
373,HARINAS CLIMENT SL.,B54711684,COCENTAINA,1061,Alimentación,Industria,Fabricación de productos de molinería,2013-07-01,2013,12,Entre 10 y 25 años,Sin marca,No,Sin auditor,No,0.0,No Grupo Corporativo,0,No participadas,,No consejo,Importador / Exportador,0.0,0.0,0.0,0.0,1404.97671,1253.97205,200.66872,33.4447866666667,0.10397113622229,0.248452452994755,349.06991,129.11525,1930.04258,1844.61893,1508.0922,6,550.49554,De 1 a 5M€,De 1 - 5M€,0.046309646188007,Se mantiene,0.892521592048312,1.37371855793965,0.0918984984455721,0.285224557066508,91.7492566666667,321.673763333333,2024-12-31,2024,1149.51441,322.19526,248.920139,324.97578,268.575024793388,114.92095,38.77112,32.0422479338843,0.0,26.87465,275.79479,401.12561,0.595590181228022,0.404409818771978,10.0026532151013,5.95748204114327,0.182096359169187,De 1 - 5M€,De 1 a 5M€,El comtat,Alimentación,21.519208333333335,0.18086124814925067,8.381903334234336
374,SOPLADOS Y ENVASES PICO GALVAÑ SL,B53708103,CASTALLA,2222,Plástico,Industria,Fabricación de envases y embalajes de plástico,2002-11-06,2002,23,Entre 10 y 25 años,"PICO GALVAÑ, S.L. SOPLADOS Y ENVASES",Sí,Sin auditor,No,0.0,No Grupo Corporativo,0,No participadas,,No consejo,No realiza actividad exterior,,,,,2101.11731,1778.15346,542.65583,41.7427561538462,0.282857148322779,0.244900171709118,514.56399,692.43766,1918.48017,2101.11711,2006.08009,13,1057.220579,De 1 a 5M€,De 1 - 5M€,-0.0869237317285947,Decrece,0.846289472528309,0.913076181358003,0.329556877526272,0.551071934717991,81.3246599230769,147.575397692308,2024-12-31,2024,668.76567,446.70148,342.87566,329.61796,272.411537190083,166.34203,81.4967,67.3526446280992,0.0,67.86251,410.73817,414.46329,0.348591390444239,0.651408609555761,4.02042508438787,1.40148557034367,0.193591223078414,De 1 - 5M€,De 1 a 5M€,,Plástico,53.26443538461539,0.26821439076954334,4.044555914533966
375,CELUQUIMIA SOCIEDAD LIMITADA.,B09919168,BENIARRES,2041,Química,Industria,"Fabricación de jabones, detergentes y otros artículos de limpieza y abrillantamiento",2022-03-17,2022,3,Menor de 10 años,Sin marca,No,Sin auditor,No,0.0,No Grupo Corporativo,1,Participadas,,No consejo,No realiza actividad exterior,,,,,5011.21542,4385.52662,301.59565,30.159565,0.157241573682603,0.043000979191591,215.48717,3956.59563,1918.04014,1956.68495,350.21476,10,736.62725,De 1 a 5M€,De 1 - 5M€,-0.0197501442426896,Se mantiene,0.875142306295026,0.382749488745786,0.789548103282297,0.384052051173444,73.662725,191.804014,2024-12-31,2024,1142.77133,175.78441,339.40615,451.80137,373.389561983471,130.1405,226.9218,187.53867768595,252.94792,39.70276,379.10891,355.02007,0.595801571702248,0.404198428297752,8.78105839458124,5.23176839270072,0.164747013218149,De 1 - 5M€,De 1 a 5M€,,Otros,395.659563,0.11234758100526508,1.9910002917304592
376,MELBEN SA,A46190138,BENIGANIM,1621,Madera,Industria,Fabricación de chapas y tableros de madera,1982-11-19,1982,43,Entre 25 y 50 años,Sin marca,No,Sin auditor,No,0.0,No Grupo Corporativo,0,No participadas,,No consejo,No realiza actividad exterior,,,,,830.34599,476.02998,571.52476,31.7513755555556,0.298018173231705,0.174317262614829,144.74364,75.84805,1917.75137,1679.80885,1796.80974,18,716.36197,De 1 a 5M€,De 1 - 5M€,0.141648569121421,Crece,0.573291116875268,2.3095810578913,0.091345115064625,0.373542671488223,39.7978872222222,106.541742777778,2024-12-31,2024,901.63614,56.73222,41.04259,259.43282,214.407289256198,18.63704,133.05798,109.965272727273,15.05645,88.01142,129.05401,145.011879,0.470152781066714,0.529847218933286,48.3787200113323,22.7453897577757,0.0641788390582277,De 1 - 5M€,De 1 a 5M€,,Madera,4.213780555555555,0.07547570673877292,1.9497727231391828
377,TROFEOS Y MEDALLAS DEPORTIVAS SL,B53757027,IBI,2599,Metal,Industria,Fabricación de otros productos metálicos n.c.o.p.,2003-03-31,2003,22,Entre 10 y 25 años,TODOTROFEO,Sí,Sin auditor,No,0.0,No Grupo Corporativo,0,No participadas,,No consejo,Importador,5.0,66.591707,0.0,0.0,1293.19656,588.74207,434.6138,28.9742533333333,0.227685963508086,0.11010087283251,142.38207,663.0656,1908.83001,1416.51417,934.57258,15,576.99587,De 1 a 5M€,De 1 - 5M€,0.347554475928751,Crece,0.455261085754821,1.47605558895084,0.512733810550811,0.302277241544416,38.4663913333333,127.255334,2023-12-31,2023,1056.58074,85.96364,52.720649,304.54754,251.692181818182,211.69444,8.8422,7.30760330578512,21.24032,56.41843,109.139079,507.399779,0.553522699488573,0.446477300511427,4.99106514087002,2.76266785009769,0.238931186183728,De 1 - 5M€,De 1 a 5M€,,Metal,44.204373333333336,0.0745912780363297,34.4425075207528
378,TRITURATS DE FIBRES SL,B97187801,ONTINYENT,1310,Textil,Industria,Preparación e hilado de fibras textiles,2002-02-19,2002,23,Entre 10 y 25 años,Sin marca,No,Sin auditor,No,2.0,Grupo Corporativo,0,No participadas,,No consejo,No realiza actividad exterior,,,,,3319.88467,1933.78567,533.85918,26.692959,0.281703302804013,0.105703912901288,350.9248,1792.77019,1895.11154,1910.82319,1948.76496,20,884.78398,De 1 a 5M€,De 1 - 5M€,-0.00822245097412699,Se mantiene,0.582485797616578,0.570836558608525,0.540009779918048,0.46687699448023,44.239199,94.755577,2024-12-31,2024,143.55142,43.00662,29.33536,1464.29689,1210.16271900826,10.6121,0.0,0.0,141.92917,307.91818,337.25354,1474.90899,0.075748269677045,0.924251730322955,13.5271454283318,1.02465785986588,0.644170431788023,De 1 - 5M€,De 1 a 5M€,La Vall d'Albaida,Textil,89.6385095,0.18517369167621658,
379,CALATAYUD FERRE SL,B53136362,BANYERES DE MARIOLA,1392,Textil,Industria,"Fabricación de artículos confeccionados con textiles, excepto prendas de vestir",1996-09-11,1996,29,Entre 25 y 50 años,EL AGUILA,Sí,Sin auditor,No,0.0,No Grupo Corporativo,0,No participadas,,No consejo,No realiza actividad exterior,,,,,1610.57382,1365.85573,627.54144,28.5246109090909,0.333735040470426,0.209208380153603,336.94554,1014.50343,1880.35826,1488.36132,1533.34133,22,964.48698,De 1 a 5M€,De 1 - 5M€,0.263374850402589,Crece,0.848055340921908,1.16750827354191,0.629901850757763,0.512927243981687,43.8403172727273,85.47083,2023-12-31,2023,483.77519,268.642,200.15625,394.88355,326.350041322314,36.91556,53.46178,44.1832892561983,16.97541,68.30354,268.45979,378.337329,0.257278200804138,0.742721799195862,13.1049126709713,3.37160835368284,0.169692296863745,De 1 - 5M€,De 1 a 5M€,L'Alcoià,Textil,46.113792272727274,0.17919220351126067,7.386277636098169
380,TRITEXCO SL,B46413001,ONTINYENT,1399,Textil,Industria,Fabricación de otros productos textiles n.c.o.p.,1987-03-31,1987,38,Entre 25 y 50 años,Sin marca,No,Sin auditor,No,2.0,Grupo Corporativo,0,No participadas,,No consejo,Importador,0.0,0.0,0.0,0.0,2824.70607,1657.93916,290.07232,29.007232,0.154714373320221,0.0395175204901939,111.62538,1014.35511,1874.88928,1730.28219,2883.67225,10,417.44722,De 1 a 5M€,De 1 - 5M€,0.083574281025224,Crece,0.586942187581308,0.663746681437903,0.359101118793574,0.22265166506259,41.744722,187.488928,2024-12-31,2024,1067.79261,51.02979,8.139429,605.00498,500.004115702479,1190.25185,208.30211,172.150504132231,534.30891,60.59559,68.735019,1586.95472,0.569523022714173,0.430476977285827,0.897114850105043,0.510927561153596,0.809704059735329,De 1 - 5M€,De 1 a 5M€,La Vall d'Albaida,Textil,101.43551099999999,0.05953705170259441,2.9044592011093937
381,BELLAS ARTES LEVANTE SL.,B54746433,MURO DE ALCOY,1629,Madera,Industria,"Fabricación de otros productos de madera; artículos de corcho, cestería y espartería",2013-09-13,2013,12,Entre 10 y 25 años,Sin marca,No,Sin auditor,No,0.0,No Grupo Corporativo,0,No participadas,,No consejo,No realiza actividad exterior,,,,,962.54654,287.56331,144.46643,14.446643,0.0773365743785026,0.0443756620848692,42.71364,383.93142,1868.022099,1607.16813,1418.35623,10,187.24877,De 1 a 5M€,De 1 - 5M€,0.162306583941532,Crece,0.298752629665055,1.94070834122992,0.398870500329262,0.100239055041286,18.724877,186.8022099,2024-12-31,2024,1466.89139,39.94143,14.40118,276.72046,228.694595041322,231.1286,131.74697,108.88179338843,33.93198,2.77221,17.17339,376.10209,0.785264473469165,0.21473552653083505,6.34664593650461,4.98379557962451,0.187867906830846,De 1 - 5M€,De 1 a 5M€,El comtat,Madera,38.393142,0.0228657037959378,2.100393352499864
382,INDUSTRIAS BUZMA SL,B03690815,ONIL,2229,Plástico,Industria,Fabricación de otros productos de plástico,1991-05-31,1991,34,Entre 25 y 50 años,Sin marca,No,Sin auditor,No,2.0,Grupo Corporativo,0,No participadas,,No consejo,Exportador,0.0,0.0,0.0,0.0,1474.55343,1293.90188,301.47239,37.68404875,0.162454088843021,0.114477309242026,168.802909,70.21741,1855.73901,1853.48694,1912.9029,8,470.2753,De 1 a 5M€,De 1 - 5M€,0.00121504497895186,Se mantiene,0.877487281013615,1.25850916775528,0.0476194409584738,0.253416723723451,58.7844125,231.96737625,2024-12-31,2024,1175.57252,158.03411,122.191689,704.99669,582.641892561983,282.5,43.17852,35.6847272727273,0.0,10.7688,132.960489,944.318169,0.633479446013262,0.366520553986738,4.16131865486726,2.63610983616996,0.446968652822175,De 1 - 5M€,De 1 a 5M€,,Plástico,8.77717625,0.09096263434156078,16.327486213052204
383,MODACOLOR ESTAMPADOS SL,B96364575,AGULLENT,1330,Textil,Industria,Acabado de textiles,1994-12-16,1994,31,Entre 25 y 50 años,Sin marca,No,Sin auditor,No,2.0,Grupo Corporativo,0,No participadas,,No consejo,No realiza actividad exterior,,,,,1156.90945,676.6768,702.68769,58.5573075,0.37950231118364,0.0443285081645759,51.28407,198.18023,1851.60319,2018.78103,2595.56567,12,751.16535,De 1 a 5M€,De 1 - 5M€,-0.0828112794382658,Decrece,0.584900399940548,1.60047373629803,0.1713014186201,0.405683763160939,62.5971125,154.300265833333,2024-12-31,2024,732.66492,10.48469,2.329399,323.54452,267.392165289256,371.9146,207.44151,171.43926446281,0.0,40.79938,43.12878,488.01761,0.395692189318382,0.604307810681618,1.96998160330355,0.77950633352812,0.25268237997929,De 1 - 5M€,De 1 a 5M€,La Vall d'Albaida,Textil,16.515019166666665,0.027697116896844405,1.5596903435575629
384,MARINA & PAU SL.,B42671990,ONIL,3240,Juguete,Industria,Fabricación de juegos y juguetes,2019-10-03,2019,6,Menor de 10 años,NENOTE,Sí,Sin auditor,No,0.0,No Grupo Corporativo,0,No participadas,,No consejo,Exportador,0.0,0.0,0.0,0.0,1105.28563,649.28032,388.42255,35.3111409090909,0.210783953623624,0.130206162184521,143.915,37.89665,1842.75199,2216.1503,2009.51395,11,532.526419,De 1 a 5M€,De 1 - 5M€,-0.168489614625867,Decrece,0.587432155432981,1.66721790276057,0.0342867481231978,0.288984313618893,48.4114926363636,167.522908181818,2024-12-31,2024,970.82636,127.76724,98.0498,644.13579,532.343628099174,9.7225,293.07469,242.210487603306,8.92056,16.14776,114.19756,360.7836,0.5268350625957,0.4731649374043,99.8535726407817,52.6063631926105,0.162721647906547,De 1 - 5M€,De 1 a 5M€,,Juguete,3.44515,0.0780978670927931,2.1978553999323514
385,TROQUEL 9 SL.,B98188378,BOCAIRENT,1721,Papel y Cartón,Industria,Fabricación de papel y cartón ondulados; fabricación de envases y embalajes de papel y cartón,2009-10-01,2009,16,Entre 10 y 25 años,Sin marca,No,Sin auditor,No,2.0,Grupo Corporativo,0,No participadas,,No consejo,No realiza actividad exterior,,,,,821.66448,66.01939,636.13815,27.6581804347826,0.34667665394507,0.0126946950414602,10.43078,50.87491,1834.96103,1651.17248,1729.14373,23,646.56893,De 1 a 5M€,De 1 - 5M€,0.111307905277104,Crece,0.0803483558155027,2.23322423527423,0.0619168909431256,0.352361123440316,28.1116926086957,79.7809143478261,2022-12-31,2022,669.02139,8.28377,6.21283,561.49152,464.042578512397,127.09204,252.32874,208.536148760331,0.0,2.14701,8.35984,436.25482,0.364597056320046,0.635402943679954,5.2640699606364,1.91926441191081,0.208504956506933,De 1 - 5M€,De 1 a 5M€,,Papel y cartón,2.2119526086956522,0.005684469495245902,2.2252380763285196
386,SOGAR PUERTAS METALICAS SL,B96517511,LA POBLA DEL DUC,2512,Metal,Industria,Fabricación de carpintería metálica,1996-02-19,1996,29,Entre 25 y 50 años,SOGAR,Sí,Sin auditor,No,2.0,Grupo Corporativo,0,No participadas,,No consejo,No realiza actividad exterior,,,,,1618.69105,1261.05753,629.0934,29.9568285714286,0.34362987456941,0.192439995884329,311.500899,1085.8973,1830.72965,1717.986119,1400.69219,21,939.33094,De 1 a 5M€,De 1 - 5M€,0.0656254027626402,Crece,0.779060049785288,1.13099386692723,0.670849017173475,0.513091018108545,44.7300447619048,87.1776023809524,2024-12-31,2024,743.88389,273.71935,208.35489,192.86303,159.390933884298,133.19729,79.8528,65.9940495867769,0.0,37.78155,246.13644,246.20752,0.406331917986908,0.593668082013092,5.58482751413336,2.26929367544386,0.123772603069776,De 1 - 5M€,De 1 a 5M€,,Metal,51.70939523809524,0.1701512285006145,2.415231901699132
387,CALATAYUD PUERTO SL.,B54875182,BANYERES DE MARIOLA,1320,Textil,Industria,Fabricación de tejidos textiles,2015-08-01,2015,10,Mayor de 50 años,Sin marca,No,Sin auditor,No,2.0,Grupo Corporativo,0,No participadas,,No consejo,Importador,0.0,0.0,0.0,0.0,1064.45328,442.86436,122.50474,24.500948,0.0672223513999866,0.0752247764223151,80.07326,364.76703,1822.38106,1990.27754,1957.56836,5,202.578,De 1 a 5M€,De 1 - 5M€,-0.0843583252213157,Decrece,0.416048659270419,1.71203480156499,0.342680169109912,0.111161164065215,40.5156,364.476212,2024-12-31,2024,1531.62161,48.11907,31.04312,463.60769,383.146851239669,107.00363,591.32768,488.700561983471,0.0,31.95419,62.99731,-20.716359,0.840450794632381,0.15954920536761896,14.3137350573995,12.0299900031487,0.000795618044997883,De 1 - 5M€,De 1 a 5M€,L'Alcoià,Textil,72.953406,0.04393881266522821,0.7840114807411004
389,ROTOMOLDING SILCO SL,B54083480,ONIL,3240,Juguete,Industria,Fabricación de juegos y juguetes,2006-02-03,2006,19,Entre 10 y 25 años,Sin marca,No,Sin auditor,No,2.0,Grupo Corporativo,0,No participadas,,No consejo,Importador / Exportador,0.0,0.0,0.0,0.0,578.81368,203.17369,901.21261,27.309473030303,0.496570680010183,0.0964608663015705,55.832869,51.6794,1814.872779,1644.45548,1483.0082,33,957.17003,De 1 a 5M€,De 1 - 5M€,0.103631445832757,Crece,0.351017429304712,3.13550429388607,0.0892850355575563,0.527403375639037,29.0051524242424,54.9961448181818,2024-12-31,2024,672.37543,43.01696,13.73756,117.94711,97.4769504132231,406.79149,83.58702,69.0801818181818,102.14082,12.81591,26.55347,441.151579,0.370480750926509,0.629519249073491,1.65287486717089,0.612358321977026,0.239789953119927,De 1 - 5M€,De 1 a 5M€,,Juguete,1.5660424242424242,0.03076406767793612,1.411069685221461
390,WOOD LOGISTICS 2018 SOCIEDAD LIMITADA.,B40506115,ONTINYENT,1623,Madera,Industria,Fabricación de otras estructuras de madera y piezas de carpintería y ebanistería para la construcción,2018-06-08,2018,7,Menor de 10 años,Sin marca,No,Sin auditor,No,2.0,Grupo Corporativo,0,No participadas,,No consejo,No realiza actividad exterior,,,,,236.46393,-161.15439,202.53301,40.506602,0.111931051585361,-0.720406279300188,-170.3501,53.60894,1809.44436,1130.2353,495.20127,5,32.18299,De 1 a 5M€,De 1 - 5M€,0.600944829806678,Crece,-0.681517853484039,7.65209459218579,0.226710856070099,0.0177861175018391,6.436598,361.888872,2022-12-31,2022,1618.01957,-174.76732,-175.07253,67.57099,55.8437933884298,40.125,360.03115,297.546404958678,0.0,4.41722,-170.65531,-252.33516,0.894207971114403,0.10579202888559702,40.3244752647975,36.0584672127875,-0.111403045059782,De 1 - 5M€,De 1 a 5M€,La Vall d'Albaida,Madera,10.721788,-0.09414497829598917,0.1876809548284919
391,VAYFESA SA,A03263555,BANYERES DE MARIOLA,1392,Textil,Industria,"Fabricación de artículos confeccionados con textiles, excepto prendas de vestir",1986-12-12,1986,39,Entre 25 y 50 años,VF VAYFESA S.A.,Sí,Sin auditor,No,2.0,Grupo Corporativo,0,No participadas,,No consejo,Importador / Exportador,0.0,0.0,0.0,0.0,1478.14374,1050.93434,404.74794,31.1344569230769,0.225102730081551,0.0718252942031199,106.168109,277.08123,1798.058779,2024.66762,1847.04371,13,512.93794,De 1 a 5M€,De 1 - 5M€,-0.11192397150106,Decrece,0.710982505666195,1.21643026340591,0.187452155363456,0.285273176823103,39.4567646153846,138.312213769231,2024-12-31,2024,1010.96124,69.4794,47.04454,369.4564,305.335867768595,218.92526,217.41748,179.683867768595,46.9556,36.68871,83.73325,370.96418,0.562251496896142,0.43774850310385804,4.61783733864242,2.5963859560746,0.191638484806174,De 1 - 5M€,De 1 a 5M€,L'Alcoià,Textil,21.31394076923077,0.05904596125553024,1.699294831307952
393,ART FUSTPI SL,B96726914,QUATRETONDA,1623,Madera,Industria,Fabricación de otras estructuras de madera y piezas de carpintería y ebanistería para la construcción,1998-02-05,1998,27,Entre 25 y 50 años,Sin marca,No,Sin auditor,No,0.0,No Grupo Corporativo,0,No participadas,,No consejo,No realiza actividad exterior,,,,,1064.70037,736.86529,511.88074,28.4378188888889,0.287623814307124,0.227226078638444,241.92769,506.32326,1779.68831,1603.112,2483.47638,18,754.17183,De 1 a 5M€,De 1 - 5M€,0.110145959858076,Crece,0.692087004722277,1.67153911104586,0.475554695261353,0.423766243651957,41.898435,98.8715727777778,2024-12-31,2024,823.18402,177.61631,131.8329,379.06274,313.274991735537,30.54,214.95412,177.648033057851,0.0,64.31138,196.14428,194.64862,0.462543927144186,0.537456072855814,26.9542901113294,12.467543201478,0.093368573442889,De 1 - 5M€,De 1 a 5M€,,Madera,28.12907,0.13593823628588086,1.7634588255391443
394,IMAGINDARE SL.,B42592600,IBI,2229,Plástico,Industria,Fabricación de otros productos de plástico,2018-07-30,2018,7,Menor de 10 años,Sin marca,No,Sin auditor,No,0.0,No Grupo Corporativo,0,No participadas,,No consejo,Importador / Exportador,0.0,0.0,0.0,0.0,670.31691,362.38852,540.25911,41.5583930769231,0.30477911029051,0.279863460404124,187.59721,357.0163,1772.62513,1590.19022,2205.33104,13,727.86344,De 1 a 5M€,De 1 - 5M€,0.114725211930935,Crece,0.540622673535119,2.64445832046815,0.53260822556304,0.410613291937252,55.9894953846154,136.355779230769,2024-12-31,2024,669.26578,162.16076,107.26189,191.02148,157.868991735537,7.05334,22.27858,18.4120495867769,45.1638,25.43645,132.69834,175.79624,0.377556296970697,0.6224437030293031,94.8863630563676,35.8249438685793,0.0826515881272429,De 1 - 5M€,De 1 a 5M€,,Plástico,27.462792307692308,0.105830165005051,8.574221516811187
395,HOGAR RIS SL,B46250767,ALBAIDA,1320,Textil,Industria,Fabricación de tejidos textiles,1984-12-10,1984,41,Entre 25 y 50 años,Sin marca,No,Sin auditor,No,0.0,No Grupo Corporativo,0,No participadas,,No consejo,Importador,16.0,211.5082816,0.0,0.0,1086.42112,748.35873,394.36657,30.33589,0.222964609181314,0.0480445833011788,52.19665,137.21155,1768.74066,1683.19938,1713.0699,13,446.8139,De 1 a 5M€,De 1 - 5M€,0.0508206460960079,Crece,0.688829327986555,1.62804333185275,0.126296835981981,0.252616966469239,34.3703,136.056973846154,2024-12-31,2024,1103.49789,35.4129,27.098699,287.4511,237.562892561983,336.2503,284.79273,235.365892561983,0.0,16.78375,43.88245,338.908669,0.623889027348984,0.376110972651016,3.2817751835463,2.04746352724074,0.191349307252314,De 1 - 5M€,De 1 a 5M€,La Vall d'Albaida,Textil,10.554734615384614,0.02951062933104054,1.0093344026022013
396,EUROPLASTICOS EXPOSITO SL,B53110243,IBI,2229,Plástico,Industria,Fabricación de otros productos de plástico,1996-04-25,1996,29,Entre 25 y 50 años,Sin marca,No,Sin auditor,No,2.0,Grupo Corporativo,1,Participadas,,No consejo,No realiza actividad exterior,,,,,3842.84216,1742.75763,163.58053,32.716106,0.0925705016761669,0.147290571778259,566.014419,758.02759,1767.09132,1939.39194,2041.01764,5,729.99435,De 1 a 5M€,De 1 - 5M€,-0.0888425987786666,Decrece,0.453507471147345,0.459839682824756,0.19725701926826,0.413105051073422,145.99887,353.418264,2024-12-31,2024,858.8613,547.04421,388.826279,915.19899,756.362801652893,9.64167,231.06546,190.963190082645,394.34236,18.97021,407.79649,693.7752,0.486031078461751,0.513968921538249,89.0780642772466,43.2947076479554,0.325416844654213,De 1 - 5M€,De 1 a 5M€,,Plástico,151.60551800000002,0.32030852768831436,3.960777997715447
397,CARPINTERIA J.L. PASCUAL SL.,B54195235,COCENTAINA,2512,Metal,Industria,Fabricación de carpintería metálica,2007-01-08,2007,18,Entre 10 y 25 años,Sin marca,No,Sin auditor,No,2.0,Grupo Corporativo,0,No participadas,,No consejo,No realiza actividad exterior,,,,,1253.0554,657.03103,541.36533,41.6434869230769,0.306488235912275,0.328648086908209,411.81426,219.60622,1766.34946,1907.41094,1489.1984,13,953.39422,De 1 a 5M€,De 1 - 5M€,-0.0739544253636293,Decrece,0.524343161523425,1.40963397149081,0.175256592805075,0.539754019003691,73.3380169230769,135.873035384615,2024-12-31,2024,800.21427,385.08648,286.25212,493.24184,407.637884297521,35.8613,272.08801,224.866123966942,38.35191,26.72778,312.9799,257.01513,0.453032816054418,0.5469671839455821,22.3141456110069,10.1090402240028,0.123776786690092,De 1 - 5M€,De 1 a 5M€,El comtat,Metal,16.892786153846153,0.23314427259484655,1.8128025560553025
398,FUNDICIONES VARI SL,B53803409,ONIL,2454,Metal,Industria,Fundición de otros metales no férreos,2003-09-19,2003,22,Entre 10 y 25 años,Sin marca,No,Sin auditor,No,0.0,No Grupo Corporativo,0,No participadas,,No consejo,Importador,0.0,0.0,0.0,0.0,3253.8979,457.21526,453.61714,26.6833611764706,0.258989667867437,0.0533296020136342,173.52908,1470.14933,1751.4874,1733.78547,1486.77829,17,628.10994,De 1 a 5M€,De 1 - 5M€,0.0102099886671676,Se mantiene,0.140513093542363,0.538273619464212,0.451811757830508,0.358615163317761,36.9476435294118,103.028670588235,2024-12-31,2024,1035.58266,103.17599,50.87994,178.43208,147.46452892562,1578.7175,419.79311,346.936454545455,273.51365,70.35309,121.23303,1337.35647,0.591258983650125,0.40874101634987503,0.655964515500715,0.3878449127455,0.787471022846162,De 1 - 5M€,De 1 a 5M€,,Metal,86.47937235294117,0.09907526597108263,0.42504766216863343
399,TEJIDOS CAVITEX SL,B03814621,COCENTAINA,1320,Textil,Industria,Fabricación de tejidos textiles,1992-12-01,1992,33,Entre 25 y 50 años,MOMPO S BY CAVITEX,Sí,Sin auditor,No,0.0,No Grupo Corporativo,0,No participadas,,No consejo,Importador / Exportador,29.0,384.4832528,0.0,0.0,1504.45281,694.6761,350.81693,38.9796588888889,0.200309952701954,0.0496824622900601,74.74492,654.86275,1751.37044,1454.11705,1456.81159,9,425.56612,De 1 a 5M€,De 1 - 5M€,0.20442191362793,Crece,0.461746686491283,1.16412454306227,0.435283011635307,0.242990352172439,47.2851244444444,194.596715555556,2024-12-31,2024,962.09516,74.74492,17.43545,21.78354,18.0029256198347,818.8751,297.94186,246.23294214876,0.0,,,542.71678,0.549338471191737,0.45066152880826305,1.1748985406932,0.645416968149807,0.337247374959163,De 1 - 5M€,De 1 a 5M€,El comtat,Textil,72.76252777777778,0.04267796137977525,0.07311339198862495
400,REMEDIOS PLA SOCIEDAD LIMITADA,B98332752,ONTINYENT,1439,Textil,Industria,Confección de otras prendas de vestir de punto,2011-03-10,2011,14,Entre 10 y 25 años,Sin marca,No,Sin auditor,No,2.0,Grupo Corporativo,0,No participadas,,No consejo,Exportador,0.0,0.0,0.0,0.0,1079.38347,181.0491,192.90576,24.11322,0.110309262769627,0.0277627746142898,29.96668,84.12461,1748.77209,1874.96599,1896.38069,8,222.87244,De 1 a 5M€,De 1 - 5M€,-0.0673046341496573,Decrece,0.167733808263712,1.62015830203514,0.0779376489803017,0.127445103495447,27.859055,218.59651125,2024-12-31,2024,1338.62491,20.18938,9.87611,455.83378,376.722132231405,428.61945,535.6273,442.667190082645,3.33335,9.7773,19.65341,348.825929,0.765465618793127,0.23453438120687298,3.12310817906187,2.39063193484347,0.207388026274344,De 1 - 5M€,De 1 a 5M€,La Vall d'Albaida,Textil,10.51557625,0.01713584072582037,0.8510279069046699
402,METALSANZ SL,B96021738,ONTINYENT,2511,Metal,Industria,Fabricación de estructuras metálicas y sus componentes,1991-11-22,1991,34,Entre 25 y 50 años,Sin marca,No,Sin auditor,No,0.0,No Grupo Corporativo,0,No participadas,,No consejo,No realiza actividad exterior,,,,,1451.68571,1015.86282,470.87314,31.3915426666667,0.270421408066905,0.280270148832697,406.86417,25.36214,1741.25689,1413.91245,1245.94963,15,877.737309,De 1 a 5M€,De 1 - 5M€,0.231516767533945,Crece,0.699781511247362,1.1994723637529,0.0174708201818698,0.504082604950956,58.5158206,116.083792666667,2024-12-31,2024,648.15898,394.47208,298.58443,685.20462,566.284809917355,38.35819,198.07844,163.701190082645,19.2,12.39209,310.97652,525.48437,0.372236275831764,0.627763724168236,16.8975381789391,6.28987668245334,0.253231911021877,De 1 - 5M€,De 1 a 5M€,La Vall d'Albaida,Metal,1.6908093333333334,0.2336611974583486,3.459258968315774
403,TRATAMIENTOS INDUSTRIALES CODOPI SOCIEDAD LIMITADA.,B40554297,ONTINYENT,2550,Metal,Industria,"Forja, estampación y embutición de metales; metalurgia de polvos",2019-01-14,2019,6,Menor de 10 años,Sin marca,No,Sin auditor,No,5.0,Grupo Corporativo,0,No participadas,,No consejo,Importador,0.0,0.0,0.0,0.0,1399.43033,575.84246,488.89284,37.6071415384615,0.281997142587065,0.116864188587366,163.54329,682.67683,1733.68012,1077.95245,604.98615,13,652.43613,De 1 a 5M€,De 1 - 5M€,0.608308529750083,Crece,0.411483478423681,1.23884703856604,0.487824806541102,0.376330167528252,50.1873946153846,133.360009230769,2023-12-31,2023,1020.26532,82.89769,56.80601,469.30629,387.856438016529,229.55699,235.59442,194.706132231405,78.68118,80.6456,137.45161,463.26886,0.588496867576701,0.41150313242329895,4.44449685457193,2.61557247687008,0.243820812679749,De 1 - 5M€,De 1 a 5M€,La Vall d'Albaida,Metal,52.51360230769231,0.09433302494118696,1.9920093608329092
404,ABAD INTEGRACION DE PROCESOS INDUSTRIALES SL,B54150339,IBI,2229,Plástico,Industria,Fabricación de otros productos de plástico,2006-08-02,2006,19,Entre 10 y 25 años,Sin marca,No,Sin auditor,No,2.0,Grupo Corporativo,0,No participadas,,No consejo,Importador,0.0,0.0,0.0,0.0,1133.90026,464.57899,390.89911,39.089911,0.225528413728357,0.0836933400121101,94.8999,508.2445,1733.25881,1616.27126,975.86371,10,485.79901,De 1 a 5M€,De 1 - 5M€,0.0723811360724189,Crece,0.409717685398538,1.52858136746525,0.448226813176672,0.280280710068913,48.579901,173.325881,2023-12-31,2023,1100.62291,63.994,45.96177,340.15033,281.115975206612,88.87892,382.36142,316.001173553719,18.3615,30.9059,76.86767,46.66783,0.635002057194217,0.364997942805783,12.3833965354214,7.86348227504436,0.0311515633680192,De 1 - 5M€,De 1 a 5M€,,Plástico,50.82445,0.05475229634055632,0.8896042126844296
405,INYECTADOS NEILA S.L.,B53124335,IBI,2229,Plástico,Industria,Fabricación de otros productos de plástico,1996-07-02,1996,29,Entre 25 y 50 años,Sin marca,No,Sin auditor,No,0.0,No Grupo Corporativo,0,No participadas,,No consejo,No realiza actividad exterior,,,,,1982.33819,1019.96129,652.64066,36.2578144444444,0.376665518758728,0.220358807696683,436.82568,1124.18368,1732.679599,1912.27917,2132.4581,18,1089.46634,De 1 a 5M€,De 1 - 5M€,-0.0939191169456707,Decrece,0.514524360749969,0.874058527319196,0.567099844855433,0.628775418507135,60.5259077777778,96.2599777222222,2024-12-31,2024,361.62213,255.92877,161.08309,211.40878,174.718,68.16039,95.15424,78.639867768595,16.69374,180.89691,341.98,184.41493,0.208706866640957,0.7912931333590429,5.30545863954123,1.10728564875185,0.0947887435889438,De 1 - 5M€,De 1 a 5M€,,Plástico,62.4546488888889,0.252109899748407,2.221748395026854
406,LUIS HERNANDEZ LOPEZ SL,B03030525,COCENTAINA,1392,Textil,Industria,"Fabricación de artículos confeccionados con textiles, excepto prendas de vestir",1971-10-20,1971,54,Mayor de 50 años,SABANALIA,Sí,Sin auditor,No,0.0,No Grupo Corporativo,0,No participadas,,No consejo,Importador,34.0,451.25183214,0.0,0.0,1315.36597,1155.91312,310.9492,34.5499111111111,0.179582111150091,0.0756630035061649,99.52454,95.17562,1731.51545,2034.35865,1970.20264,9,404.304179,De 1 a 5M€,De 1 - 5M€,-0.148864213298869,Decrece,0.87877681676682,1.31637543428313,0.0723567601494206,0.233497297988303,44.9226865555556,192.390605555556,2024-12-31,2024,873.4018,77.57672,50.034279,97.60045,80.6615289256198,842.53251,44.79538,37.0209752066116,23.3876,21.94782,71.982099,895.33758,0.504414673285185,0.49558532671481503,1.036638693028,0.522895767658499,0.511790445600129,De 1 - 5M€,De 1 a 5M€,El comtat,Textil,10.575068888888888,0.0574782858564733,2.178806162599801
407,PENADES Y UREÑA SL,B46219671,ONTINYENT,1812,Artes gráficas,Industria,Otras actividades de impresión y artes gráficas,1983-12-29,1983,42,Entre 25 y 50 años,Sin marca,No,CROWE ACR S.L.P.,Sí,0.0,No Grupo Corporativo,0,No participadas,,No consejo,No realiza actividad exterior,,,,,2467.07385,477.37183,855.05794,25.9108466666667,0.495308153739188,0.0204903756731887,50.55127,1061.900399,1726.31509,1723.07069,1865.75665,33,905.630519,De 1 a 5M€,De 1 - 5M€,0.00188291752557168,Se mantiene,0.193497178854212,0.699741959487755,0.430429108962425,0.524603257102966,27.4433490606061,52.3125784848485,2024-12-31,2024,665.38269,1.64943,-18.21836,688.59924,569.090280991736,716.57421,116.52661,96.3029834710744,441.10074,48.90184,30.683479,1288.646839,0.385435250988856,0.614564749011144,0.928560755765966,0.357900047957057,0.688959688998989,De 1 - 5M€,De 1 a 5M€,La Vall d'Albaida,Otros,32.178799969696975,0.029282759730727952,5.909373318248942
408,PLASTICOS EL PLA SL,B46687059,COCENTAINA,2016,Metal,Industria,Fabricación de plásticos en formas primarias,1990-03-20,1990,35,Entre 25 y 50 años,Sin marca,No,Sin auditor,No,3.0,Grupo Corporativo,0,No participadas,,No consejo,No realiza actividad exterior,,,,,2016.51805,199.88056,451.60271,41.0547918181818,0.262414868211698,0.0525098151241443,105.88699,1328.23057,1720.9494,1561.26244,1898.08671,11,557.4897,De 1 a 5M€,De 1 - 5M€,0.102280664613952,Crece,0.0991216319635721,0.853426231419054,0.658675269482463,0.323943109541745,50.6808818181818,156.449945454545,2024-12-31,2024,735.06121,19.48405,-15.366949,284.23483,234.904818181818,370.27191,373.65356,308.804595041322,9.53588,86.40294,71.03599,280.85318,0.427125405314067,0.572874594685933,1.98519301666713,0.847926371870603,0.1722143214324,De 1 - 5M€,De 1 a 5M€,El comtat,Metal,120.74823363636364,0.06152824133004724,0.7606908120987796
409,TEXTILES PONGAL SL,B46167060,ALBAIDA,1320,Textil,Industria,Fabricación de tejidos textiles,1982-02-01,1982,43,Entre 25 y 50 años,PONGAL CLEANING PRODUCTS,Sí,Sin auditor,No,2.0,Grupo Corporativo,0,No participadas,,No consejo,Importador / Exportador,0.0,0.0,0.0,0.0,835.56218,437.2231,226.48856,37.7480933333333,0.13177369091658,0.110564901345822,92.38385,152.58654,1718.76919,1790.79002,1619.76361,6,318.87285,De 1 a 5M€,De 1 - 5M€,-0.0402173505523556,Se mantiene,0.52326817855734,2.05702128595624,0.182615421870818,0.18552395042641,53.145475,286.461531666667,2024-12-31,2024,1026.29956,72.906,51.721219,213.83563,176.723661157025,124.53132,233.76739,193.196190082645,0.0,19.47785,71.199069,104.59956,0.59711307717821,0.40288692282178995,8.24129672760234,4.92098604895735,0.0628698674045816,De 1 - 5M€,De 1 a 5M€,La Vall d'Albaida,Textil,25.43109,0.05375000351268805,0.9147367817213506
410,PLASTICOS BORONAT SL,B96968979,ALBAIDA,2229,Plástico,Industria,Fabricación de otros productos de plástico,2000-03-13,2000,25,Mayor de 50 años,Sin marca,No,Sin auditor,No,0.0,No Grupo Corporativo,0,No participadas,,No consejo,Importador,98.0,1337.14988582,0.0,0.0,1236.68533,860.24954,191.18299,38.236598,0.112457088311207,0.116787396515814,144.42926,29.31994,1700.052819,1585.41131,1895.00549,5,335.61416,De 1 a 5M€,De 1 - 5M€,0.0723102631329153,Crece,0.695609076239305,1.37468503730047,0.023708488561112,0.197413960465895,67.122832,340.0105638,2023-12-31,2023,1211.25636,138.85057,103.19084,477.59431,394.706041322314,356.74008,144.28128,119.240727272727,0.0,5.57869,108.76953,690.05311,0.712481604373023,0.287518395626977,3.39534699885698,2.41912227714875,0.371873971787218,De 1 - 5M€,De 1 a 5M€,La Vall d'Albaida,Plástico,5.863988,0.08495574866018324,3.310161304363262
411,CANTOPLAST SL.,B98367816,ONTINYENT,1721,Papel y Cartón,Industria,Fabricación de papel y cartón ondulados; fabricación de envases y embalajes de papel y cartón,2011-07-15,2011,14,Entre 10 y 25 años,Sin marca,No,Sin auditor,No,0.0,No Grupo Corporativo,0,No participadas,,No consejo,No realiza actividad exterior,,,,,1184.71214,211.94404,310.90039,38.86254875,0.183058986606976,0.0844277327992942,100.02256,612.10969,1698.3618,1770.28327,2125.38488,8,411.17199,De 1 a 5M€,De 1 - 5M€,-0.0406270969278267,Se mantiene,0.17889918811839,1.43356495021651,0.516673771908845,0.242099174628162,51.39649875,212.295225,2024-12-31,2024,1099.06475,49.71299,3.70579,129.03022,106.636545454545,437.87691,462.04217,381.853033057851,213.06008,50.30957,54.01536,104.86496,0.647132283592342,0.352867716407658,2.50998562586915,1.62429272985266,0.0957748946053157,De 1 - 5M€,De 1 a 5M€,La Vall d'Albaida,Papel y cartón,76.51371125,0.05889355259874545,0.2792607003815248
412,FEPOSIL SL,B03414943,AGRES,1391,Textil,Industria,Fabricación de tejidos de punto,1988-12-22,1988,37,Entre 25 y 50 años,Sin marca,No,Sin auditor,No,2.0,Grupo Corporativo,0,No participadas,,No consejo,No realiza actividad exterior,,,,,1467.61495,843.64627,217.64575,27.20571875,0.128478960452506,-0.15624083823894,-229.30139,441.74527,1694.01861,1976.20186,2293.727469,8,-11.423679,De 1 a 5M€,De 1 - 5M€,-0.14279070155313,Decrece,0.574841698089816,1.15426638983202,0.300995346224839,-0.00674353807718795,-1.427959875,211.75232625,2024-12-31,2024,1437.05569,-268.08746,-208.13552,334.08035,276.099462809917,651.48335,300.8606,248.645123966942,0.0,38.78607,-169.349449,684.7031,0.848311631003865,0.15168836899613503,2.2058210543677,1.87122365633333,0.400785259875613,De 1 - 5M€,De 1 a 5M€,El comtat,Textil,55.21815875,-0.13535942795811434,1.1104157540070043
413,MURO PUNT SL,B03692308,MURO DE ALCOY,1391,Textil,Industria,Fabricación de tejidos de punto,1991-04-16,1991,34,Entre 25 y 50 años,Sin marca,No,Sin auditor,No,2.0,Grupo Corporativo,0,No participadas,,No consejo,Importador,9.0,106.28270559,0.0,0.0,1353.57211,459.41218,312.51405,28.4103681818182,0.185450206066268,0.141648316025069,191.73121,654.19768,1685.16421,1143.81575,1033.12522,11,504.245259,De 1 a 5M€,De 1 - 5M€,0.473282921659367,Crece,0.339407244435614,1.24497557060333,0.483312026870885,0.299226185797051,45.8404780909091,153.196746363636,2023-12-31,2023,1025.53216,95.73021,48.60252,360.6306,298.041818181818,325.60356,297.0644,245.507768595041,214.10647,96.001,144.60352,389.169759,0.608565120190869,0.39143487980913105,3.14963435903465,1.91675761226321,0.224392143710895,De 1 - 5M€,De 1 a 5M€,El comtat,Textil,59.472516363636366,0.11377598032419643,1.2139812108081622
414,PAPELERA MARIOLA SL,B03683679,BANYERES DE MARIOLA,1721,Papel y Cartón,Industria,Fabricación de papel y cartón ondulados; fabricación de envases y embalajes de papel y cartón,1991-05-08,1991,34,Entre 25 y 50 años,Sin marca,No,Sin auditor,No,2.0,Grupo Corporativo,0,No participadas,,No consejo,Importador,0.0,0.0,0.0,0.0,1084.42743,915.69436,148.62155,49.5405166666667,0.088382802943527,0.349940160587786,379.484709,117.32872,1681.56638,1606.36791,1765.5136,3,528.49074,De 1 a 5M€,De 1 - 5M€,0.0468127317110063,Se mantiene,0.844403539294464,1.5506490646405,0.108194164730783,0.314284792016358,176.16358,560.522126666667,2024-12-31,2024,838.05753,368.38747,276.414779,301.33448,249.036760330579,124.66107,25.2789,20.891652892562,0.0,11.09724,287.512019,400.716649,0.498379094615343,0.501620905384657,6.72268840625225,3.35044736128906,0.209808058506746,De 1 - 5M€,De 1 a 5M€,L'Alcoià,Papel y cartón,39.10957333333334,0.22567334451584362,11.920395270363835
415,HILADOS BUFALIT SL,B46587598,BUFALI,1310,Textil,Industria,Preparación e hilado de fibras textiles,1988-12-12,1988,37,Entre 25 y 50 años,Sin marca,No,Sin auditor,No,0.0,No Grupo Corporativo,0,No participadas,,No consejo,No realiza actividad exterior,,,,,1431.03388,1035.37922,709.96105,32.2709568181818,0.423231057335324,0.118852573916699,170.08206,373.37126,1677.47862,1850.35185,1801.90825,22,880.23994,De 1 a 5M€,De 1 - 5M€,-0.0934272203419041,Decrece,0.723518313906027,1.17221446916407,0.260910147005045,0.524739886103586,40.0109063636364,76.2490281818182,2024-12-31,2024,490.91514,146.8979,113.998421,531.91053,439.595479338843,76.3206,51.95455,42.9376446280992,15.42684,23.18416,137.182581,556.27658,0.292650609162458,0.707349390837542,6.43227568965653,1.88240939887885,0.281957951100887,De 1 - 5M€,De 1 a 5M€,,Textil,16.97142090909091,0.10139149195236838,10.237997057043122
416,OMNIPLAST SL,B46337184,L'OLLERIA,2229,Plástico,Industria,Fabricación de otros productos de plástico,1986-05-23,1986,39,Entre 25 y 50 años,Sin marca,No,Sin auditor,No,0.0,No Grupo Corporativo,0,No participadas,,No consejo,No realiza actividad exterior,,,,,1440.3015,284.43163,488.19901,34.8713578571429,0.291277722810249,-0.010006320898784,-14.412119,527.62492,1676.06024,1649.229109,2357.19833,14,473.983419,De 1 a 5M€,De 1 - 5M€,0.0162688924501635,Se mantiene,0.197480617773431,1.16368707524084,0.366329494206595,0.282796171455031,33.8559585,119.718588571429,2024-12-31,2024,1018.10353,-31.82528,-50.33627,361.86763,299.064157024793,528.68181,248.47506,205.351289256198,394.97786,17.41316,-32.92311,642.07438,0.607438507102823,0.392561492897177,1.92573966182041,1.16976842524488,0.371343859197206,De 1 - 5M€,De 1 a 5M€,,Plástico,37.68749428571429,-0.00859880728391958,1.4563539294446701
417,MUESTRARIOS HERMANOS CAÑADA SL,B54267596,MURO DE ALCOY,1399,Textil,Industria,Fabricación de otros productos textiles n.c.o.p.,2007-08-27,2007,18,Entre 10 y 25 años,Sin marca,No,Sin auditor,No,0.0,No Grupo Corporativo,0,No participadas,,No consejo,No realiza actividad exterior,,,,,460.80639,115.70025,690.25012,62.7500109090909,0.413384903158412,0.101785697893642,46.9035,102.54446,1669.75164,1491.31366,1201.87399,11,741.019,De 1 a 5M€,De 1 - 5M€,0.119651542654011,Crece,0.25108213017619,3.62354272040368,0.222532634584342,0.443789951899673,67.3653636363636,151.795603636364,2024-12-31,2024,717.3,25.51784,3.30323,63.78807,52.7174132231405,274.70702,90.35175,74.670867768595,0.0,21.38566,24.68889,248.14334,0.429584845324662,0.570415154675338,2.61114550330749,1.12170853715853,0.151371952211136,De 1 - 5M€,De 1 a 5M€,El comtat,Textil,9.322223636363637,0.02809010566385789,0.7059970614846977
418,DECOLETAJES VICENTE VIDAL SL,B97310247,L'OLLERIA,2599,Metal,Industria,Fabricación de otros productos metálicos n.c.o.p.,2003-02-21,2003,22,Entre 10 y 25 años,METAL VIDAL,Sí,Sin auditor,No,2.0,Grupo Corporativo,0,No participadas,,No consejo,No realiza actividad exterior,,,,,634.90459,233.03631,378.31875,34.3926136363636,0.227143702038497,0.262252756748853,166.505479,329.81426,1665.54805,1424.51699,1036.44021,11,544.82423,De 1 a 5M€,De 1 - 5M€,0.169201955253619,Crece,0.367041463663068,2.62330447162148,0.519470586911334,0.32711408716188,49.5294754545454,151.413459090909,2024-12-31,2024,826.05223,84.1803,55.189569,95.15596,78.6412892561983,66.531729,98.36917,81.2968347107438,65.92178,82.32518,137.51475,63.318519,0.495964214301713,0.504035785698287,12.4159140671062,6.15784906512993,0.0383514504702849,De 1 - 5M€,De 1 a 5M€,,Metal,29.983114545454544,0.0999703845229803,0.9673351925201764
419,PANADERIA MARIOLA SL,B53608303,ONIL,1071,Alimentación,Industria,Fabricación de pan y de productos frescos de panadería y pastelería,2001-12-14,2001,24,Entre 10 y 25 años,Sin marca,No,Sin auditor,No,2.0,Grupo Corporativo,0,No participadas,,No consejo,No realiza actividad exterior,,,,,671.85518,476.2616,663.90885,24.5892166666667,0.402324349312215,0.115246235059169,77.42878,321.48991,1650.18312,1593.46975,1393.43741,27,741.340399,De 1 a 5M€,De 1 - 5M€,0.0355911180617015,Se mantiene,0.70887538591278,2.45615895973296,0.478510726076414,0.449247353227077,27.4570518148148,61.1178933333333,2024-12-31,2024,672.8236,46.30606,32.893739,22.81206,18.8529421487603,36.02,76.30536,63.0622809917355,0.0,31.12272,64.01646,-17.4733,0.407726628545322,0.592273371454678,18.6791671293726,7.61599383769367,-0.00496268489461655,De 1 - 5M€,De 1 a 5M€,,Alimentación,11.907033703703704,0.04692132591927132,0.2989575044269495
420,ASCENSION GARCIA REDONDO SL.,B54932330,BANYERES DE MARIOLA,1320,Textil,Industria,Fabricación de tejidos textiles,2016-05-02,2016,9,Menor de 10 años,Sin marca,No,Sin auditor,No,2.0,Grupo Corporativo,0,No participadas,,No consejo,No realiza actividad exterior,,,,,1138.83566,411.63207,229.99409,28.74926125,0.141949404229213,0.11963697202808,136.24685,301.13589,1620.254,1925.375119,2211.68143,8,366.36194,De 1 a 5M€,De 1 - 5M€,-0.158473596126283,Decrece,0.361449930361331,1.42272854364255,0.264424359525237,0.226113893253774,45.7952425,202.53175,2024-12-31,2024,1040.05074,98.86819,34.26042,127.0863,105.03,604.59267,214.65901,177.404140495868,393.27135,37.37866,71.63908,517.01996,0.641905985110976,0.35809401488902404,1.72025032986258,1.10423898262792,0.328478454306629,De 1 - 5M€,De 1 a 5M€,L'Alcoià,Textil,37.64198625,0.08408980937556704,0.5920380421022152
421,ANGIS SL,B03044997,IBI,2594,Metal,Industria,Fabricación de pernos y productos de tornillería,1975-04-21,1975,50,Mayor de 50 años,"A.N.G.I.S., S.L.",Sí,Sin auditor,No,2.0,Grupo Corporativo,0,No participadas,,No consejo,No realiza actividad exterior,,,,,2821.25979,2462.65199,518.00138,37.0000985714286,0.320200313320735,0.0845892820100768,238.64834,1892.06149,1617.74164,1432.81026,1760.13929,14,766.3622,De 1 a 5M€,De 1 - 5M€,0.129068994801866,Crece,0.87289089743841,0.573411085974468,0.670644191189497,0.473723480345106,54.7401571428571,115.552974285714,2024-12-31,2024,729.52767,85.69884,68.814989,446.81465,369.268305785124,45.1501,86.5593,71.5366115702479,42.58542,152.9495,221.76449,405.40545,0.450954374890171,0.549045625109829,16.1578306581824,7.28644442404187,0.211950898546987,De 1 - 5M€,De 1 a 5M€,,Metal,135.14724928571428,0.1475194395070402,5.161948513908965
423,EROSION Y COPIADO PALAO SL,B03255155,IBI,2229,Plástico,Industria,Fabricación de otros productos de plástico,1986-12-09,1986,39,Entre 25 y 50 años,Sin marca,No,Sin auditor,No,0.0,No Grupo Corporativo,0,No participadas,,No consejo,No realiza actividad exterior,,,,,1583.88249,400.21032,790.5089,34.369952173913,0.493747944106363,0.0415758936763042,65.85133,792.01049,1601.03735,2407.76236,2229.94176,23,927.9395,De 1 a 5M€,De 1 - 5M€,-0.335051757350339,Decrece,0.252676775282742,1.01083089188012,0.500043718521063,0.579586416269427,40.3451956521739,69.6103195652174,2024-12-31,2024,448.82313,11.69127,15.361879,348.2078,287.775041322314,373.57064,74.31151,61.4144710743802,334.00209,54.16006,69.52194,647.466929,0.280332704293251,0.7196672957067489,1.2014411250306,0.336803239628953,0.374714062884251,De 1 - 5M€,De 1 a 5M€,,Plástico,34.435238695652174,0.0411304146027574,4.6857855532743145
424,JUAN VALLES SALA SA,A46124418,LA POBLA DEL DUC,1624,Madera,Industria,Fabricación de envases y embalajes de madera,1979-03-24,1979,46,Entre 25 y 50 años,Sin marca,No,Sin auditor,No,0.0,No Grupo Corporativo,0,No participadas,,No consejo,No realiza actividad exterior,,,,,2211.0022,1877.74365,384.07922,32.0066016666667,0.241117899886449,0.00750707529825163,16.59816,18.34885,1592.91044,2221.20659,2630.45332,12,410.51462,De 1 a 5M€,De 1 - 5M€,-0.282862545442025,Decrece,0.849272628493992,0.720447243336076,0.00829888364652012,0.257713559840816,34.2095516666667,132.742536666667,2024-12-31,2024,732.52318,0.96065,8.056509,463.52971,383.082404958678,552.32,56.98298,47.0933719008264,0.0,15.63751,23.69402,958.86673,0.459864636206415,0.5401353637935851,1.32626589658169,0.609902784044514,0.557664141530676,De 1 - 5M€,De 1 a 5M€,,Madera,1.5290708333333332,0.010420020851894222,8.134529117290828
425,ALBERO I SEMPERE SL,B53364204,BANYERES DE MARIOLA,1395,Textil,Industria,"Fabricación de telas no tejidas y artículos confeccionados con ellas, excepto prendas de vestir",1999-04-20,1999,26,Entre 25 y 50 años,Sin marca,No,Sin auditor,No,0.0,No Grupo Corporativo,0,No participadas,,No consejo,No realiza actividad exterior,,,,,1278.83203,946.66359,295.24108,29.524108,0.185439324118972,0.248243860454449,317.4622,232.84058,1592.11689,1627.20851,1307.00301,10,612.70328,De 1 a 5M€,De 1 - 5M€,-0.0215655337249926,Se mantiene,0.740256396299364,1.24497733294966,0.182072840324464,0.384835613420319,61.270328,159.211689,2024-12-31,2024,630.22926,242.2792,183.07853,356.50741,294.634223140496,20.199,212.96319,176.002636363636,0.0,75.183,258.26153,163.743219,0.395843586584902,0.6041564134150981,31.2010129214318,12.3507208599014,0.0871987400226999,De 1 - 5M€,De 1 a 5M€,L'Alcoià,Textil,23.284057999999998,0.19939628930134645,1.674033010117856
426,NAVARRO CERERIA SL,B97056618,ALBAIDA,3299,Manufacturas,Industria,Otras industrias manufactureras n.c.o.p.,2001-01-01,2001,24,Entre 10 y 25 años,LAS VELAS DE PEDRO NAVARRO CERERIA,Sí,Sin auditor,No,2.0,Grupo Corporativo,0,No participadas,,No consejo,No realiza actividad exterior,,,,,813.41255,155.06491,310.03367,25.8361391666667,0.196232636347603,0.0472165200795095,38.40651,132.020359,1579.929189,1585.21052,1419.33293,12,350.53161,De 1 a 5M€,De 1 - 5M€,-0.00333162752414751,Se mantiene,0.190635010487606,1.94234670832163,0.162304305484345,0.221865392728053,29.2109675,131.66076575,2024-12-31,2024,1016.23056,28.7939,12.2175,216.17372,178.655966942149,394.83951,240.05866,198.39558677686,32.6084,9.61261,21.83011,370.954569,0.643212725655896,0.35678727434410396,2.57378133206578,1.65548890584029,0.237415634053008,De 1 - 5M€,De 1 a 5M€,La Vall d'Albaida,Otros,11.001696583333334,0.024309007180447754,0.900503735212051
427,ALBERT INNOVACION SL,B46673620,ONTINYENT,2222,Plástico,Industria,Fabricación de envases y embalajes de plástico,1989-12-29,1989,36,Entre 25 y 50 años,ALBERT INNOVACION,Sí,Sin auditor,No,0.0,No Grupo Corporativo,0,No participadas,,No consejo,No realiza actividad exterior,,,,,1252.27737,527.646069,449.50551,37.4587925,0.285462554646437,0.0438834728763006,54.95428,282.94597,1574.65665,1468.85775,1799.95927,12,504.81115,De 1 a 5M€,De 1 - 5M€,0.0720280095196422,Crece,0.421349200776502,1.25743440528675,0.225945127476032,0.320584903381953,42.0675958333333,131.2213875,2024-12-31,2024,957.63992,24.445,11.986869,389.05324,321.531603305785,443.22535,320.32864,264.73441322314,165.10708,30.50928,42.496149,511.949949,0.608157924459278,0.39184207554072203,2.16061630951388,1.31399593034683,0.317543853183895,De 1 - 5M€,De 1 a 5M€,La Vall d'Albaida,Plástico,23.57883083333333,0.03489921437794074,1.2145440382726957
428,METALICAS CRIADO SL,B53329603,ALCOY/ALCOI,2512,Metal,Industria,Fabricación de carpintería metálica,1999-01-04,1999,26,Entre 25 y 50 años,Sin marca,No,Sin auditor,No,0.0,No Grupo Corporativo,0,No participadas,,No consejo,No realiza actividad exterior,,,,,809.35394,668.50046,408.00398,25.50024875,0.261097448424478,0.195839474136618,158.50345,316.3062,1562.6502,1471.11527,1634.112079,16,566.507429,De 1 a 5M€,De 1 - 5M€,0.0622214532515866,Crece,0.825968006037013,1.93073774373669,0.390813196016566,0.362529905285265,35.4067143125,97.6656375,2023-12-31,2023,594.29857,124.24416,85.813069,129.08133,106.678785123967,160.05607,17.36215,14.3488842975207,0.0,34.25929,120.072359,271.77525,0.380314525925252,0.6196854740747479,3.71306486533126,1.41213250398817,0.161511495551881,De 1 - 5M€,De 1 a 5M€,L'Alcoià,Metal,19.7691375,0.10143245750072535,7.43463971915919
429,LITOCHAP SL,B03844438,IBI,2592,Metal,Industria,Fabricación de envases y embalajes metálicos ligeros,1993-03-25,1993,32,Entre 25 y 50 años,Sin marca,No,Sin auditor,No,0.0,No Grupo Corporativo,0,No participadas,,No consejo,Importador / Exportador,0.0,0.0,0.0,0.0,1694.94738,768.78481,404.84148,31.1416523076923,0.261314748804435,0.113575921159275,192.50521,762.21823,1549.24849,1408.73053,2080.18167,13,597.34682,De 1 a 5M€,De 1 - 5M€,0.0997479340495304,Crece,0.453574440759335,0.914039284216599,0.449700231991863,0.38557198787394,45.9497553846154,119.172960769231,2024-12-31,2024,700.54038,26.54779,11.62639,317.5935,262.473966942149,567.90392,1.20267,0.99394214876033,189.05059,165.95742,177.58381,884.29475,0.452180773143758,0.5478192268562421,1.23355440124449,0.55778958286962,0.535345975901767,De 1 - 5M€,De 1 a 5M€,,Metal,58.632171538461535,0.12425715515785335,264.07368604854236
430,BODEGAS LOS FRAILES SL,B46583530,FONTANARS DELS ALFORINS,1102,Alimentación,Industria,Elaboración de vinos,1988-11-18,1988,37,Entre 25 y 50 años,PLEYADES DELS FRARES,Sí,Sin auditor,No,0.0,No Grupo Corporativo,0,No participadas,,No consejo,No realiza actividad exterior,,,,,3778.97249,3381.9154,102.55475,25.6386875,0.0663772429299165,0.132841250188619,502.00343,2823.77202,1545.02877,1270.01649,1114.74327,4,615.86165,De 1 a 5M€,De 1 - 5M€,0.21654229072254,Crece,0.894929880794131,0.408848906439115,0.747232753737247,0.398608532059892,153.9654125,386.2571925,2024-12-31,2024,661.07067,377.03903,288.5594,353.80742,292.402826446281,206.5697,81.48128,67.3399008264463,0.0,124.9644,413.5238,478.895839,0.427869488799228,0.572130511200772,3.20023057592667,1.3692810205614,0.279368665490828,De 1 - 5M€,De 1 a 5M€,,Alimentación,705.943005,0.3249152635520179,4.342192709785609
431,HILATURAS ECCOFIL 1981 SL.,B19905652,COCENTAINA,1310,Textil,Industria,Preparación e hilado de fibras textiles,2024-07-16,2024,1,Menor de 10 años,Sin marca,No,Sin auditor,No,2.0,Grupo Corporativo,0,No participadas,,No consejo,No realiza actividad exterior,,,,,1443.4928,278.18791,212.80864,11.8227022222222,0.137919184712953,0.171996659768584,248.27594,99.84715,1542.9952,,,18,461.08458,De 1 a 5M€,De 1 - 5M€,,Se mantiene,0.192718598942787,1.06893169124224,0.0691705216679986,0.298824377418672,25.61581,85.7219555555556,2024-12-31,2024,824.34383,241.28421,178.18791,1178.41339,973.895363636364,10.12536,403.64596,333.591702479339,355.9457,6.99173,185.17964,784.89279,0.534249121448984,0.46575087855101605,81.4137798557286,43.495240361764,0.42153664584117,De 1 - 5M€,De 1 a 5M€,El comtat,Textil,5.547063888888889,0.16090519270571935,2.919423224253254
432,DGM ROTOMOLDEO SL.,B42693739,ONIL,2229,Plástico,Industria,Fabricación de otros productos de plástico,2020-01-24,2020,5,Menor de 10 años,Sin marca,No,Sin auditor,No,0.0,No Grupo Corporativo,0,No participadas,,No consejo,No realiza actividad exterior,,,,,447.68556,144.93354,373.21246,14.9284984,0.242040061364316,0.303185767260396,135.73189,136.47963,1541.94499,1085.40763,965.98634,25,504.96964,De 1 a 5M€,De 1 - 5M€,0.420613737531954,Crece,0.323739590796719,3.44425893477556,0.304856002056443,0.327488751722589,20.1987856,61.6777996,2024-12-31,2024,711.45338,122.53046,68.584489,200.51797,165.717330578512,87.08796,57.95362,47.8955537190083,46.56852,13.20143,81.785919,229.65231,0.461399975105467,0.5386000248945331,8.16936554720079,3.7693450601059,0.132890432660314,De 1 - 5M€,De 1 a 5M€,,Plástico,5.459185199999999,0.08802641526141604,3.4599731647479377
433,IN MOLD LABELING LOGISTICS SOCIEDAD LIMITADA.,B40511941,IBI,2896,Plástico,Industria,Fabricación de maquinaria para la industria del plástico y el caucho,2018-07-04,2018,7,Menor de 10 años,Sin marca,No,Sin auditor,No,3.0,Grupo Corporativo,0,No participadas,,No consejo,Importador,1.0,4.7979462,0.0,0.0,1454.20295,130.82525,991.72209,41.32175375,0.648858099301225,0.0391242845436395,56.89465,542.22711,1528.41136,1530.0,1659.975,24,1048.61674,De 1 a 5M€,De 1 - 5M€,-0.00103832679738558,Se mantiene,0.0899635432592129,1.05103029807497,0.372868938273024,0.686082796453436,43.6923641666667,63.6838066666667,2024-12-31,2024,182.91087,16.30019,0.860649,383.63584,317.05441322314,528.34,141.58065,117.008801652893,60.76327,40.59446,41.45511,770.39519,0.119673848799449,0.880326151200551,0.346199170988379,0.0414309872433578,0.476563856192647,De 1 - 5M€,De 1 a 5M€,,Plástico,22.592796250000003,0.03722469715221169,2.709662937696627
434,SERVICOLOR IBERIA SL.,B98556236,BOCAIRENT,1812,Artes gráficas,Industria,Otras actividades de impresión y artes gráficas,2013-07-16,2013,12,Entre 10 y 25 años,NONSLIP IBERIA,Sí,Sin auditor,No,0.0,No Grupo Corporativo,0,No participadas,,No consejo,Exportador,0.0,0.0,0.0,0.0,2326.22585,1481.78999,325.711,32.5711,0.213470940386645,0.0599058040731514,139.35443,1455.15161,1525.78613,1373.6712,1154.24211,10,465.61876,De 1 a 5M€,De 1 - 5M€,0.110736055323865,Crece,0.636993175017808,0.655906274104898,0.625541844958863,0.305166465237169,46.561876,152.578613,2024-12-31,2024,740.86903,67.79143,24.509629,289.60095,239.339628099174,440.56912,110.95632,91.6994380165289,320.82376,71.563,96.07263,619.21375,0.485565450775201,0.514434549224799,1.68161815335582,0.816535676665982,0.385512293313772,De 1 - 5M€,De 1 a 5M€,,Otros,145.51516099999998,0.09133287245178982,2.6100446554103507
435,INDUSTRIAL DEL TORCIDO SA,A03097359,COCENTAINA,1310,Textil,Industria,Preparación e hilado de fibras textiles,1981-11-23,1981,44,Entre 25 y 50 años,INTORSA,Sí,Don Pedro Meseguer Poveda,Sí,3.0,Grupo Corporativo,1,Participadas,,No consejo,Exportador,0.0,0.0,0.0,0.0,7056.61611,6762.24832,519.26168,25.963084,0.341642935599831,-0.0244901035150685,-172.817259,1047.51629,1519.89585,3289.4173,3228.03495,20,1206.223289,De 1 a 5M€,De 1 - 5M€,-0.537943741586086,Decrece,0.95828485134924,0.215385933754585,0.148444562332866,0.79362233208282,60.31116445,75.9947925,2024-12-31,2024,362.65805,-351.62298,406.73414,169.80402,140.333900826446,67.28536,0.0,0.0,100.57997,178.80572,585.53986,237.08938,0.238607171669032,0.761392828330968,5.38985077883213,1.28605705005527,0.136600978827889,De 1 - 5M€,De 1 a 5M€,El comtat,Textil,52.375814500000004,-0.11370335605561394,
436,VICTORIANO CALATAYUD SL,B54046552,BANYERES DE MARIOLA,1396,Textil,Industria,Fabricación de otros productos textiles de uso técnico e industrial,2005-10-11,2005,20,Entre 10 y 25 años,Sin marca,No,Sin auditor,No,2.0,Grupo Corporativo,0,No participadas,,No consejo,No realiza actividad exterior,,,,,632.57868,404.02747,181.7758,30.2959666666667,0.122529663052156,0.123236779020121,77.956959,62.3533,1483.52485,1851.05935,1598.69803,6,259.73276,De 1 a 5M€,De 1 - 5M€,-0.198553601212192,Decrece,0.638699157549856,2.3452021019741,0.0985700308458072,0.175078132327881,43.2887933333333,247.254141666667,2024-12-31,2024,1108.53692,33.78449,23.34635,172.8756,142.872396694215,76.38973,144.24515,119.210867768595,0.0,44.17247,67.51882,105.02018,0.747231783815418,0.252768216184582,14.5115962577692,10.843525957702,0.0674415793747033,De 1 - 5M€,De 1 a 5M€,L'Alcoià,Textil,10.392216666666666,0.05254846860165504,1.1984846630891939
437,ARTE Y CANO SL.,B86840758,MURO DE ALCOY,1396,Textil,Industria,Fabricación de otros productos textiles de uso técnico e industrial,2013-10-15,2013,12,Entre 10 y 25 años,Sin marca,No,Sin auditor,No,0.0,No Grupo Corporativo,0,No participadas,,No consejo,No realiza actividad exterior,,,,,596.28731,54.70473,861.04945,26.9077953125,0.581956278508276,0.0791502002616826,47.19626,88.6669,1479.577559,1239.98904,1113.26065,32,908.262709,De 1 a 5M€,De 1 - 5M€,0.193218255380709,Crece,0.0917422341253581,2.48131653011365,0.148698284389114,0.613866237342682,28.38320965625,46.23679871875,2024-12-31,2024,284.80247,31.77902,12.45961,177.01125,146.290289256198,327.52918,73.56071,60.7939752066116,51.29037,15.41724,27.87685,430.97972,0.192489044097485,0.807510955902515,0.86954838649796,0.167378537713503,0.279150958689004,De 1 - 5M€,De 1 a 5M€,El comtat,Textil,2.770840625,0.03189846974422785,2.4063287317373567
438,MANATEX DE BANYERES SL,B53130654,BANYERES DE MARIOLA,1320,Textil,Industria,Fabricación de tejidos textiles,1996-08-19,1996,29,Entre 25 y 50 años,Sin marca,No,Sin auditor,No,0.0,No Grupo Corporativo,0,No participadas,,No consejo,Importador / Exportador,2.0,21.2427396,0.0,0.0,1432.06621,1108.02197,346.10191,31.46381,0.234114848940849,0.0485143420847839,69.47575,131.711209,1478.34241,1453.24424,1472.787,11,416.20543,De 1 a 5M€,De 1 - 5M€,0.0172704417531357,Se mantiene,0.773722585075169,1.0323142880384,0.0919728487972634,0.281535202659849,37.8368572727273,134.394764545455,2024-12-31,2024,847.8107,39.30441,28.95565,243.67514,201.38441322314,618.74195,223.3621,184.596776859504,0.0,30.17134,59.12699,639.05499,0.573487369546545,0.426512630453455,1.37021693777188,0.785802107350916,0.429893360337025,De 1 - 5M€,De 1 a 5M€,L'Alcoià,Textil,11.973746272727272,0.046995709201090974,1.0909421965499053
439,ARTESANIA BEATRIZ SL,B03164043,CASTALLA,3240,Juguete,Industria,Fabricación de juegos y juguetes,1984-08-14,1984,41,Entre 25 y 50 años,ARTESANÍA BEATRIZ,Sí,Sin auditor,No,0.0,No Grupo Corporativo,0,No participadas,,No consejo,Importador / Exportador,0.0,0.0,0.0,0.0,1920.38969,1556.0496,441.1218,36.76015,0.299042322091577,0.0413849024569591,79.47514,60.05853,1475.11495,1629.965589,1507.37965,12,532.698029,De 1 a 5M€,De 1 - 5M€,-0.095002397624236,Decrece,0.810278043098638,0.768133133437099,0.0312741368654192,0.361123062985702,44.3915024166667,122.926245833333,2024-12-31,2024,916.13654,70.26415,55.06056,740.06578,611.624611570248,283.00861,0.0,0.0,137.04546,9.21099,64.27155,1023.07439,0.621061117982704,0.378938882017296,3.23713310347696,2.01045750430422,0.606483733061107,De 1 - 5M€,De 1 a 5M€,,Juguete,5.0048775,0.05387725207449087,
440,NEUTROLEADER SL,B97968721,ALBAIDA,1721,Papel y Cartón,Industria,Fabricación de papel y cartón ondulados; fabricación de envases y embalajes de papel y cartón,2007-11-20,2007,18,Entre 10 y 25 años,PALLETBOX,Sí,Sin auditor,No,2.0,Grupo Corporativo,0,No participadas,,No consejo,No realiza actividad exterior,,,,,706.87785,430.29749,166.40249,33.280498,0.113733282543525,0.258317133575483,182.59866,82.04289,1463.094059,1299.55937,1495.17983,5,349.00816,De 1 a 5M€,De 1 - 5M€,0.125838567113713,Crece,0.608729627049426,2.06979757393728,0.116063744252278,0.2385411640852,69.801632,292.6188118,2024-12-31,2024,992.28745,171.94834,136.10077,423.6138,350.094049586777,59.94836,255.18986,210.900710743802,0.0,10.65032,146.75109,228.3723,0.678211659664733,0.32178834033526704,16.5523702399865,11.2260104918464,0.136109977084512,De 1 - 5M€,De 1 a 5M€,La Vall d'Albaida,Papel y cartón,16.408578,0.1248030903254457,1.6599946408528907
441,PLASTINEZ GROUP SL.,B02906592,AIELO DE MALFERIT,2222,Plástico,Industria,Fabricación de envases y embalajes de plástico,2020-12-10,2020,5,Menor de 10 años,DIXPAK BY PLASTINEZ,Sí,Sin auditor,No,0.0,No Grupo Corporativo,0,No participadas,,No consejo,No realiza actividad exterior,,,,,1009.60119,448.11023,389.21532,25.947688,0.266375556015784,0.178590478880081,180.30516,286.80859,1461.152539,1330.30988,1450.63362,15,571.705,De 1 a 5M€,De 1 - 5M€,0.0983550231168695,Crece,0.44384875378366,1.44725714814183,0.284081073636611,0.391269894648556,38.1136666666667,97.4101692666667,2024-12-31,2024,552.58152,122.73597,94.99059,252.59237,208.754024793388,99.965,88.01564,72.7401983471074,3.10447,57.56919,152.55978,264.541729,0.378181952432004,0.621818047567996,5.52774991246936,2.0904952544535,0.161501841969068,De 1 - 5M€,De 1 a 5M€,La Vall d'Albaida,Plástico,19.120572666666664,0.12339927227816973,2.8698577889111485
442,SOLUTIONS & BUILDING SYSTEMS SOCIEDAD LIMITADA.,B98932197,AGULLENT,2223,Plástico,Industria,Fabricación de productos de plástico para la construcción,2017-07-25,2017,8,Menor de 10 años,FLUVIT,Sí,Sin auditor,No,0.0,No Grupo Corporativo,0,No participadas,,No consejo,No realiza actividad exterior,,,,,736.23499,232.63491,237.04914,39.50819,0.162479769550279,0.235654609406706,173.497169,302.83419,1458.94557,1076.68548,631.97146,6,410.54631,De 1 a 5M€,De 1 - 5M€,0.355034127515122,Crece,0.315979154970616,1.98163030800805,0.411328168469689,0.281399332807186,68.424385,243.157595,2024-12-31,2024,760.76665,126.54412,75.78133,113.41214,93.729041322314,289.41808,79.83314,65.9778016528926,191.993539,46.95305,122.73438,322.99708,0.521449645307878,0.47855035469212204,2.62860789484886,1.37068665442243,0.217396266311307,De 1 - 5M€,De 1 a 5M€,La Vall d'Albaida,Plástico,50.472364999999996,0.118919562571481,1.4206147973134953
443,LINCEX PACKAGING GROUP SL,B97682801,BOCAIRENT,1721,Papel y Cartón,Industria,Fabricación de papel y cartón ondulados; fabricación de envases y embalajes de papel y cartón,2006-01-01,2006,19,Entre 10 y 25 años,Sin marca,No,Sin auditor,No,2.0,Grupo Corporativo,0,No participadas,,No consejo,No realiza actividad exterior,,,,,863.31643,632.43437,246.28358,22.3894163636364,0.169172800579834,0.114012506399305,98.42887,33.02018,1455.81074,1499.42847,1143.1871,11,344.739089,De 1 a 5M€,De 1 - 5M€,-0.029089570374771,Se mantiene,0.732563806297536,1.68630028273642,0.0382480616058703,0.236802133359725,31.3399171818182,132.346430909091,2024-12-31,2024,880.02367,86.25613,66.336789,426.21544,352.244165289256,197.7732,122.67796,101.386743801653,0.0,12.17274,78.50953,501.31068,0.60449043671707,0.39550956328292997,4.44966087417304,2.68977744507172,0.308165484125775,De 1 - 5M€,De 1 a 5M€,,Papel y cartón,3.0018345454545456,0.06761103438486792,3.4742625325690066
444,MUEBLES EXPORTJUNK SL,B96231790,AIELO DE MALFERIT,3109,Mueble,Industria,Fabricación de otros muebles,1993-12-09,1993,32,Entre 25 y 50 años,"MUEBLES EXPORTJUNK, S.L.",Sí,Sin auditor,No,0.0,No Grupo Corporativo,0,No participadas,,No consejo,Importador / Exportador,64.0,630.56905664,0.0,0.0,602.57029,211.94332,318.58537,28.9623063636364,0.220575569291981,0.231588849161481,139.54856,255.58845,1444.33661,1391.40906,1412.67698,11,459.072459,De 1 a 5M€,De 1 - 5M€,0.0380388136900589,Se mantiene,0.35173211078827,2.39695954807198,0.424163710427874,0.317843123148419,41.7338599090909,131.303328181818,2024-12-31,2024,576.06063,103.45419,100.6941,118.93248,98.291305785124,87.9161,31.12678,25.7246115702479,0.0,36.09437,136.78847,175.7218,0.39884098070463,0.60115901929537,6.55239063152255,2.61336190543628,0.11111176792429,De 1 - 5M€,De 1 a 5M€,La Vall d'Albaida,Otros,23.235313636363635,0.09661775449976305,3.8209053426021
445,RAFAEL CALATAYUD SL,B42590869,BANYERES DE MARIOLA,1320,Textil,Industria,Fabricación de tejidos textiles,2018-08-01,2018,7,Menor de 10 años,Sin marca,No,Sin auditor,No,0.0,No Grupo Corporativo,0,No participadas,,No consejo,No realiza actividad exterior,,,,,1138.52342,558.16252,162.30744,23.1867771428571,0.112448243963178,0.0639966633273121,72.8617,143.32844,1443.39684,2460.02325,1901.07505,7,235.16914,De 1 a 5M€,De 1 - 5M€,-0.413258862492458,Decrece,0.490251241384213,1.26777966499802,0.125889759913766,0.162927570216934,33.5955914285714,206.199548571429,2024-12-31,2024,1051.54473,35.46647,26.67709,666.0987,550.49479338843,80.65918,543.96319,449.556355371901,0.0,37.39523,64.07232,202.794689,0.7285208757974,0.2714791242026,13.0368884236115,9.49764537204247,0.125812675339187,De 1 - 5M€,De 1 a 5M€,L'Alcoià,Textil,20.475491428571427,0.05047932625375569,1.2245289980007656
446,ZEBRA TEXTIL SL,B96359005,ONTINYENT,1392,Textil,Industria,"Fabricación de artículos confeccionados con textiles, excepto prendas de vestir",1994-12-05,1994,31,Entre 25 y 50 años,ESTORALIS,Sí,Sin auditor,No,0.0,No Grupo Corporativo,0,No participadas,,No consejo,No realiza actividad exterior,,,,,1688.42451,897.42323,338.6882,37.6320222222222,0.235839202530173,0.0508162725024644,85.79944,550.2955,1436.09797,1284.60294,1511.85462,9,425.61633,De 1 a 5M€,De 1 - 5M€,0.117931405325914,Crece,0.531515163802023,0.850555036067322,0.325922477872582,0.29636998233484,47.2907033333333,159.566441111111,2024-12-31,2024,591.22502,46.22515,12.47527,329.00392,271.904066115703,692.89936,235.72107,194.810801652893,258.00154,39.57429,52.04956,786.18221,0.411688500611139,0.588311499388861,0.853262470901979,0.351278347273391,0.536169983209996,De 1 - 5M€,De 1 a 5M€,La Vall d'Albaida,Textil,61.143944444444436,0.059744837603245136,1.3957340342974005
447,CORBISA ONTENIENTE SA,A46372017,ONTINYENT,1392,Textil,Industria,"Fabricación de artículos confeccionados con textiles, excepto prendas de vestir",1987-01-15,1987,38,Entre 25 y 50 años,Sin marca,No,Sin auditor,No,2.0,Grupo Corporativo,0,No participadas,,No consejo,Importador / Exportador,0.0,0.0,0.0,0.0,2150.64486,669.37163,592.07411,37.004631875,0.413108832507227,0.200335382197877,430.85026,93.21216,1433.21581,1468.80999,1468.71263,16,1032.21684,De 1 a 5M€,De 1 - 5M€,-0.024233345526197,Se mantiene,0.311242289440573,0.666412124408118,0.0433414933974734,0.720210335943754,64.5135525,89.575988125,2024-12-31,2024,479.44391,419.76744,320.93019,291.346,240.781818181818,86.61632,38.1866,31.559173553719,0.0,11.08282,332.01301,339.77572,0.334523179729646,0.665476820270354,5.53526067604812,1.85167300198409,0.20641620233599,De 1 - 5M€,De 1 a 5M€,La Vall d'Albaida,Textil,5.82576,0.3006178532177928,7.629534967763558
448,CREACIONES TEXTILES CANO Y CANTO SL,B53841292,COCENTAINA,1310,Textil,Industria,Preparación e hilado de fibras textiles,2004-01-30,2004,21,Entre 10 y 25 años,Sin marca,No,Sin auditor,No,0.0,No Grupo Corporativo,0,No participadas,,No consejo,Importador / Exportador,0.0,0.0,0.0,0.0,1343.44883,230.21224,230.99225,28.87403125,0.161487370393561,0.0458352701085013,61.57734,285.33668,1430.40443,1777.80776,1506.50301,8,292.37215,De 1 a 5M€,De 1 - 5M€,-0.195411077517178,Decrece,0.171359142871113,1.0647256509204,0.212391178307848,0.204398241412046,36.54651875,178.80055375,2024-12-31,2024,1198.00989,44.63468,4.21829,129.41256,106.95252892562,923.8,467.32517,386.219148760331,322.42023,16.94266,21.16095,585.88739,0.837532284488241,0.16246771551175898,1.29682819874432,1.0861354838831,0.450595206955063,De 1 - 5M€,De 1 a 5M€,El comtat,Textil,35.667085,0.04304890191090921,0.2769218700546347
449,FERRUM ACCESSORIES SL,B09708017,L'OLLERIA,2511,Metal,Industria,Fabricación de estructuras metálicas y sus componentes,2022-02-03,2022,3,Menor de 10 años,Sin marca,No,Sin auditor,No,2.0,Grupo Corporativo,0,No participadas,,No consejo,No realiza actividad exterior,,,,,607.83473,153.57786,436.22919,29.081946,0.306611786435784,0.133914212174089,81.397709,171.74347,1422.741099,1116.77266,676.67264,15,517.6269,De 1 a 5M€,De 1 - 5M€,0.273975581565544,Crece,0.252663844989575,2.34067095672536,0.282549616735457,0.363823678365532,34.50846,94.8494066,2024-12-31,2024,740.91881,58.21577,30.29096,230.09561,190.161661157025,196.68764,161.52657,133.493033057851,60.12021,23.18194,53.4729,265.25668,0.520768543567602,0.47923145643239795,3.76698205337153,1.96172575757959,0.178076157550555,De 1 - 5M€,De 1 a 5M€,,Metal,11.449564666666667,0.0572118912268802,1.4245062592488695
450,KUBIK MONTAJES INTEGRALES SL,B54523741,COCENTAINA,1623,Madera,Industria,Fabricación de otras estructuras de madera y piezas de carpintería y ebanistería para la construcción,2010-11-02,2010,15,Entre 10 y 25 años,Sin marca,No,Sin auditor,No,0.0,No Grupo Corporativo,0,No participadas,,No consejo,No realiza actividad exterior,,,,,670.41871,358.00445,479.53493,31.9689953333333,0.340215260189987,0.248308956055239,166.47097,262.39765,1409.50447,1423.11232,1060.67081,15,646.156049,De 1 a 5M€,De 1 - 5M€,-0.00956203513156284,Se mantiene,0.534001281079998,2.10242412536488,0.391393685895192,0.458427811158343,43.0770699333333,93.9669646666667,2024-12-31,2024,763.49857,78.95097,76.82304,207.7288,171.676694214876,27.09135,55.05504,45.5000330578512,55.682,87.52,164.343039,179.76511,0.541678714931638,0.458321285068362,28.1823744479326,15.2657923746784,0.108738932312166,De 1 - 5M€,De 1 a 5M€,El comtat,Madera,17.493176666666667,0.11810602487837445,3.7731114172290154
451,PLASDEXIN SOCIEDAD LIMITADA,B98412737,L'OLLERIA,2221,Plástico,Industria,"Fabricación de placas, hojas, tubos y perfiles de plástico",2012-01-24,2012,13,Entre 10 y 25 años,BEST 4U,Sí,Sin auditor,No,0.0,No Grupo Corporativo,0,No participadas,,No consejo,No realiza actividad exterior,,,,,733.77883,66.70727,229.98893,28.74861625,0.16424419104964,0.107007965874404,78.52018,298.5147,1400.28654,1062.67672,903.35319,8,308.50911,De 1 a 5M€,De 1 - 5M€,0.317697577867331,Crece,0.0909092321456044,1.90832234830214,0.406818359695659,0.22031855708618,38.56363875,175.0358175,2024-12-31,2024,864.67957,44.87655,8.76532,279.84516,231.276991735537,155.41897,211.1821,174.530661157025,277.56433,33.64363,42.40895,224.08203,0.617501879293934,0.38249812070606604,5.56353944438057,3.43549606243093,0.151515632349442,De 1 - 5M€,De 1 a 5M€,,Plástico,37.3143375,0.05607436603653992,1.3251367421765359
452,NOVA GENERACIO CASTELLO SOCIEDAD LIMITADA.,B98647530,AIELO DE MALFERIT,3102,Mueble,Industria,Fabricación de muebles de cocina,2014-06-17,2014,11,Entre 10 y 25 años,Sin marca,No,Sin auditor,No,0.0,No Grupo Corporativo,0,No participadas,,No consejo,Importador,1.0,8.76813369,0.0,0.0,406.76248,186.67304,421.1232,30.0802285714286,0.301228138603882,0.246050766530876,100.08422,34.7982,1398.020789,1192.18422,1132.9673,14,521.20742,De 1 a 5M€,De 1 - 5M€,0.172655002093552,Crece,0.458923940084149,3.43694627144568,0.0855491883125504,0.372818075454241,37.2291014285714,99.8586277857143,2024-12-31,2024,713.32359,87.60946,66.756179,100.27743,82.8739090909091,3.5794,111.84583,92.4345702479339,0.0,12.47476,79.230939,-7.989,0.510238185020294,0.48976181497970595,199.285799295971,101.683224533095,-0.0042783778353562,De 1 - 5M€,De 1 a 5M€,La Vall d'Albaida,Otros,2.4855857142857145,0.07158993685035968,0.8965683387570192
453,LACADOS TICA SL,B54462411,TIBI,2561,Metal,Industria,Tratamiento y revestimiento de metales,2009-12-03,2009,16,Entre 10 y 25 años,Sin marca,No,Sin auditor,No,2.0,Grupo Corporativo,0,No participadas,,No consejo,No realiza actividad exterior,,,,,852.24651,249.47109,417.15789,29.7969921428571,0.300528282202239,0.0662416910337362,56.45425,172.52117,1388.08197,1268.17649,1179.48068,14,475.73738,De 1 a 5M€,De 1 - 5M€,0.0945495212578811,Crece,0.292721750189391,1.62873294723143,0.202431066570164,0.342730033443198,33.9812414285714,99.1487121428571,2024-12-31,2024,538.79389,38.2112,22.41216,565.84324,467.639041322314,39.51789,90.95271,75.1675289256198,53.11109,18.24305,40.65521,514.40842,0.388157112940528,0.611842887059472,13.6341765716742,5.29220261538246,0.311213178856213,De 1 - 5M€,De 1 a 5M€,,Metal,12.322940714285716,0.040670688921922965,6.221290602555989
455,ONTENIENTE 2006 SL,B97658322,ONTINYENT,1392,Textil,Industria,"Fabricación de artículos confeccionados con textiles, excepto prendas de vestir",2005-11-09,2005,20,Entre 10 y 25 años,Sin marca,No,Sin auditor,No,9.0,Grupo Corporativo,0,No participadas,,No consejo,No realiza actividad exterior,,,,,337.81053,224.68567,431.98449,35.9987075,0.312669354624314,0.0850780465605971,28.74026,33.28121,1381.60163,1409.34724,1027.254039,12,460.72475,De 1 a 5M€,De 1 - 5M€,-0.0196868516235928,Se mantiene,0.665123345918198,4.08987141401424,0.0985203451177203,0.333471487001648,38.3937291666667,115.133469166667,2024-12-31,2024,811.03758,19.41402,14.56051,139.34802,115.163652892562,,59.15948,48.892132231405,0.0,9.32624,23.88675,80.188539,0.587027086816625,0.41297291318337503,,,,De 1 - 5M€,De 1 a 5M€,La Vall d'Albaida,Textil,2.7734341666666666,0.02080213237733369,2.355463908742942
456,BONA MEL ORGANIC SL,B54112081,L'ALQUERIA D'ASNAR,1089,Alimentación,Industria,Elaboración de otros productos alimenticios n.c.o.p.,2006-04-18,2006,19,Entre 10 y 25 años,B BONA MEL,Sí,Sin auditor,No,2.0,Grupo Corporativo,0,No participadas,,No consejo,Importador / Exportador,0.0,0.0,0.0,0.0,2232.17883,1520.53312,176.51438,58.8381266666667,0.127854463321445,0.0663127514743073,148.02192,104.922,1380.58833,1389.18442,4193.05671,3,323.834879,De 1 a 5M€,De 1 - 5M€,-0.00618786813056826,Se mantiene,0.681187859845441,0.618493604296032,0.0470042984862463,0.234562955490142,107.944959666667,460.19611,2024-12-31,2024,822.4096,142.99573,78.725769,1450.49032,1198.75233057851,286.45629,0.0,0.0,0.0,5.02619,83.751959,1736.94661,0.595695025178143,0.404304974821857,2.87097762803533,1.71022709041839,1.07577949799019,De 1 - 5M€,De 1 a 5M€,,Alimentación,34.974,0.10721655165664046,
457,3DLAB SL.,B66509233,IBI,2221,Plástico,Industria,"Fabricación de placas, hojas, tubos y perfiles de plástico",2015-03-31,2015,10,Mayor de 50 años,NEW ZOO,Sí,Sin auditor,No,0.0,No Grupo Corporativo,0,No participadas,,No consejo,No realiza actividad exterior,,,,,767.64576,193.64887,84.67672,84.67672,0.0615719109172637,0.147990395986816,113.6042,488.96166,1375.24918,707.75216,954.880419,1,198.04515,De 1 a 5M€,De 1 - 5M€,0.94312254730526,Crece,0.252263322603384,1.79151537292409,0.636962627136767,0.144006739200528,198.04515,1375.24918,2024-12-31,2024,967.33037,79.6851,38.31114,214.0855,176.930165289256,60.5333,18.38178,15.1915537190083,197.8631,33.9191,72.230239,256.23702,0.703385527559449,0.29661447244055095,15.9801360573436,11.2401964311664,0.161623009708137,De 1 - 5M€,De 1 a 5M€,,Plástico,488.96166,0.08260626630586321,11.646614201671397
458,ALMAZARA LA ALQUERIA SL,B54437165,MURO DE ALCOY,1043,Alimentación,Industria,Fabricación de aceite de oliva,2009-07-10,2009,16,Entre 10 y 25 años,ALMAZARA'LAALQUERÍA ACEITEDEOLIVAVIRGENEXTRA/EXTRAVIRGINOLIVEOILFROMSPAIN,Sí,Sin auditor,No,0.0,No Grupo Corporativo,0,No participadas,,No consejo,Exportador,0.0,0.0,0.0,0.0,676.44496,561.41126,84.19939,21.0498475,0.0614075709082078,0.114540597656312,77.48041,119.97818,1371.1565,740.27434,839.31269,4,161.6798,De 1 a 5M€,De 1 - 5M€,0.852227513383754,Crece,0.829943739990316,2.02700379347937,0.17736576823634,0.117914913432566,40.41995,342.789125,2024-12-31,2024,647.10073,42.42872,30.87053,318.53273,263.250190082645,233.68377,0.0,0.0,0.0,35.05169,65.92222,552.2165,0.471937907890164,0.528062092109836,2.76912996567969,1.30685740267883,0.362419577985915,De 1 - 5M€,De 1 a 5M€,El comtat,Alimentación,29.994545,0.05650734252435809,
459,INJUVA S.L.,B03302692,BANYERES DE MARIOLA,1392,Textil,Industria,"Fabricación de artículos confeccionados con textiles, excepto prendas de vestir",1987-10-30,1987,38,Entre 25 y 50 años,"INJUVA, S.L.",Sí,Sin auditor,No,0.0,No Grupo Corporativo,0,No participadas,,No consejo,Importador,5.0,45.61915055,0.0,0.0,1030.8739,392.62957,249.33565,24.933565,0.1832306774629,0.19309435421733,199.05593,591.50479,1360.77459,1721.00851,1537.39038,10,448.391579,De 1 a 5M€,De 1 - 5M€,-0.209315594842701,Decrece,0.380870608907646,1.32002041180788,0.573789665253917,0.329512016387666,44.8391579,136.077459,2024-12-31,2024,736.60719,164.58882,98.630959,161.91878,133.817173553719,230.5,170.60489,140.995776859504,56.38473,34.46711,133.098069,221.81389,0.54131462728151,0.45868537271848997,3.19569279826464,1.72987525599883,0.164113438283864,De 1 - 5M€,De 1 a 5M€,L'Alcoià,Textil,59.150479,0.14628133965964193,0.9490863948858683
460,ACABADOS PLASTICOS MOVIMAR SL,B96555735,ALFARRASI,2229,Plástico,Industria,Fabricación de otros productos de plástico,1996-06-11,1996,29,Entre 25 y 50 años,Sin marca,No,Sin auditor,No,0.0,No Grupo Corporativo,0,No participadas,,No consejo,Importador,0.0,0.0,0.0,0.0,1003.78246,514.80768,356.84279,59.4737983333333,0.262284693799714,0.0287253176350581,28.83397,363.06807,1360.51702,1335.5624,1495.80594,6,386.20924,De 1 a 5M€,De 1 - 5M€,0.0186847278719438,Se mantiene,0.512867778143882,1.35539031036665,0.361699954390516,0.283869466035787,64.3682066666667,226.752836666667,2024-12-31,2024,903.67321,9.69533,0.31567,213.26258,176.250066115703,140.81762,147.04115,121.521611570248,129.45126,19.13864,19.454309,207.039049,0.664213087168877,0.33578691283112305,6.41733051588288,4.26247491333761,0.143729237981495,De 1 - 5M€,De 1 a 5M€,,Plástico,60.511345,0.02119339161225635,1.4503598482465658
461,TECTUM GLOBAL SL,B54723739,BANYERES DE MARIOLA,1320,Textil,Industria,Fabricación de tejidos textiles,2013-07-25,2013,12,Entre 10 y 25 años,Sin marca,No,Sin auditor,No,4.0,Grupo Corporativo,0,No participadas,,No consejo,No realiza actividad exterior,,,,,965.61536,822.6288,195.70004,32.6166733333333,0.14400388723587,0.211610086649823,204.33395,252.28865,1358.99137,1362.49943,1426.88647,6,400.03399,De 1 a 5M€,De 1 - 5M€,-0.00257472401291214,Se mantiene,0.851921825270054,1.40738375371328,0.26127240768001,0.294360949473873,66.6723316666667,226.498561666667,2023-12-31,2023,832.44803,129.00455,94.91131,134.25573,110.955148760331,107.33464,60.18329,49.7382561983471,0.0,75.3294,170.24071,181.40708,0.612548429943304,0.38745157005669595,7.75563257118112,4.75070055469415,0.124026933711863,De 1 - 5M€,De 1 a 5M€,L'Alcoià,Textil,42.04810833333333,0.15035706223800377,2.2307808363417907
462,V. & C. ACABADOS SOCIEDAD LIMITADA.,B54972443,IBI,2561,Metal,Industria,Tratamiento y revestimiento de metales,2016-11-28,2016,9,Menor de 10 años,Sin marca,No,Sin auditor,No,0.0,No Grupo Corporativo,0,No participadas,,No consejo,No realiza actividad exterior,,,,,624.61963,446.3577,600.56715,40.03781,0.442242815661153,0.172027446527737,107.45172,141.1216,1358.00318,1353.28436,1539.98052,15,708.12252,De 1 a 5M€,De 1 - 5M€,0.00348693899041286,Se mantiene,0.714607224239815,2.17412824505692,0.22593206044453,0.521443933584898,47.208168,90.5335453333333,2024-12-31,2024,515.89792,86.24339,64.031609,255.12716,210.848892561983,121.05645,84.31261,69.6798429752066,2.18903,21.20833,85.23994,291.871,0.379894485961366,0.620105514038634,4.26163099942217,1.61897011788251,0.193096381104775,De 1 - 5M€,De 1 a 5M€,,Metal,9.408106666666667,0.07912479262382877,3.025966815640027
463,FINCA 9 OLIVERES SL.,B42709196,COCENTAINA,1043,Alimentación,Industria,Fabricación de aceite de oliva,2020-05-19,2020,5,Menor de 10 años,Sin marca,No,Sin auditor,No,0.0,No Grupo Corporativo,0,No participadas,,No consejo,No realiza actividad exterior,,,,,469.6019,75.92551,21.31017,21.31017,0.0156963082877197,0.0397597837657812,18.67127,37.6354,1357.654909,1047.36709,120.21762,1,39.95009,De 1 a 5M€,De 1 - 5M€,0.296255078054821,Crece,0.161680585193544,2.89107626906961,0.0801432021463286,0.0294258060241728,39.95009,1357.654909,2024-12-31,2024,1142.70746,9.74742,3.12891,197.37046,163.116082644628,231.98,144.71799,119.601644628099,60.71713,8.92385,12.05276,284.63247,0.841677404489833,0.15832259551016703,4.9258878351582,4.146008487904,0.202919339951747,De 1 - 5M€,De 1 a 5M€,El comtat,Alimentación,37.6354,0.013752589024078724,1.363828090757757
464,PLASNOVO SL,B03184470,IBI,2016,Metal,Industria,Fabricación de plásticos en formas primarias,1985-11-11,1985,40,Entre 25 y 50 años,Sin marca,No,Sin auditor,No,0.0,No Grupo Corporativo,0,No participadas,,No consejo,No realiza actividad exterior,,,,,2068.7025,460.78304,327.1628,40.89535,0.242004059325194,0.0336531134853852,69.61828,897.17817,1351.88972,953.951929,1137.43789,8,396.797529,De 1 a 5M€,De 1 - 5M€,0.417146586638958,Crece,0.222740118504232,0.653496440401653,0.433691248499966,0.293513237899316,49.599691125,168.986215,2024-12-31,2024,616.19847,38.48289,18.494149,498.12136,411.670545454545,588.8242,159.31412,131.664561983471,0.0,31.13539,49.629539,927.63144,0.45580527825894,0.54419472174106,1.04648971628544,0.476995536326603,0.64267829736221,De 1 - 5M€,De 1 a 5M€,,Metal,112.14727125,0.05149701116153173,3.1266617171158444
465,HELLO MY BAG SOCIEDAD LIMITADA.,B98990633,ONTINYENT,1512,Textil,Industria,"Fabricación de artículos de marroquinería, viaje y de guarnicionería y talabartería",2018-04-05,2018,7,Menor de 10 años,Sin marca,No,Sin auditor,No,0.0,No Grupo Corporativo,0,No participadas,,No consejo,Exportador,0.0,0.0,0.0,0.0,304.13905,260.21543,113.99238,56.99619,0.0843627891269966,0.244155822805391,74.25732,,1351.21635,1645.84464,1442.3894,2,187.824,De 1 a 5M€,De 1 - 5M€,-0.179013427415604,Decrece,0.855580465579806,4.44275850141572,,0.139003646603299,93.912,675.608175,2024-12-31,2024,571.57104,74.25732,55.373709,133.39819,110.246438016529,164.7315,0.02856,0.023603305785124,0.0,,,298.10113,0.423004828205343,0.576995171794657,3.4697130785551,1.46770538471603,0.203486536194403,De 1 - 5M€,De 1 a 5M€,La Vall d'Albaida,Textil,,0.054955906950060224,4670.804971988792
466,PINTAMETAL ROMAN SL,B53514287,CASTALLA,2561,Metal,Industria,Tratamiento y revestimiento de metales,2000-12-13,2000,25,Mayor de 50 años,"APLICACION INDUSTRIAL PINTAMETAL ROMAN, S.L. TRATAMIENTO ANTICORROSIVO",Sí,Sin auditor,No,2.0,Grupo Corporativo,0,No participadas,,No consejo,No realiza actividad exterior,,,,,560.05984,373.46538,404.89372,25.3058575,0.30056974996997,0.0639285437784648,35.80381,196.18395,1347.08739,1201.65761,1902.23161,16,440.71816,De 1 a 5M€,De 1 - 5M€,0.121024307414822,Crece,0.666831208607994,2.40525617762559,0.350291051041974,0.327163748448421,27.544885,84.192961875,2024-12-31,2024,438.55089,26.4569,18.60376,279.44712,230.948033057851,30.56489,126.98009,104.942223140496,51.05012,9.34691,27.95067,183.03192,0.325554892173699,0.674445107826301,14.348191339802,4.67112388451684,0.116229059138736,De 1 - 5M€,De 1 a 5M€,,Metal,12.261496875,0.026578683956057225,2.2007160335135953
467,PLASTICOS RASPA SL,B03109246,TIBI,2229,Plástico,Industria,Fabricación de otros productos de plástico,1982-06-30,1982,43,Entre 25 y 50 años,Sin marca,No,Sin auditor,No,0.0,No Grupo Corporativo,0,No participadas,,No consejo,No realiza actividad exterior,,,,,899.69505,509.17163,397.23584,30.5566030769231,0.295735280471714,0.0787442578460335,70.845819,484.39746,1343.21424,1197.66657,1374.48258,13,468.28166,De 1 a 5M€,De 1 - 5M€,0.121526035414013,Crece,0.565938014219374,1.49296613335819,0.538401828486219,0.348627676847738,36.0216661538462,103.324172307692,2024-12-31,2024,631.69279,40.08959,21.21391,189.79145,156.852438016529,75.391,121.82396,100.680958677686,41.34186,30.75623,51.97014,143.35849,0.470284464822231,0.5297155351777689,8.37888859412927,3.94046113829518,0.0979460129449216,De 1 - 5M€,De 1 a 5M€,,Plástico,37.261343076923076,0.05274349905641263,1.5579156185696148
468,MASTER BABY HOME SL,B54366331,BANYERES DE MARIOLA,3109,Mueble,Industria,Fabricación de otros muebles,2008-08-12,2008,17,Entre 10 y 25 años,Sin marca,No,Sin auditor,No,0.0,No Grupo Corporativo,0,No participadas,,No consejo,Importador / Exportador,0.0,0.0,0.0,0.0,3787.09524,1166.01874,372.35343,37.235343,0.280762608311652,0.0176625317719762,66.88969,37.28128,1326.22158,1345.42151,1702.426079,10,447.838199,De 1 a 5M€,De 1 - 5M€,-0.0142705686339146,Se mantiene,0.30789263699637,0.350194937268068,0.00984429427763744,0.337679770676028,44.7838199,132.622158,2023-12-31,2023,629.10544,62.55409,35.21802,540.2512,446.488595041322,3115.157,0.0,0.0,0.0,4.3356,39.55362,3655.4082,0.474359224346206,0.525640775653794,0.201949834310117,0.0957967667601918,2.68555846832271,De 1 - 5M€,De 1 a 5M€,L'Alcoià,Otros,3.7281280000000003,0.05043628531515828,
469,DOBLETALL ONTINYENT SL,B96516208,ONTINYENT,2512,Metal,Industria,Fabricación de carpintería metálica,1996-02-08,1996,29,Entre 25 y 50 años,Sin marca,No,Sin auditor,No,0.0,No Grupo Corporativo,0,No participadas,,No consejo,No realiza actividad exterior,,,,,1241.56196,752.09319,505.29361,45.9357827272727,0.383815705182241,0.290974620388659,361.26302,306.92532,1316.50061,1004.71655,748.82203,11,866.97989,De 1 a 5M€,De 1 - 5M€,0.310320418231391,Crece,0.605763718791771,1.06035836503883,0.247209023704302,0.658548794747615,78.8163536363636,119.681873636364,2023-12-31,2023,329.38611,341.79931,257.46407,355.4379,293.750330578512,51.85682,204.66543,169.144983471074,8.16903,19.46371,276.92778,202.62929,0.250198220568998,0.749801779431002,6.35183781034009,1.58921851748997,0.134038803907154,De 1 - 5M€,De 1 a 5M€,La Vall d'Albaida,Metal,27.90230181818182,0.27441158572649654,1.7366777574502947
471,TEXTILES SANZ MARTI SL,B96049671,AIELO DE MALFERIT,1320,Textil,Industria,Fabricación de tejidos textiles,1992-03-06,1992,33,Entre 25 y 50 años,LANOVENANUBE,Sí,Sin auditor,No,0.0,No Grupo Corporativo,0,No participadas,,No consejo,No realiza actividad exterior,,,,,580.11972,161.60008,172.6222,24.6603142857143,0.131438167639152,0.0191373084162697,11.10193,1.76344,1313.33389,1305.32782,1311.18811,7,183.74516,De 1 a 5M€,De 1 - 5M€,0.00613337881667153,Se mantiene,0.278563328272999,2.26390147537133,0.00303978633927493,0.139907422932641,26.2493085714286,187.619127142857,2024-12-31,2024,602.388,11.10193,3.962029,172.98269,142.960900826446,212.22766,127.49799,105.370239669421,24.38308,,,257.71236,0.45867087157859,0.54132912842141,2.83840475836185,1.30189358441064,0.190216915179905,De 1 - 5M€,De 1 a 5M€,La Vall d'Albaida,Textil,0.25192,0.00845324260992001,1.3567483691311562
472,MUESTRARIOS TEXTILES AGULLO SL,B53200168,MURO DE ALCOY,1392,Textil,Industria,"Fabricación de artículos confeccionados con textiles, excepto prendas de vestir",1997-06-18,1997,28,Entre 25 y 50 años,Sin marca,No,Sin auditor,No,2.0,Grupo Corporativo,0,No participadas,,No consejo,Exportador,0.0,0.0,0.0,0.0,1013.78093,702.49471,583.89017,26.5404622727273,0.44583992543971,0.108705220959325,110.20328,424.74704,1309.64083,1128.500619,1004.68242,22,694.11218,De 1 a 5M€,De 1 - 5M€,0.160514055508906,Crece,0.692945279607893,1.29183809957838,0.41897319966356,0.530001939539408,31.5505536363636,59.5291286363636,2023-12-31,2023,481.95394,78.60611,56.94292,341.92295,282.580950413223,,76.6252,63.3266115702479,0.0,31.59717,88.54009,265.29775,0.368004668883147,0.631995331116853,,,,De 1 - 5M€,De 1 a 5M€,El comtat,Textil,19.306683636363637,0.0841477124686163,4.462278075620031
473,NOVATEX BAÑERES SL,B53215257,BANYERES DE MARIOLA,1330,Textil,Industria,Acabado de textiles,1997-09-22,1997,28,Entre 25 y 50 años,Sin marca,No,Sin auditor,No,0.0,No Grupo Corporativo,0,No participadas,,No consejo,No realiza actividad exterior,,,,,1599.3678,443.2451,650.25097,34.2237352631579,0.497375859587926,0.0958792092725638,153.34612,1042.45536,1307.36335,1785.580849,1852.044869,19,803.66858,De 1 a 5M€,De 1 - 5M€,-0.267821812307083,Decrece,0.277137691530366,0.817425078834274,0.651792139369068,0.614724728209644,42.2983463157895,68.8085973684211,2024-12-31,2024,147.54102,39.4326,15.47082,85.68991,70.8181074380165,391.70226,29.73196,24.571867768595,352.4973,113.91352,129.38434,447.66021,0.11285387493844,0.88714612506156,0.376666246449535,0.0425082454703475,0.334986061579148,De 1 - 5M€,De 1 a 5M€,L'Alcoià,Textil,54.86607157894736,0.11729418604246479,2.882080764268488
474,GENEROS DE PUNTO MOLLA SL,B46679189,ONTINYENT,1413,Textil,Industria,Confección de otras prendas de vestir exteriores,1990-02-07,1990,35,Entre 25 y 50 años,RISS,Sí,Sin auditor,No,0.0,No Grupo Corporativo,0,No participadas,,No consejo,No realiza actividad exterior,,,,,489.94447,328.49413,392.44439,23.0849641176471,0.30212807290853,0.068815410856663,33.71573,106.26294,1298.93388,1735.78469,1929.08808,17,426.16012,De 1 a 5M€,De 1 - 5M€,-0.251673385827594,Decrece,0.670472165957909,2.65118591908997,0.216887721990208,0.328084536527756,25.0682423529412,76.4078752941176,2024-12-31,2024,695.54592,7.11555,1.23238,187.20246,154.712776859504,99.02132,114.2898,94.4543801652893,3.79655,26.60018,27.83256,171.93398,0.535474461563817,0.46452553843618305,7.02420367654158,3.76128168161069,0.122623421520282,De 1 - 5M€,De 1 a 5M€,La Vall d'Albaida,Textil,6.250761176470588,0.025956463619225944,1.6379629678238983
475,INDUSTRIAS TEXTILES ANGELA SOCIEDAD LIMITADA.,B98791916,AGULLENT,1392,Textil,Industria,"Fabricación de artículos confeccionados con textiles, excepto prendas de vestir",2016-01-01,2016,9,Menor de 10 años,CASAPREMIUM,Sí,Sin auditor,No,2.0,Grupo Corporativo,0,No participadas,,No consejo,No realiza actividad exterior,,,,,748.21754,156.37162,229.60628,22.960628,0.17718632159319,0.0799792129973323,59.84185,210.11777,1295.84653,1123.67957,915.75765,10,289.44813,De 1 a 5M€,De 1 - 5M€,0.153217131107937,Crece,0.208992186951405,1.73191145719466,0.280824437769796,0.223366057090109,28.944813,129.584653,2024-12-31,2024,1192.3242,38.52792,22.3768,28.7435,23.754958677686,438.1093,175.51295,145.052024793388,20.13187,21.31393,43.690729,291.33985,0.920112198780206,0.079887801219794,2.72152223200923,2.50410580492322,0.244482835389695,De 1 - 5M€,De 1 a 5M€,La Vall d'Albaida,Textil,21.011777000000002,0.046179735496918756,0.16376854243518865
476,INMETAL COLLECTION SL.,B16749905,L'OLLERIA,2599,Metal,Industria,Fabricación de otros productos metálicos n.c.o.p.,2021-07-23,2021,4,Menor de 10 años,Sin marca,No,Sin auditor,No,2.0,Grupo Corporativo,1,Participadas,,No consejo,No realiza actividad exterior,,,,,718.34925,218.5086,162.79126,40.697815,0.125689897388455,0.156964498814469,112.75533,82.61135,1295.18174,925.33989,188.28041,4,266.555169,De 1 a 5M€,De 1 - 5M€,0.399682164355845,Crece,0.30418156627852,1.80299727465436,0.115001651355521,0.205805224678353,66.63879225,323.795435,2024-12-31,2024,840.06541,103.66691,73.81602,207.31043,171.330933884298,427.12608,63.01956,52.0822809917355,307.57418,9.08842,82.90444,571.41695,0.64860813278606,0.35139186721394,1.9667855683268,1.27567311506302,0.421851788068416,De 1 - 5M€,De 1 a 5M€,,Metal,20.6528375,0.08705753526142208,3.289620397222715
477,EDELPLAST SL,B53240560,CASTALLA,2229,Plástico,Industria,Fabricación de otros productos de plástico,1998-01-01,1998,27,Entre 25 y 50 años,Sin marca,No,Sin auditor,No,2.0,Grupo Corporativo,0,No participadas,,No consejo,No realiza actividad exterior,,,,,1090.1591,497.18012,372.26249,31.0218741666667,0.290541424217105,0.135911050964946,148.164669,824.00521,1281.27165,1015.62639,929.29879,12,520.49305,De 1 a 5M€,De 1 - 5M€,0.26155805187378,Crece,0.456061982145542,1.17530702628635,0.755857755074466,0.406231613725317,43.3744208333333,106.7726375,2024-12-31,2024,472.75839,84.15667,60.244929,182.91521,151.169595041322,49.956,109.93071,90.851826446281,19.84447,64.008,124.25293,122.940499,0.368975923255619,0.631024076744381,9.46349567619505,3.49180205434963,0.0860658772829644,De 1 - 5M€,De 1 a 5M€,,Plástico,68.66710083333334,0.11563876325523945,1.6639136597953348
478,BELLVIPLAS SL,B96941372,L'OLLERIA,2016,Metal,Industria,Fabricación de plásticos en formas primarias,2000-01-01,2000,25,Mayor de 50 años,BRICOMED,Sí,Sin auditor,No,0.0,No Grupo Corporativo,0,No participadas,,No consejo,No realiza actividad exterior,,,,,1175.11924,877.65634,166.39928,27.7332133333333,0.12998074068438,0.0940409238810523,110.509299,663.83909,1280.184119,1195.51302,1195.35925,6,276.96535,De 1 a 5M€,De 1 - 5M€,0.0708240709917152,Crece,0.746865773383133,1.08940784511366,0.564912110536119,0.216348059540332,46.1608916666667,213.364019833333,2024-12-31,2024,738.31307,101.77973,70.77058,223.76777,184.932041322314,201.5,38.01769,31.4195785123967,71.24933,8.72957,79.50015,387.25008,0.576724128226746,0.423275871773254,3.6640847146402,2.11316606279981,0.277313596959187,De 1 - 5M€,De 1 a 5M€,,Metal,110.63984833333335,0.08632297289105802,5.885885491727664
479,ILUSIONES EN CARTON SL.,B54588397,CASTALLA,1721,Papel y Cartón,Industria,Fabricación de papel y cartón ondulados; fabricación de envases y embalajes de papel y cartón,2011-09-30,2011,14,Entre 10 y 25 años,Sin marca,No,Sin auditor,No,2.0,Grupo Corporativo,0,No participadas,,No consejo,No realiza actividad exterior,,,,,727.13606,138.72591,65.30898,65.30898,0.0512919759930954,0.0983099366575218,71.4847,229.97458,1273.27869,1207.33961,1295.103,1,136.79368,De 1 a 5M€,De 1 - 5M€,0.0546151881822217,Crece,0.190783977898167,1.75108725868993,0.316274481009785,0.107434202012758,136.79368,1273.27869,2024-12-31,2024,1022.86398,52.65951,32.467199,198.27795,163.866074380165,109.0512,221.21192,182.819768595041,90.69385,18.82519,51.29239,86.11723,0.803330793198149,0.19666920680185096,9.379667348915,7.53497561133867,0.0707602400736982,De 1 - 5M€,De 1 a 5M€,,Papel y cartón,229.97458,0.05614222601966267,0.8963257947401749
480,PLASTICOS SOLVI SOCIEDAD LIMITADA.,B98974751,L'OLLERIA,2229,Plástico,Industria,Fabricación de otros productos de plástico,2018-02-07,2018,7,Menor de 10 años,Sin marca,No,Sin auditor,No,2.0,Grupo Corporativo,0,No participadas,,No consejo,No realiza actividad exterior,,,,,622.80894,209.87764,29.73046,29.73046,0.0236995352292525,0.148962665821721,92.77528,84.02589,1254.47439,1158.0348,1216.8724,1,122.50574,De 1 a 5M€,De 1 - 5M€,0.0832786631282585,Crece,0.336985593045598,2.01422026793642,0.134914392847347,0.0976550346316755,122.50574,1254.47439,2024-12-31,2024,1078.01523,79.96815,58.095479,312.32059,258.116190082645,135.09943,245.52069,202.909661157025,16.774027,12.80713,70.90261,201.89933,0.859336179832256,0.14066382016774404,7.97942100866006,6.85700516685519,0.151701748909852,De 1 - 5M€,De 1 a 5M€,,Plástico,84.02589,0.07395549940242302,1.272074422729914
481,ALMASSERA EL TEULAR SL.,B98958556,ATZENETA D'ALBAIDA,1043,Alimentación,Industria,Fabricación de aceite de oliva,2017-12-05,2017,8,Menor de 10 años,ACEITE DE OLIVA VIRGEN EXTRA EL TEULAR,Sí,Sin auditor,No,0.0,No Grupo Corporativo,0,No participadas,,No consejo,No realiza actividad exterior,,,,,643.49058,232.25792,27.55264,27.55264,0.0222371316445225,0.401429776951824,258.31628,316.69073,1239.0375,160.90878,218.15623,1,285.87135,De 1 a 5M€,De 1 - 5M€,6.70024792929261,Crece,0.360934452218399,1.92549438719056,0.49214509091959,0.23072049877425,285.87135,1239.0375,2024-09-30,2024,729.50994,214.69318,156.580099,89.57791,74.0313305785124,7.54568,0.39188,0.323867768595041,0.0,43.6231,200.203199,96.731709,0.58877147786084,0.41122852213915995,96.679151514509,56.9219269155295,0.0655776300635916,De 1 - 5M€,De 1 a 5M€,,Alimentación,316.69073,0.20848140593000616,228.58505154639195
482,BALBASTRE Y SANJAIME SL,B46215877,LA POBLA DEL DUC,2830,Maquinaria,Industria,Fabricación de maquinaria agraria y forestal,1983-12-07,1983,42,Entre 25 y 50 años,MARISAN,Sí,Sin auditor,No,0.0,No Grupo Corporativo,0,No participadas,,No consejo,No realiza actividad exterior,,,,,1000.29627,360.14378,359.3263,32.6660272727273,0.29007253752899,0.0391948967279464,39.206509,101.81136,1238.74636,1369.14378,1419.87336,11,398.532809,De 1 a 5M€,De 1 - 5M€,-0.0952401215305525,Decrece,0.360037111804886,1.23837946531581,0.101781205282311,0.321722688250725,36.2302553636364,112.613305454545,2024-12-31,2024,719.81786,32.19651,12.319619,271.0491,224.007520661157,607.6346,251.42778,207.791553719008,188.91988,7.01,19.32962,627.255919,0.581085751888708,0.41891424811129196,1.18462289672115,0.688367486645791,0.503614450130169,De 1 - 5M€,De 1 a 5M€,,Otros,9.255578181818182,0.03165015072173451,1.0780395865564272
483,CERDA SATORRES SL,B98276868,ALBAIDA,1439,Textil,Industria,Confección de otras prendas de vestir de punto,2010-07-19,2010,15,Entre 10 y 25 años,Sin marca,No,Sin auditor,No,0.0,No Grupo Corporativo,0,No participadas,,No consejo,Importador,62.0,661.0994156,0.0,0.0,443.78298,245.08369,82.11492,27.37164,0.0663619624740455,0.2020528141931,89.6676,10.76514,1237.37932,1132.82252,898.91584,3,171.08994,De 1 a 5M€,De 1 - 5M€,0.092297600157172,Crece,0.552260228636979,2.78825321331611,0.0242576675653492,0.138267980751448,57.02998,412.459773333333,2024-12-31,2024,871.04894,89.6676,41.94717,308.09427,254.623363636364,77.59358,0.0,0.0,101.78073,,,385.68785,0.70394657961473,0.29605342038527005,11.2257862055082,7.90235380285374,0.268484318645606,De 1 - 5M€,De 1 a 5M€,La Vall d'Albaida,Textil,3.5883800000000003,0.07246573346643614,
484,CARELI WOOD SL.,B98966971,L'OLLERIA,1623,Madera,Industria,Fabricación de otras estructuras de madera y piezas de carpintería y ebanistería para la construcción,2018-01-09,2018,7,Menor de 10 años,W CARELI WOOD,Sí,Sin auditor,No,2.0,Grupo Corporativo,0,No participadas,,No consejo,Importador / Exportador,0.0,0.0,0.0,0.0,749.68464,192.57287,254.50287,31.81285875,0.207248525587708,0.11516623843327,86.33836,478.35122,1228.008109,1132.522329,591.0576,8,338.06127,De 1 a 5M€,De 1 - 5M€,0.0843124921733884,Crece,0.256871836136325,1.6380329054094,0.638069922307599,0.27529237593984,42.25765875,153.501013625,2024-12-31,2024,670.53679,43.98318,8.58284,58.83887,48.6271652892562,205.4519,98.44084,81.3560661157025,28.42324,42.35518,50.93802,165.84993,0.546036125564379,0.45396387443562103,3.2637166655553,1.78210720299971,0.140652979331062,De 1 - 5M€,De 1 a 5M€,,Madera,59.7939025,0.07030764647825301,0.5977079228499064
485,FORNITURAS JOMAR SL,B53762753,IBI,2454,Metal,Industria,Fundición de otros metales no férreos,2003-04-15,2003,22,Entre 10 y 25 años,GASICA,Sí,Sin auditor,No,3.0,Grupo Corporativo,1,Participadas,,No consejo,Exportador,0.0,0.0,0.0,0.0,2181.92998,785.14269,244.67472,30.58434,0.200827470041379,0.106408510414253,232.175919,1235.17247,1218.33293,1374.57377,1078.77415,8,480.902,De 1 a 5M€,De 1 - 5M€,-0.113664936295125,Decrece,0.359838627818845,0.55837398136855,0.566091708405785,0.39472133450419,60.11275,152.29161625,2024-12-31,2024,537.00326,134.162049,79.37762,317.35709,262.27858677686,423.87905,111.30201,91.985132231405,192.71037,98.01387,177.39149,629.93413,0.440768895576023,0.559231104423977,1.26687851168865,0.558400642426003,0.487693051640207,De 1 - 5M€,De 1 a 5M€,,Metal,154.39655875,0.19056853285579337,2.851314994221582
486,COLORMANT SL,B96201900,AGULLENT,1711,Papel y Cartón,Industria,Fabricación de pasta papelera,1993-07-23,1993,32,Entre 25 y 50 años,Sin marca,No,Sin auditor,No,2.0,Grupo Corporativo,0,No participadas,,No consejo,No realiza actividad exterior,,,,,661.6341,233.47325,196.93595,28.1337071428571,0.161885648018543,0.0233719664690801,15.46369,48.99828,1216.51272,1285.81426,1276.46861,7,212.39964,De 1 a 5M€,De 1 - 5M€,-0.0538970068662951,Decrece,0.352873665368819,1.83864876372001,0.0740564611164993,0.174597138614383,30.3428057142857,173.787531428571,2024-12-31,2024,917.21268,13.03341,7.21763,423.54004,350.033090909091,154.83675,157.04074,129.78573553719,100.0,2.43028,9.64791,421.33605,0.753968836429429,0.24603116357057098,5.92374019733687,4.46631550389632,0.308327318905388,De 1 - 5M€,De 1 a 5M€,La Vall d'Albaida,Papel y cartón,6.999754285714286,0.012711490595840215,2.6970074134902857
487,ARTESANIAS OVIEDO SL,B97304489,L'OLLERIA,1629,Madera,Industria,"Fabricación de otros productos de madera; artículos de corcho, cestería y espartería",2003-02-17,2003,22,Entre 10 y 25 años,DEKOWOOD YOUR HOME WITH STYLE,Sí,Sin auditor,No,0.0,No Grupo Corporativo,0,No participadas,,No consejo,Exportador,0.0,0.0,0.0,0.0,679.40238,376.78974,293.92225,41.9888928571429,0.241684630811861,0.243205372639407,165.234309,147.67862,1216.139599,943.71649,921.31453,7,459.077839,De 1 a 5M€,De 1 - 5M€,0.288670497852591,Crece,0.554589961842642,1.79001374560978,0.217365473462133,0.377487781318434,65.5825484285714,173.734228428571,2024-12-31,2024,601.84396,133.530769,100.39284,248.03735,204.989545454545,103.33012,115.11851,95.1392644628099,9.47662,31.70354,132.09638,236.248959,0.494880653910851,0.505119346089149,5.82447750955868,2.88242123861945,0.175292705843168,De 1 - 5M€,De 1 a 5M€,,Madera,21.096945714285713,0.13586787991762447,2.154626132669711
488,DALBER SL,B03324258,CASTALLA,2740,Mueble,Industria,Fabricación de lámparas y aparatos eléctricos de iluminación,1988-03-11,1988,37,Entre 25 y 50 años,DIDUS,Sí,Sin auditor,No,0.0,No Grupo Corporativo,0,No participadas,,No consejo,Importador / Exportador,0.0,0.0,0.0,0.0,1809.87741,1612.85878,505.11724,63.139655,0.416284342615754,-0.0930032437942855,-168.32447,360.62632,1213.39476,1418.5898,1601.2702,8,349.5171,De 1 a 5M€,De 1 - 5M€,-0.144647198224603,Decrece,0.891142555340254,0.670429252995649,0.199254556141457,0.288048961081718,43.6896375,151.674345,2024-12-31,2024,395.87956,-208.795,-148.82704,461.14177,381.108900826446,142.65156,36.04559,29.7897438016529,0.0,40.47053,-108.35651,567.74774,0.326257845385784,0.6737421546142159,2.77515058370199,0.905414650059713,0.407098112921465,De 1 - 5M€,De 1 a 5M€,,Otros,45.07829,-0.13872193580265668,12.793292327854797
489,REKLIN COAT SL.,B54907969,IBI,1419,Textil,Industria,Confección de otras prendas de vestir y accesorios,2016-01-14,2016,9,Menor de 10 años,R REKLIN,Sí,Sin auditor,No,2.0,Grupo Corporativo,0,No participadas,,No consejo,No realiza actividad exterior,,,,,866.00044,163.01336,200.73375,25.09171875,0.165757761658516,0.100002512700802,86.60222,411.40139,1211.00664,688.3815,627.83133,8,292.88026,De 1 a 5M€,De 1 - 5M€,0.759208578382772,Crece,0.188237040618594,1.39839032876242,0.475059100431866,0.241848599608009,36.6100325,151.37583,2024-12-31,2024,661.25651,51.48884,35.88158,250.94311,207.391,61.5402,176.42818,145.80841322314,0.0,35.11338,70.994959,136.05513,0.546038715361627,0.45396128463837304,10.7451147380087,5.86724864795553,0.101669786696512,De 1 - 5M€,De 1 a 5M€,,Textil,51.42517375,0.07151258889876937,1.4223527670012854
490,ANTONIO GINER SL,B03827193,COCENTAINA,1391,Textil,Industria,Fabricación de tejidos de punto,1993-01-14,1993,32,Entre 25 y 50 años,Sin marca,No,Sin auditor,No,0.0,No Grupo Corporativo,0,No participadas,,No consejo,Importador / Exportador,0.0,0.0,0.0,0.0,605.46384,351.33576,281.51777,35.18972125,0.233453174463397,0.130646266175037,79.10159,61.1769,1205.88538,910.77901,851.7758,8,360.61936,De 1 a 5M€,De 1 - 5M€,0.324015339352188,Crece,0.580275380277045,1.99167200472286,0.101041376806252,0.299049450288551,45.07742,150.7356725,2024-12-31,2024,698.28579,71.51459,66.58495,248.14282,205.076710743802,160.007,72.47593,59.8974628099174,0.0,7.587,74.17195,335.67389,0.579064811284137,0.420935188715863,4.36409525833245,2.52709399719228,0.253080643480299,De 1 - 5M€,De 1 a 5M€,El comtat,Textil,7.6471125,0.06559627582515347,3.4237962865740426
492,URDIDOS JORDI SL,B53472353,COCENTAINA,1320,Textil,Industria,Fabricación de tejidos textiles,2000-07-10,2000,25,Mayor de 50 años,Sin marca,No,Sin auditor,No,2.0,Grupo Corporativo,0,No participadas,,No consejo,No realiza actividad exterior,,,,,323.34755,193.15144,162.44742,27.07457,0.13557412447498,0.195269764685089,63.14,7.07688,1198.21847,1320.40998,1371.676569,6,218.66763,De 1 a 5M€,De 1 - 5M€,-0.0925405834936206,Decrece,0.597349322733387,3.70566738483097,0.0218862954118564,0.182493957049419,36.444605,199.703078333333,2024-12-31,2024,891.1289,61.29741,41.23496,259.03891,214.081743801653,40.761,81.31817,67.2050991735537,0.0,1.84259,43.077549,218.48174,0.743711537012111,0.256288462987889,21.862292387331,16.2592390739901,0.156597189349033,De 1 - 5M€,De 1 a 5M€,El comtat,Textil,1.17948,0.0526948979512893,3.1854985177359523
493,RH PLUS SL,B97446249,ALBAIDA,1320,Textil,Industria,Fabricación de tejidos textiles,2004-04-01,2004,21,Entre 10 y 25 años,Sin marca,No,Sin auditor,No,0.0,No Grupo Corporativo,0,No participadas,,No consejo,No realiza actividad exterior,,,,,1387.35687,354.81384,26.01888,13.00944,0.0217370135219067,0.0238522046602184,33.09152,353.50642,1196.98504,990.95547,568.80558,2,59.47376,De 1 a 5M€,De 1 - 5M€,0.207910018398708,Crece,0.255748068627793,0.862780922402467,0.254805686730048,0.0496863018438393,29.73688,598.49252,2024-12-31,2024,1090.7236,27.4437,22.051,702.45949,580.545033057851,211.67539,1028.3285,849.85826446281,0.0,5.64782,27.69882,-114.19362,0.911225757675301,0.088774242324699,5.15281252109657,4.695375493695,-0.048152516095739,De 1 - 5M€,De 1 a 5M€,La Vall d'Albaida,Textil,176.75321,0.02764572563078984,0.6831080632307669
494,TEX AGUILA SL,B53175279,COCENTAINA,1413,Textil,Industria,Confección de otras prendas de vestir exteriores,1997-02-25,1997,28,Entre 25 y 50 años,Sin marca,No,Sin auditor,No,2.0,Grupo Corporativo,0,No participadas,,No consejo,No realiza actividad exterior,,,,,1199.21909,848.01744,300.08881,37.51110125,0.251116495445162,0.176292682265423,211.41355,267.673669,1195.01831,1080.21362,986.93989,8,511.50236,De 1 a 5M€,De 1 - 5M€,0.10627961717424,Crece,0.707141378144672,0.996497070439397,0.223206644417243,0.428028889364883,63.937795,149.37728875,2024-12-31,2024,551.08132,144.058,110.582709,168.59934,139.338297520661,106.775,202.17403,167.085975206612,0.0,67.35555,177.93826,73.200309,0.461148850514265,0.538851149485735,5.1611455865137,2.38005635455757,0.0661306372067635,De 1 - 5M€,De 1 a 5M€,El comtat,Textil,33.459208625,0.1769123939197216,0.8339317369298093
496,VICENTE BARCELO VAÑO SL,B03027158,BANYERES DE MARIOLA,1392,Textil,Industria,"Fabricación de artículos confeccionados con textiles, excepto prendas de vestir",1970-01-30,1970,55,Mayor de 50 años,BARCELO INSPIRACION EN TU HOGAR,Sí,Sin auditor,No,0.0,No Grupo Corporativo,0,No participadas,,No consejo,Importador / Exportador,0.0,0.0,0.0,0.0,2197.069,1620.04541,345.3559,43.1694875,0.290316523743444,0.019254752581735,42.30402,577.00502,1189.584029,1254.76428,1863.449859,8,389.33932,De 1 a 5M€,De 1 - 5M€,-0.051946211761782,Decrece,0.737366650751524,0.54144136074015,0.26262489707879,0.327290305273592,48.667415,148.698003625,2024-12-31,2024,599.59962,18.70164,7.615809,294.04901,243.015710743802,1021.83224,122.08065,100.893099173554,212.88462,23.60238,31.21819,1193.8006,0.504041417321348,0.495958582678652,0.586788708095568,0.295765812096653,0.978455345057636,De 1 - 5M€,De 1 a 5M€,L'Alcoià,Textil,72.1256275,0.0355620275396283,2.4086455142563508
497,SOLER TEXTIL 2000 S.L.U.,B96649827,AGULLENT,1320,Textil,Industria,Fabricación de tejidos textiles,1997-04-25,1997,28,Entre 25 y 50 años,Sin marca,No,Sin auditor,No,2.0,Grupo Corporativo,1,Participadas,,No consejo,No realiza actividad exterior,,,,,746.76919,393.53383,318.85294,35.4281044444444,0.268248399782859,0.182093867584441,135.98209,238.30868,1188.64806,1239.04973,1482.1725,9,455.39963,De 1 a 5M€,De 1 - 5M€,-0.0406776812743423,Se mantiene,0.52698187776065,1.5917208100136,0.319119593029809,0.383124025794481,50.5999588888889,132.072006666667,2024-12-31,2024,605.23496,76.00949,58.069972,427.61138,353.397834710744,69.91107,173.81926,143.652280991736,35.50737,59.9726,118.042572,323.70319,0.509179277169728,0.490820722830272,8.65721208386597,4.40807299116792,0.235272855885541,De 1 - 5M€,De 1 a 5M€,La Vall d'Albaida,Textil,26.478742222222223,0.11440063259767572,2.460092051939462
498,GUITARRAS PC SOCIEDAD LIMITADA.,B98215288,ALBAIDA,3220,Cultura,Industria,Fabricación de instrumentos musicales,2010-01-15,2010,15,Entre 10 y 25 años,Sin marca,No,Sin auditor,No,0.0,No Grupo Corporativo,0,No participadas,,No consejo,Importador / Exportador,92.0,902.98749892,0.0,0.0,1462.08966,1000.1412,104.0748,26.0187,0.0878742994296143,0.0675587774829076,98.77699,330.99585,1184.35994,966.61307,1074.19196,4,202.851789,De 1 a 5M€,De 1 - 5M€,0.225267872696983,Crece,0.684049157423082,0.810046040541727,0.226385466675142,0.171275456175932,50.71294725,296.089985,2024-12-31,2024,798.95047,82.13319,65.03566,165.67358,136.920314049587,532.91614,0.311,0.25702479338843,0.0,16.6438,81.67946,698.27872,0.674584172443387,0.325415827556613,1.49920486551599,1.0113398735272,0.565351297896988,De 1 - 5M€,De 1 a 5M€,La Vall d'Albaida,Otros,82.7489625,0.0834011575906561,532.7124758842448
500,AMBATEX SL,B53357539,COCENTAINA,1392,Textil,Industria,"Fabricación de artículos confeccionados con textiles, excepto prendas de vestir",1999-04-08,1999,26,Entre 25 y 50 años,Sin marca,No,Sin auditor,No,2.0,Grupo Corporativo,0,No participadas,,No consejo,No realiza actividad exterior,,,,,984.65627,148.09931,101.58782,25.396955,0.0871086438650061,0.119524633707964,117.69068,579.7434,1166.21974,1169.11409,1506.84765,4,219.2785,De 1 a 5M€,De 1 - 5M€,-0.00247567797254078,Se mantiene,0.150407116180756,1.18439274245418,0.588777442101699,0.188025028627967,54.819625,291.554935,2024-12-31,2024,854.71676,64.69316,20.13548,88.05309,72.7711487603306,171.7,50.3116,41.5798347107438,271.74973,52.99752,73.133,209.44149,0.732895123178073,0.26710487682192696,4.97796598718695,3.64832699535564,0.173973486377093,De 1 - 5M€,De 1 a 5M€,El comtat,Textil,144.93585,0.1009163847629607,1.7501548350678577
501,BELLTX SOCIEDAD LIMITADA.,B09874504,ATZENETA D'ALBAIDA,1392,Textil,Industria,"Fabricación de artículos confeccionados con textiles, excepto prendas de vestir",2022-03-09,2022,3,Menor de 10 años,Sin marca,No,Sin auditor,No,0.0,No Grupo Corporativo,0,No participadas,,No consejo,No realiza actividad exterior,,,,,185.84262,23.2745,833.06392,22.5152410810811,0.714576227707159,0.339138944554269,63.02647,58.03971,1165.815329,765.64676,,37,896.16877,De 1 a 5M€,De 1 - 5M€,0.522654296871837,Crece,0.125237687673581,6.27313222876432,0.312305702534758,0.768705598311789,24.2207775675676,31.5085224054054,2023-12-31,2023,163.34201,49.51112,35.87409,68.40575,56.5336776859504,11.7552,5.84033,4.82671900826446,18.77392,13.51535,49.389439,74.32062,0.140109677696647,0.8598903223033529,13.8952982509868,1.94686575944454,0.0544358588354828,De 1 - 5M€,De 1 a 5M€,,Textil,1.5686408108108107,0.05406213868714708,11.71265151113037
502,HILATEX DE MURO SL.,B54972120,MURO DE ALCOY,1310,Textil,Industria,Preparación e hilado de fibras textiles,2016-11-28,2016,9,Menor de 10 años,EUROFIL,Sí,Sin auditor,No,0.0,No Grupo Corporativo,0,No participadas,,No consejo,No realiza actividad exterior,,,,,2690.85311,2106.95993,342.67757,26.3598130769231,0.294845353728526,0.00270255926381652,7.27219,891.43832,1162.22815,1208.61189,1295.45639,13,375.70764,De 1 a 5M€,De 1 - 5M€,-0.0383776962511928,Se mantiene,0.783008155357837,0.43191809529878,0.331284646005816,0.323264963079753,28.9005876923077,89.4021653846154,2024-12-31,2024,499.34383,-7.3568,3.99376,247.94943,204.916884297521,1525.269,63.81911,52.7430661157025,318.8944,14.62899,18.62275,1709.399319,0.429643551483416,0.570356448516584,0.327380829217666,0.140657062152664,1.44329907874097,De 1 - 5M€,De 1 a 5M€,El comtat,Textil,68.57217846153846,0.00625711053376224,3.8851909717951303
503,TEXTILES OLCINA S L,B03102647,COCENTAINA,1320,Textil,Industria,Fabricación de tejidos textiles,1983-12-23,1983,42,Entre 25 y 50 años,TEXOL,Sí,Sin auditor,No,0.0,No Grupo Corporativo,0,No participadas,,No consejo,Importador / Exportador,0.0,0.0,0.0,0.0,1160.58292,587.50985,433.70191,25.5118770588235,0.375109012387303,0.0226075358751618,26.23792,194.02333,1156.202319,1104.62055,1123.33644,17,459.939829,De 1 a 5M€,De 1 - 5M€,0.0466963691740117,Se mantiene,0.506219624531438,0.996225516570587,0.167177481812329,0.39780220247076,27.0552840588235,68.0119011176471,2024-12-31,2024,474.85744,25.89292,16.97965,284.0114,234.720165289256,528.614,212.59474,175.698132231405,35.74679,0.345,17.32465,600.03066,0.410704452150472,0.589295547849528,0.898306590442175,0.368938516090712,0.508246717206118,De 1 - 5M€,De 1 a 5M€,El comtat,Textil,11.413137058823528,0.02269319094835685,1.3359286311599228
504,BARCELO FRANCES SL,B03894474,BANYERES DE MARIOLA,1399,Textil,Industria,Fabricación de otros productos textiles n.c.o.p.,1993-11-22,1993,32,Entre 25 y 50 años,Sin marca,No,Sin auditor,No,0.0,No Grupo Corporativo,0,No participadas,,No consejo,No realiza actividad exterior,,,,,1891.98695,423.2013,255.45429,28.38381,0.221195791121321,0.0203222437660048,38.44942,595.55309,1154.87862,1193.31664,1000.70783,9,295.0291,De 1 a 5M€,De 1 - 5M€,-0.0322110818801622,Se mantiene,0.223680876868627,0.610405172192123,0.314776531624597,0.25546329708658,32.7810111111111,128.319846666667,2024-12-31,2024,639.61961,32.19828,3.77888,71.78372,59.3253884297521,1217.87032,589.40772,487.113818181818,83.80581,6.25114,10.03002,700.24632,0.553841415819093,0.44615858418090704,0.525195170204985,0.290874836647678,0.684125479998871,De 1 - 5M€,De 1 a 5M€,L'Alcoià,Textil,66.17256555555555,0.03329303992137286,0.12178958226064646
505,PROFILBER COMPOSITES SL.,B42693408,COCENTAINA,2221,Plástico,Industria,"Fabricación de placas, hojas, tubos y perfiles de plástico",2020-01-23,2020,5,Menor de 10 años,PIF,Sí,Sin auditor,No,2.0,Grupo Corporativo,0,No participadas,,No consejo,Importador / Exportador,0.0,0.0,0.0,0.0,749.01489,400.50688,138.74575,27.74915,0.121622377379631,0.462963226271777,346.76635,465.59808,1140.7913,930.58389,707.93914,5,485.55209,De 1 a 5M€,De 1 - 5M€,0.225887652106249,Crece,0.5347115062025,1.52305556969635,0.62161391744829,0.425627448245792,97.110418,228.15826,2024-12-31,2024,399.31118,256.99773,199.30601,111.19044,91.8929256198347,6.712,98.49391,81.3999256198347,0.0,89.76862,289.07463,19.40853,0.350030001105373,0.649969998894627,59.4921305125149,20.8240305090566,0.015081636755119,De 1 - 5M€,De 1 a 5M€,El comtat,Plástico,93.119616,0.30397001625100045,1.1289067516966278
506,SOLUCIONES ENERGETICAS LEVANTE SOCIEDAD LIMITADA,B98196785,LA POBLA DEL DUC,2830,Maquinaria,Industria,Fabricación de maquinaria agraria y forestal,2009-11-10,2009,16,Entre 10 y 25 años,Sin marca,No,Sin auditor,No,2.0,Grupo Corporativo,0,No participadas,,No consejo,No realiza actividad exterior,,,,,1783.79788,643.91965,359.31447,51.3306385714286,0.315921629550462,0.0990645638619102,176.711159,769.61666,1137.35318,781.60398,1403.17724,7,536.02563,De 1 a 5M€,De 1 - 5M€,0.455152748838357,Crece,0.360982405697219,0.637602047155701,0.431448354451458,0.471292153946411,76.57509,162.479025714286,2024-12-31,2024,608.92998,155.03527,119.09176,163.44922,135.082,840.132,181.30773,149.841099173554,349.11909,21.67589,140.76765,822.27349,0.535392163760425,0.464607836239575,0.724802745282884,0.388053710096499,0.725696217622081,De 1 - 5M€,De 1 a 5M€,,Otros,109.94523714285715,0.1553705235167145,0.9015016623946464
507,PERFIL 10 FACTORY SOCIEDAD LIMITADA.,B02648236,BOCAIRENT,2512,Metal,Industria,Fabricación de carpintería metálica,2020-10-07,2020,5,Menor de 10 años,Sin marca,No,Sin auditor,No,3.0,Grupo Corporativo,0,No participadas,,No consejo,No realiza actividad exterior,,,,,1198.36252,72.21087,921.19119,32.8996853571429,0.81216668182514,0.104950445212522,125.76868,1085.22084,1134.23908,1140.83293,996.63551,28,1046.959869,De 1 a 5M€,De 1 - 5M€,-0.00577985595138808,Se mantiene,0.0602579509913244,0.946490783106268,0.90558643306034,0.923050428662712,37.3914238928571,40.5085385714286,2024-12-31,2024,0.81523,63.20457,3.37702,82.91873,68.5278760330579,,0.85391,0.705710743801653,78.32472,62.56411,65.94113,82.064819,0.000718746174748273,0.9992812538252517,,,,De 1 - 5M€,De 1 a 5M€,,Metal,38.75788714285714,0.11088374771921983,97.10476513918333
508,TROQUELADOS CRUNE SL,B03507746,IBI,2599,Metal,Industria,Fabricación de otros productos metálicos n.c.o.p.,1990-07-19,1990,35,Entre 25 y 50 años,NEINOX BY CRUNE,Sí,Sin auditor,No,2.0,Grupo Corporativo,0,No participadas,,No consejo,Importador,1.0,5.1744257,0.0,0.0,1948.43611,1814.54515,457.5587,35.1968230769231,0.403527839549058,0.0803152072561414,156.48905,818.03711,1133.89624,1602.36456,1396.60955,13,616.45367,De 1 a 5M€,De 1 - 5M€,-0.292360634835808,Decrece,0.93128285843563,0.581951973780654,0.419842922126915,0.54365968265315,47.4195130769231,87.2227876923077,2024-12-31,2024,407.48577,17.37056,13.21904,242.84559,200.698834710744,76.3294,39.65944,32.7763966942149,0.9,139.11849,152.33753,279.51555,0.359367776014497,0.640632223985503,5.33851661351982,1.91849084261706,0.215409337644976,De 1 - 5M€,De 1 a 5M€,,Metal,62.92593153846154,0.1380100263847775,6.12327329886655
509,FUNDICIONES BLAS DIAZ MARTINEZ SL,B53616561,IBI,2454,Metal,Industria,Fundición de otros metales no férreos,2001-12-18,2001,24,Entre 10 y 25 años,Sin marca,No,Sin auditor,No,2.0,Grupo Corporativo,0,No participadas,,No consejo,Importador,67.0,603.77986057,0.0,0.0,847.53625,341.38021,179.3668,29.8944666666667,0.158349477625884,0.0614640848695262,52.09304,223.69344,1132.72745,882.67103,888.227969,6,231.563479,De 1 a 5M€,De 1 - 5M€,0.283295147910315,Crece,0.402791278839106,1.33649439773225,0.263933772744234,0.204430005646989,38.5939131666667,188.787908333333,2024-12-31,2024,693.60553,23.10686,17.14452,361.61804,298.857884297521,187.64,63.76133,52.6953140495868,0.0,28.98618,46.1307,485.49671,0.612332234025052,0.387667765974948,3.69646946280111,2.26346740416239,0.38297171155156,De 1 - 5M€,De 1 a 5M€,,Metal,37.28224,0.04598903293109035,5.671431885125362
510,PEPRI SL,B03116100,IBI,3240,Juguete,Industria,Fabricación de juegos y juguetes,1982-11-03,1982,43,Entre 25 y 50 años,Sin marca,No,Sin auditor,No,0.0,No Grupo Corporativo,0,No participadas,,No consejo,Importador / Exportador,0.0,0.0,0.0,0.0,1479.26662,710.13292,365.91199,28.1470761538462,0.323479378706205,0.106373170240264,157.35428,1004.46956,1131.17563,1435.49246,1024.69139,13,523.26627,De 1 a 5M€,De 1 - 5M€,-0.211994725489537,Decrece,0.48005742196765,0.764686781075341,0.679032127420005,0.46258622986777,40.2512515384615,87.01351,2024-12-31,2024,331.37136,47.28017,9.13282,244.06533,201.706884297521,230.73173,149.28723,123.377876033058,161.38218,110.07411,119.20693,325.509829,0.292944217689697,0.707055782310303,1.43617594337805,0.420719438197646,0.273220824483695,De 1 - 5M€,De 1 a 5M€,,Juguete,77.26688923076924,0.13910685116156543,1.6348707789674983
511,VISOMO'S PACKAGING SOCIEDAD LIMITADA.,B04944955,ONTINYENT,1394,Textil,Industria,"Fabricación de cuerdas, cordeles, bramantes y redes",2021-03-12,2021,4,Menor de 10 años,Sin marca,No,Sin auditor,No,0.0,No Grupo Corporativo,0,No participadas,,No consejo,No realiza actividad exterior,,,,,992.08813,537.26939,184.74198,30.79033,0.164048592032574,0.177977928231033,176.56979,301.60518,1126.14182,958.89638,789.00434,6,361.310989,De 1 a 5M€,De 1 - 5M€,0.174414507644715,Crece,0.541554095602374,1.13512276374076,0.304010471327784,0.320839686958788,60.2184981666667,187.690303333333,2024-12-31,2024,689.60033,152.7462,117.49006,230.53641,190.525958677686,166.18049,242.90841,200.750752066116,20.857739,23.82359,141.31365,153.80849,0.612356559141015,0.38764344085898494,4.14970692407996,2.54110025347325,0.138486728617866,De 1 - 5M€,De 1 a 5M€,La Vall d'Albaida,Textil,50.26753,0.15679178844454955,0.9490672224975648
512,IRR-LOP SL.,B54470604,IBI,2599,Metal,Industria,Fabricación de otros productos metálicos n.c.o.p.,2010-01-13,2010,15,Entre 10 y 25 años,Sin marca,No,Sin auditor,No,0.0,No Grupo Corporativo,0,No participadas,,No consejo,Importador,4.0,29.0643072,0.0,0.0,1995.39657,46.24476,502.19549,50.219549,0.44683578078812,-0.0525762304983816,-104.91043,904.68971,1123.89274,1441.40483,1343.86234,10,397.28506,De 1 a 5M€,De 1 - 5M€,-0.22027960736055,Decrece,0.0231757239113626,0.563242794388486,0.453388425940814,0.3534901915996,39.728506,112.389274,2024-12-31,2024,576.19334,-182.76581,-181.088539,744.49801,615.287611570248,306.29297,296.91712,245.386049586777,432.1683,77.85538,-103.233159,753.87386,0.512676449889693,0.48732355011030704,1.88118369154865,0.96443857657355,0.601653972765649,De 1 - 5M€,De 1 a 5M€,,Metal,90.468971,-0.0933455891885199,2.5074270220592187
513,VICENTE FERRE SL,B03734803,BANYERES DE MARIOLA,1310,Textil,Industria,Preparación e hilado de fibras textiles,1992-01-01,1992,33,Entre 25 y 50 años,Sin marca,No,Sin auditor,No,2.0,Grupo Corporativo,0,No participadas,,No consejo,No realiza actividad exterior,,,,,980.28209,766.63672,70.0342,70.0342,0.0624712192915684,0.241875988981906,237.1067,6.36664,1121.06344,1171.75909,1278.64883,1,307.147459,De 1 a 5M€,De 1 - 5M€,-0.0432645672925824,Se mantiene,0.782057254560266,1.14361310018425,0.00649470194849729,0.273978659940958,307.147459,1121.06344,2024-12-31,2024,775.15707,229.91947,176.45507,203.73757,168.378157024793,38.1842,150.45045,124.339214876033,0.0,7.18723,183.6423,91.47132,0.691447996912646,0.308552003087354,20.300466423285,14.0367168447729,0.073343879761845,De 1 - 5M€,De 1 a 5M€,L'Alcoià,Textil,6.36664,0.21150158995462381,1.3541838525574343
514,ANTONIO GARCIA JUAN SL,B03035995,IBI,3240,Juguete,Industria,Fabricación de juegos y juguetes,1973-05-15,1973,52,Mayor de 50 años,Sin marca,No,Sin auditor,No,0.0,No Grupo Corporativo,0,No participadas,,No consejo,No realiza actividad exterior,,,,,639.37726,374.53061,316.81738,28.80158,0.282677918343737,0.205256330198544,131.23623,191.43046,1120.77159,1240.97662,612.106029,11,448.05361,De 1 a 5M€,De 1 - 5M€,-0.096863251138446,Decrece,0.585774054585551,1.75291124679661,0.299401420688624,0.399772454974523,40.7321463636364,101.888326363636,2024-12-31,2024,518.57797,107.09603,78.31687,222.456,183.847933884298,35.47187,117.96764,97.4939173553719,4.51573,24.1402,102.457069,139.960229,0.462697283395629,0.537302716604371,14.6194144825181,6.76436336589585,0.10869822862741,De 1 - 5M€,De 1 a 5M€,,Juguete,17.402769090909093,0.11709453663078666,1.8857374785152992
515,FERCASE 2013 SL.,B54711353,MURO DE ALCOY,1391,Textil,Industria,Fabricación de tejidos de punto,2013-05-28,2013,12,Entre 10 y 25 años,Sin marca,No,Sin auditor,No,2.0,Grupo Corporativo,0,No participadas,,No consejo,No realiza actividad exterior,,,,,847.84737,222.21254,334.28948,33.428948,0.30040977614319,0.21634313732671,183.42596,555.95604,1112.7783,1043.50592,1263.26614,10,517.715439,De 1 a 5M€,De 1 - 5M€,0.0663842712075844,Crece,0.262090262779255,1.31247479130589,0.655726560784166,0.465245807722886,51.7715439,111.27783,2024-12-31,2024,258.03816,38.97391,28.41868,237.15727,195.997743801653,28.253,0.0,0.0,0.0,144.45205,172.870729,265.41027,0.231886405405282,0.768113594594718,9.13312426998903,2.11784735708749,0.201523289770885,De 1 - 5M€,De 1 a 5M€,El comtat,Textil,55.595604,0.16483603247834722,
516,ARTISFABRICS SL.,B42567685,MURO DE ALCOY,1391,Textil,Industria,Fabricación de tejidos de punto,2018-04-17,2018,7,Menor de 10 años,ARTISFABRICS,Sí,Sin auditor,No,0.0,No Grupo Corporativo,0,No participadas,,No consejo,Importador / Exportador,0.0,0.0,0.0,0.0,496.28496,22.55308,177.28179,88.640895,0.159410745495779,-0.00757421502356227,-3.758969,20.69672,1112.1069,1086.91481,652.26843,2,173.522819,De 1 a 5M€,De 1 - 5M€,0.0231776122362342,Se mantiene,0.045443811152367,2.24086359578578,0.0417032988466948,0.156030700825613,86.7614095,556.05345,2024-12-31,2024,884.46944,-11.8878,-14.18408,349.99006,289.247983471074,46.42402,305.25257,252.274851239669,157.78508,8.12883,-6.05525,91.16151,0.795309731465563,0.20469026853443695,19.0519786955115,15.1522240602149,0.0749902300142234,De 1 - 5M€,De 1 a 5M€,El comtat,Textil,10.34836,-0.003380042871777884,1.1465589298724008
517,ACEITUNAS DURA SL,B53736054,CASTALLA,1032,Alimentación,Industria,Elaboración de zumos de frutas y hortalizas,2003-01-28,2003,22,Entre 10 y 25 años,Sin marca,No,Sin auditor,No,0.0,No Grupo Corporativo,0,No participadas,,No consejo,No realiza actividad exterior,,,,,458.32325,175.34549,116.59287,29.1482175,0.105172548913909,0.0725361172491249,33.244989,41.8833,1108.58652,882.33299,590.62358,4,149.83786,De 1 a 5M€,De 1 - 5M€,0.25642646547762,Crece,0.382580394950507,2.4187874387782,0.0913837558971752,0.135161178037777,37.459465,277.14663,2024-12-31,2024,846.3152,23.87757,15.976559,186.74736,154.336661157025,216.27348,231.18452,191.06158677686,39.64071,9.36742,25.343979,171.836319,0.763418267074003,0.23658173292599705,3.9131714161163,2.98738654125503,0.161961697297352,De 1 - 5M€,De 1 a 5M€,,Alimentación,10.470825,0.029988628221818893,0.8077848810984393
519,EXPORT TEDELMUN SL,B54665286,MURO DE ALCOY,1310,Textil,Industria,Preparación e hilado de fibras textiles,2012-10-29,2012,13,Entre 10 y 25 años,Sin marca,No,Sin auditor,No,4.0,Grupo Corporativo,2,Participadas,,No consejo,Importador / Exportador,0.0,0.0,0.0,0.0,2052.15487,244.33362,62.70347,10.4505783333333,0.0571057710722689,0.0641474003372855,131.6404,535.91391,1098.023349,1310.585,2690.11607,6,194.34387,De 1 a 5M€,De 1 - 5M€,-0.162188374657119,Decrece,0.119061978982122,0.535058715622179,0.261146913341877,0.176994296320742,32.390645,183.0038915,2024-12-31,2024,748.94189,73.39746,25.86155,1001.48354,827.672347107438,236.90097,415.82665,343.658388429752,11.43082,58.24294,84.10449,822.55786,0.68208193448899,0.31791806551101,3.16141335343625,2.15634293583112,0.656557011592006,De 1 - 5M€,De 1 a 5M€,El comtat,Textil,89.318985,0.11988852524847356,2.408415958909801
520,FRANDA-05 S.L.,B54038922,CASTALLA,1520,Textil,Industria,Fabricación de calzado,2005-08-08,2005,20,Entre 10 y 25 años,Sin marca,No,Sin auditor,No,0.0,No Grupo Corporativo,0,No participadas,,No consejo,No realiza actividad exterior,,,,,712.88313,372.97584,479.36452,34.2403228571429,0.450391518227531,0.311818572561817,222.2902,429.97377,1064.32848,995.18572,769.98409,14,701.734779,De 1 a 5M€,De 1 - 5M€,0.0694772429009531,Crece,0.523193528229515,1.49299153705601,0.603147629542026,0.65932162127241,50.1239127857143,76.0234628571428,2024-12-31,2024,208.45542,180.05848,136.97332,122.10586,100.913933884298,31.9586,69.43365,57.3831818181818,9.15488,42.23172,179.20504,84.63081,0.195856283015183,0.804143716984817,6.52267058006296,1.27750601514362,0.0709267425279419,De 1 - 5M€,De 1 a 5M€,,Textil,30.712412142857143,0.20885488284594247,1.758597740432782
521,HERRAJES Y ACCESORIOS PARA MUEBLES MALLE SL,B03233822,IBI,2572,Metal,Industria,Fabricación de cerraduras y herrajes,1986-06-11,1986,39,Entre 25 y 50 años,EGOKI,Sí,Sin auditor,No,0.0,No Grupo Corporativo,0,No participadas,,No consejo,Importador / Exportador,13.0,106.38597437,0.0,0.0,1144.57272,813.46905,210.53647,35.0894116666667,0.199199353717355,0.0346217407662835,39.6271,199.27118,1056.913419,1065.99174,929.37001,6,238.55977,De 1 a 5M€,De 1 - 5M€,-0.00851631458232494,Se mantiene,0.710718537831305,0.923413078550396,0.174100934364398,0.225713635300149,39.7599616666667,176.1522365,2022-12-31,2022,645.29805,35.03215,17.15719,193.55371,159.961743801653,373.6053,240.24068,198.546016528926,0.0,4.59495,21.75214,326.91833,0.610549585613692,0.389450414386308,1.72721867168373,1.05455264426073,0.316980578777879,De 1 - 5M€,De 1 a 5M€,,Metal,33.21186333333333,0.03749323197873032,0.8056658431036732
522,INDUFLEC SL,B46193124,ONTINYENT,1413,Textil,Industria,Confección de otras prendas de vestir exteriores,1982-09-20,1982,43,Entre 25 y 50 años,Sin marca,No,Sin auditor,No,0.0,No Grupo Corporativo,0,No participadas,,No consejo,No realiza actividad exterior,,,,,882.69131,513.1936,439.858,25.874,0.4164170162596,0.0245874970718812,21.70317,448.4893,1056.292089,926.385289,1176.89235,17,461.56117,De 1 a 5M€,De 1 - 5M€,0.14022977430938,Crece,0.581396456706932,1.19667212878758,0.508093027448067,0.436963577410642,27.1506570588235,62.1348287647059,2024-12-31,2024,370.81021,21.70317,8.77472,196.58719,162.468752066116,146.56328,133.75547,110.541710743802,122.19836,,,209.394999,0.351048932261766,0.648951067738234,2.53003487640288,0.888166041946258,0.187912342986708,De 1 - 5M€,De 1 a 5M€,La Vall d'Albaida,Textil,26.381723529411765,0.02054656115104162,1.4697506576740356
523,RYSE ENERGIA SL.,B87322822,CASTALLA,2732,Construcción,Industria,Fabricación de otros hilos y cables electrónicos y eléctricos,2015-06-25,2015,10,Mayor de 50 años,Sin marca,No,RSM Spain Auditores S.L.P.,Sí,6.0,Grupo Corporativo,0,No participadas,,No consejo,Importador / Exportador,0.0,0.0,0.0,0.0,1490.78565,-1025.71454,302.06406,33.5626733333333,0.286102948698034,-0.39113168281436,-583.0935,355.97648,1055.788,793.92097,525.78153,9,-281.02944,De 1 a 5M€,De 1 - 5M€,0.329840172882699,Crece,-0.688036231097341,0.708209124497543,0.238784482531073,-0.266179801247978,-31.2254933333333,117.309777777778,2023-12-31,2023,980.94698,-615.49887,-686.34005,745.70147,616.28220661157,332.46019,338.89781,280.080834710744,49.96736,32.40537,-653.93468,739.263849,0.929113590986069,0.07088640901393095,2.95056975092266,2.74141445673462,0.63332938231996,De 1 - 5M€,De 1 a 5M€,,Otros,39.55294222222222,-0.5522827499460118,2.2003726433050694
524,CARPINTERIA METALICA CREFER SL,B53052957,IBI,2512,Metal,Industria,Fabricación de carpintería metálica,1995-09-01,1995,30,Entre 25 y 50 años,"CARPINTERIA METALICA GREFER, S.L.",Sí,Sin auditor,No,2.0,Grupo Corporativo,0,No participadas,,No consejo,No realiza actividad exterior,,,,,538.97845,328.78554,235.89819,39.316365,0.224586115269599,0.0676932816145061,36.48522,129.64718,1050.36854,1153.30374,706.50336,6,277.43526,De 1 a 5M€,De 1 - 5M€,-0.0892524635357552,Decrece,0.610016114744476,1.94881361212123,0.240542418718225,0.2641313495547,46.23921,175.061423333333,2024-12-31,2024,692.85567,26.05951,21.72569,165.22512,136.549685950413,206.00257,69.9644,57.8218181818182,63.72268,10.42571,32.151399,301.26329,0.659631018651796,0.34036898134820404,3.36333507878081,2.21856014408351,0.271076700153829,De 1 - 5M€,De 1 a 5M€,,Metal,21.60786333333333,0.03473563669376465,2.3615598790241847
525,MONTSERRAT 1958 SL.,B42582627,BANYERES DE MARIOLA,1320,Textil,Industria,Fabricación de tejidos textiles,2018-06-05,2018,7,Menor de 10 años,Sin marca,No,Sin auditor,No,2.0,Grupo Corporativo,0,No participadas,,No consejo,No realiza actividad exterior,,,,,483.71478,42.02942,74.50722,18.626805,0.0712217540745817,0.0759039862292403,36.71588,9.26438,1046.13009,1488.40682,1572.84389,4,113.694269,De 1 a 5M€,De 1 - 5M€,-0.297147744861852,Decrece,0.086888848010805,2.16270027969788,0.0191525675523084,0.108680813301145,28.42356725,261.5325225,2024-12-31,2024,795.26591,35.96937,10.51171,152.62905,126.139710743802,267.60209,205.00663,169.426966942149,152.77089,0.74651,11.25822,215.22451,0.760197911905966,0.23980208809403403,2.9718224921188,2.2591732530639,0.214423460280789,De 1 - 5M€,De 1 a 5M€,L'Alcoià,Textil,2.316095,0.035096858747271094,0.7445078727453849
526,SANCLIM SEL-LECCIO SL.,B40506263,BENICOLET,1043,Alimentación,Industria,Fabricación de aceite de oliva,2018-06-11,2018,7,Menor de 10 años,Sin marca,No,Sin auditor,No,0.0,No Grupo Corporativo,0,No participadas,,No consejo,No realiza actividad exterior,,,,,243.64926,17.47557,160.18099,22.8829985714286,0.153638926219596,0.0669986438702913,16.32417,24.0,1042.58077,206.88974,2.482,7,176.50516,De 1 a 5M€,De 1 - 5M€,4.03930629909439,Crece,0.0717242892508682,4.27902292828634,0.0985022486832096,0.169296389381899,25.2150228571429,148.94011,2023-12-31,2023,775.08446,10.32417,7.50876,149.30967,123.396421487603,45.25,182.75706,151.038892561983,5.08501,6.0,13.50876,11.80261,0.743428693778804,0.25657130622119595,17.1289383425414,12.7341442578133,0.0168884075289628,De 1 - 5M€,De 1 a 5M€,,Alimentación,3.4285714285714284,0.015657463162302522,0.8169844163612617
527,EL TEMPLO DEL DESCANSO SOCIEDAD LIMITADA.,B40572844,ONTINYENT,3103,Mueble,Industria,Fabricación de colchones,2019-04-01,2019,6,Menor de 10 años,Sin marca,No,Sin auditor,No,0.0,No Grupo Corporativo,0,No participadas,,No consejo,Exportador,0.0,0.0,0.0,0.0,414.40175,83.10635,160.28877,32.057754,0.153907572728367,0.225734109472269,93.54461,93.13273,1041.46123,671.22049,593.51303,5,254.08322,De 1 a 5M€,De 1 - 5M€,0.551593322188361,Crece,0.200545364492307,2.51316803078172,0.224740194750625,0.243968006375043,50.816644,208.292246,2024-12-31,2024,578.31962,78.25323,59.06145,258.06999,213.280983471074,29.10671,162.41237,134.225099173554,0.0,15.29138,74.35283,124.76433,0.55529635030197,0.44470364969803,19.8689449958446,11.0331526405431,0.103856573035869,De 1 - 5M€,De 1 a 5M€,La Vall d'Albaida,Otros,18.626545999999998,0.08982053993502957,1.5889798911252817
528,SEMPERE Y SANZ SL,B46131579,BENIGANIM,1320,Textil,Industria,Fabricación de tejidos textiles,1979-01-19,1979,46,Entre 25 y 50 años,Sin marca,No,Sin auditor,No,0.0,No Grupo Corporativo,0,No participadas,,No consejo,No realiza actividad exterior,,,,,708.18897,328.55173,373.61675,33.9651590909091,0.361754298394373,0.0126488696936356,8.95779,111.89738,1032.79146,1047.18151,1069.963909,11,382.57454,De 1 a 5M€,De 1 - 5M€,-0.0137416960312831,Se mantiene,0.463932289145932,1.45835575496184,0.158004974293796,0.370427675689727,34.7795036363636,93.8901327272727,2024-12-31,2024,578.76229,3.35467,2.40428,378.8563,313.104380165289,151.82,267.82577,221.343611570248,0.91144,5.60312,8.0074,262.85053,0.560386401723345,0.439613598276655,3.8121610459755,2.13628321134411,0.235847001092594,De 1 - 5M€,De 1 a 5M€,,Textil,10.17248909090909,0.008673377295354475,1.4145625344416992
529,CURVAS CANO SL,B53332920,IBI,2512,Metal,Industria,Fabricación de carpintería metálica,1999-01-12,1999,26,Entre 25 y 50 años,Sin marca,No,Sin auditor,No,0.0,No Grupo Corporativo,0,No participadas,,No consejo,Importador,2.0,10.53607062,0.0,0.0,549.59455,277.05856,419.56598,27.9710653333333,0.409219383504512,0.143567162374518,78.90373,299.12291,1025.28374,1099.70098,1071.107129,15,498.480209,De 1 a 5M€,De 1 - 5M€,-0.0676704316477011,Decrece,0.50411446037811,1.86552748749055,0.544261055718256,0.486187568916288,33.2320139333333,68.3522493333333,2024-12-31,2024,455.82075,33.24257,22.768199,165.9743,137.168842975207,16.76,35.89724,29.6671404958678,32.4041,45.66116,68.42936,146.83706,0.444580102284661,0.5554198977153391,27.196942124105,12.0912193113646,0.121197379448677,De 1 - 5M€,De 1 a 5M€,,Metal,19.941527333333333,0.07695794531960488,4.623595017332817
530,MARAMAT SL,B53124673,ONIL,1812,Artes gráficas,Industria,Otras actividades de impresión y artes gráficas,1996-06-27,1996,29,Entre 25 y 50 años,Sin marca,No,Sin auditor,No,0.0,No Grupo Corporativo,0,No participadas,,No consejo,Exportador,0.0,0.0,0.0,0.0,1039.51249,815.74239,392.21439,43.5793766666667,0.382993114569612,0.134210104584698,139.51308,366.94645,1024.07687,922.40737,920.72974,9,532.51574,De 1 a 5M€,De 1 - 5M€,0.110221907702234,Crece,0.784735535019882,0.985151097126308,0.35299859648632,0.519995867107125,59.1684155555556,113.786318888889,2024-12-31,2024,409.54908,51.86643,41.49106,241.16414,199.30920661157,58.5938,73.35009,60.6199090909091,19.22599,87.64665,129.137709,226.40785,0.399920252080295,0.600079747919705,6.98963166751431,2.79529525842074,0.192644813392437,De 1 - 5M€,De 1 a 5M€,,Otros,40.77182777777778,0.13623301539854132,3.2878506352207566
531,ALBAIDA MAQUINAS SL,B46640280,ALBAIDA,2829,Maquinaria,Industria,Fabricación de otra maquinaria de uso general n.c.o.p.,1989-07-11,1989,36,Entre 25 y 50 años,Sin marca,No,Sin auditor,No,0.0,No Grupo Corporativo,0,No participadas,,No consejo,Importador / Exportador,0.0,0.0,0.0,0.0,709.79108,569.84347,504.87601,38.8366161538462,0.49612961207503,0.0712716198124102,50.58796,30.74263,1017.62926,967.35361,978.69247,13,555.46397,De 1 a 5M€,De 1 - 5M€,0.0519723599315456,Crece,0.802832672960613,1.43370251990205,0.0433122236475556,0.545841193677941,42.7279976923077,78.2791738461539,2024-12-31,2024,291.44488,45.34438,44.49268,493.53286,407.878396694215,51.29668,32.54128,26.8936198347107,0.0,5.24358,49.73626,512.28826,0.286395931657861,0.713604068342139,5.68155443978051,1.6271740770458,0.424792676322519,De 1 - 5M€,De 1 a 5M€,La Vall d'Albaida,Otros,2.364817692307692,0.049711581602911066,15.166362847435654
532,SOLUCIONES EMPRESARIALES PARA EL EMPAQUETADO SL,B97229447,MONTAVERNER,1621,Madera,Industria,Fabricación de chapas y tableros de madera,2002-06-13,2002,23,Entre 10 y 25 años,Sin marca,No,Sin auditor,No,0.0,No Grupo Corporativo,0,No participadas,,No consejo,No realiza actividad exterior,,,,,4628.12997,2752.91889,478.02289,28.1189935294118,0.469772916553201,0.00220845764191017,10.221029,3462.95178,1017.56162,999.05807,978.18248,17,488.24606,De 1 a 5M€,De 1 - 5M€,0.0185209954812735,Se mantiene,0.594823159212186,0.219864529863235,0.748239959216184,0.479819649644412,28.7203564705882,59.8565658823529,2022-12-31,2022,293.6075,-36.73993,-83.13518,153.4473,126.815950413223,900.95309,39.69959,32.8095785123967,522.10664,46.96096,-36.174219,1014.700799,0.288540265502545,0.7114597344974549,0.325885446488673,0.0940310732532573,0.97778792197452,De 1 - 5M€,De 1 a 5M€,,Madera,203.70304588235294,0.010044629041728205,3.8652112024330685
534,MEDIAVILLA Y BALAGUER S.L.,B53272449,ONIL,2893,Alimentación,Industria,"Fabricación de maquinaria para la industria de la alimentación, bebidas y tabaco",1998-03-30,1998,27,Entre 25 y 50 años,Sin marca,No,Sin auditor,No,10.0,Grupo Corporativo,0,No participadas,,No consejo,No realiza actividad exterior,,,,,866.37438,705.50098,872.04407,37.9149595652174,0.873962137223321,0.139391448763755,120.76518,116.57524,997.80532,1091.41189,1043.650309,23,992.809249,Menos de 1M€,Menos de 1M€,-0.0857664927949429,Decrece,0.814314222911347,1.15170224678158,0.134555271590556,0.994992940105791,43.1656195217391,43.38284,2024-12-31,2024,,104.91098,80.80384,129.04709,106.650487603306,,0.0,0.0,0.0,15.8542,96.65804,129.04709,,1.0,,,,Menos de 1M€,Menos de 1M€,,Alimentación,5.0684886956521735,0.12103080388466961,
535,VICENTE ESPI SL,B46421475,ALBAIDA,1396,Textil,Industria,Fabricación de otros productos textiles de uso técnico e industrial,1987-11-23,1987,38,Entre 25 y 50 años,Sin marca,No,Sin auditor,No,0.0,No Grupo Corporativo,0,No participadas,,No consejo,Importador,59.0,387.0124647,0.0,0.0,1027.935,948.64466,182.47827,36.495654,0.185859825977005,0.132038591934315,135.72709,132.30201,981.80588,991.78067,1162.34198,5,325.85255,Menos de 1M€,Menos de 1M€,-0.0100574555460936,Se mantiene,0.922864441817819,0.955124477715031,0.128706591370077,0.331891014952976,65.17051,196.361176,2024-12-31,2024,545.69788,103.65136,83.44616,194.42484,160.681685950413,44.784,52.27009,43.1984214876033,0.0,32.07573,115.52189,186.93875,0.555810360394256,0.444189639605744,12.1851080743123,6.77260931022646,0.165274284630288,Menos de 1M€,Menos de 1M€,La Vall d'Albaida,Textil,26.460402,0.13824228675428182,3.719619384623209
536,RENOVA 10 SL,B97750939,ONTINYENT,2512,Metal,Industria,Fabricación de carpintería metálica,2006-06-06,2006,19,Entre 10 y 25 años,Sin marca,No,Sin auditor,No,0.0,No Grupo Corporativo,0,No participadas,,No consejo,No realiza actividad exterior,,,,,374.19241,140.67976,236.50364,33.7862342857143,0.241047149778533,0.0408231690215202,15.27572,30.6065,981.15095,1000.91546,1206.02729,7,251.77936,Menos de 1M€,Menos de 1M€,-0.0197464329305095,Se mantiene,0.375955674782393,2.62204930880346,0.081793481594135,0.256616334112503,35.96848,140.164421428571,2024-12-31,2024,637.68716,10.96184,5.49007,243.72911,201.429016528926,34.46216,154.60605,127.773595041322,20.7471,4.31388,9.80395,123.58522,0.649937871435583,0.350062128564417,18.5039811781966,12.0264381400412,0.11019464587748,Menos de 1M€,Menos de 1M€,La Vall d'Albaida,Metal,4.372357142857143,0.015569184333970221,1.5764526032454815
537,NONES BOCAIRENT 23 SOCIEDAD LIMITADA.,B56864739,BOCAIRENT,2512,Metal,Industria,Fabricación de carpintería metálica,2023-12-20,2023,2,Menor de 10 años,NN NONES,Sí,Sin auditor,No,0.0,No Grupo Corporativo,0,No participadas,,No consejo,No realiza actividad exterior,,,,,379.91493,70.94221,321.5819,40.1977375,0.329816829258114,0.0181998638484673,6.9144,29.81789,975.03181,,,8,328.4993,Menos de 1M€,Menos de 1M€,,Se mantiene,0.186731829675659,2.56644773081174,0.0784857020491403,0.336911367025041,41.0624125,121.87897625,2024-12-31,2024,537.17122,1.45019,0.94221,116.93161,96.637694214876,207.38659,178.69322,147.680347107438,0.0,5.46421,6.40642,145.62498,0.550926866683457,0.44907313331654297,2.59019264456781,1.42700671777828,0.160347524566853,Menos de 1M€,Menos de 1M€,,Metal,3.72723625,0.007091460944233194,0.6543707142330302
538,EQUOTEX CONTRACT SOCIEDAD LIMITADA.,B40513277,AGULLENT,1392,Textil,Industria,"Fabricación de artículos confeccionados con textiles, excepto prendas de vestir",2018-07-11,2018,7,Menor de 10 años,Sin marca,No,Sin auditor,No,0.0,No Grupo Corporativo,0,No participadas,,No consejo,Exportador,0.0,0.0,0.0,0.0,324.46021,94.65884,532.75404,24.2160927272727,0.548130729427398,0.252270378546571,81.8517,73.57657,971.94704,967.29597,931.666149,22,614.63127,Menos de 1M€,Menos de 1M€,0.00480832149026744,Se mantiene,0.291742522141621,2.99558161538513,0.226766080192083,0.632371152650457,27.937785,44.1794109090909,2024-12-31,2024,223.52719,55.07262,38.55496,110.13699,91.022305785124,51.41728,49.60832,40.9986115702479,31.80814,26.77908,65.33404,111.94595,0.229978775386774,0.770021224613226,4.34731650526827,0.999790526100307,0.104368828794289,Menos de 1M€,Menos de 1M€,La Vall d'Albaida,Textil,3.3443895454545456,0.08421415635979507,2.2201314215034924
539,SALVADOR EXTREMIANA S.L.,B54325477,IBI,2512,Metal,Industria,Fabricación de carpintería metálica,2008-02-27,2008,17,Entre 10 y 25 años,Sin marca,No,Sin auditor,No,0.0,No Grupo Corporativo,0,No participadas,,No consejo,No realiza actividad exterior,,,,,526.64518,122.57681,401.33738,44.5930422222222,0.413233292497681,0.0915836351146326,48.23208,165.66399,971.212599,795.64208,659.57427,9,449.625459,Menos de 1M€,Menos de 1M€,0.220665200362455,Crece,0.232750274102955,1.84414979170606,0.314564713190767,0.462952662952429,49.9583843333333,107.912511,2023-12-31,2023,409.51394,25.48121,18.47161,242.98299,200.812388429752,30.7005,199.00407,164.466173553719,0.0,22.75087,41.222479,74.679419,0.421652211288911,0.578347788711089,13.3389990391036,5.62441844121869,0.0690340250374296,Menos de 1M€,Menos de 1M€,,Metal,18.407110000000003,0.049661711606358606,1.2209950781408638
540,OLEOS DELS ALFORINS SL.,B72540644,FONTANARS DELS ALFORINS,1043,Alimentación,Industria,Fabricación de aceite de oliva,2022-09-21,2022,3,Menor de 10 años,Sin marca,No,Sin auditor,No,0.0,No Grupo Corporativo,0,No participadas,,No consejo,No realiza actividad exterior,,,,,704.56906,161.77103,57.91992,57.91992,0.0596877136979226,0.00584530351077295,4.11842,55.00433,970.38262,77.67383,,1,62.04133,Menos de 1M€,Menos de 1M€,11.4930445685503,Crece,0.229602801462784,1.37727112229424,0.0780680463033673,0.0639349146628368,62.04133,970.38262,2023-12-31,2023,872.36403,1.00287,0.87007,410.29991,339.090834710744,40.58874,284.79397,235.366917355372,0.08,3.11555,3.98562,166.09468,0.898989751073654,0.10101024892634602,21.4927595682941,19.3217705741866,0.148717273352827,Menos de 1M€,Menos de 1M€,,Alimentación,55.00433,0.004244119706101085,1.4406902997279052
541,QUESERIA ARTESANA LA VALL SL,B96493101,ONTINYENT,1053,Alimentación,Industria,Fabricación de quesos,1996-01-01,1996,29,Entre 25 y 50 años,Sin marca,No,Sin auditor,No,0.0,No Grupo Corporativo,0,No participadas,,No consejo,No realiza actividad exterior,,,,,342.69205,294.49391,259.91016,37.1300228571429,0.268553856167469,0.0585464705119363,20.06341,161.23932,967.813919,924.93368,802.95952,7,279.97357,Menos de 1M€,Menos de 1M€,0.0463603390461467,Se mantiene,0.859354367864676,2.82415048437803,0.470507909360605,0.289284504493678,39.9962242857143,138.259131285714,2024-12-31,2024,576.44292,19.81978,19.81978,32.02675,26.4683884297521,26.402,13.81982,11.4213388429752,0.0,0.24363,20.06341,44.60893,0.595613380509771,0.404386619490229,21.8333050526475,13.0042086301085,0.0428274989365769,Menos de 1M€,Menos de 1M€,La Vall d'Albaida,Alimentación,23.03418857142857,0.020730648326209907,2.317450589081483
544,HILADE SL,B53843967,COCENTAINA,1310,Textil,Industria,Preparación e hilado de fibras textiles,2004-01-12,2004,21,Entre 10 y 25 años,Sin marca,No,Sin auditor,No,0.0,No Grupo Corporativo,0,No participadas,,No consejo,No realiza actividad exterior,,,,,804.3096,497.8564,434.21482,24.1230455555556,0.449895299819702,0.0848500863349138,68.245739,260.17492,965.14638,778.52186,915.970779,18,502.46056,Menos de 1M€,Menos de 1M€,0.239716480151245,Crece,0.618986022297881,1.19996874337942,0.323476084333694,0.520605547937713,27.9144755555556,53.6192433333333,2024-12-31,2024,207.19578,21.93668,14.44058,198.94798,164.419818181818,316.10994,70.42704,58.2041652892562,55.18002,46.30906,60.74964,444.63088,0.214678088519588,0.785321911480412,0.655454807906389,0.140711785272317,0.437576725814961,Menos de 1M€,Menos de 1M€,El comtat,Textil,14.454162222222221,0.0707102470818986,2.8248806140368776
545,INDICE IMPORT EXPORT SL,B96779665,ONTINYENT,1419,Textil,Industria,Confección de otras prendas de vestir y accesorios,1998-07-08,1998,27,Entre 25 y 50 años,Sin marca,No,Sin auditor,No,2.0,Grupo Corporativo,0,No participadas,,No consejo,Importador,0.0,0.0,0.0,0.0,837.52378,289.74821,183.83188,61.2772933333333,0.191371649521042,0.0595279336426722,49.85606,397.48181,960.601429,930.38265,839.25459,3,233.70017,Menos de 1M€,Menos de 1M€,0.0324799468261796,Se mantiene,0.345958188793159,1.14695421424333,0.474591670698592,0.24328526165455,77.9000566666667,320.200476333333,2024-12-31,2024,676.60667,27.43378,9.29643,176.98615,146.269545454545,242.32515,236.8398,195.735371900826,142.53457,22.42228,31.71871,182.4715,0.704357342778844,0.295642657221156,2.79214381998732,1.96666700170264,0.200769349005121,Menos de 1M€,Menos de 1M€,La Vall d'Albaida,Textil,132.49393666666666,0.05190088052638114,0.7472821291016115
546,SEMARPLAST SL,B53175188,IBI,2229,Plástico,Industria,Fabricación de otros productos de plástico,1997-03-10,1997,28,Entre 25 y 50 años,GTS GUIAS TECHNO SQUARE,Sí,Sin auditor,No,0.0,No Grupo Corporativo,0,No participadas,,No consejo,Exportador,0.0,0.0,0.0,0.0,4167.43785,1788.46825,75.37514,75.37514,0.0785050418109525,0.0694434447294757,289.40124,4001.2814,960.1312,714.57864,552.19687,1,372.50385,Menos de 1M€,Menos de 1M€,0.34363266162,Crece,0.429152950655281,0.230388846710695,0.960129831330298,0.387971820934472,372.50385,960.1312,2024-12-31,2024,246.92458,148.54237,108.269359,86.05264,71.1178842975207,,0.1452,0.12,203.32289,140.85887,249.128229,85.90744,0.25717795651261,0.74282204348739,,,,Menos de 1M€,Menos de 1M€,,Plástico,4001.2814,0.3014184311477431,592.6490358126725
547,ITARMA LUX SLL,B53858692,CASTALLA,3240,Juguete,Industria,Fabricación de juegos y juguetes,2004-03-24,2004,21,Entre 10 y 25 años,Sin marca,No,Sin auditor,No,0.0,No Grupo Corporativo,0,No participadas,,No consejo,No realiza actividad exterior,,,,,351.28324,111.9111,243.48338,27.0537088888889,0.253781643689035,0.0744528261581737,26.15403,67.45804,959.42077,1534.59204,1492.67334,9,269.63741,Menos de 1M€,Menos de 1M€,-0.374804022833326,Decrece,0.318577965746387,2.73118857022612,0.19203318666726,0.281041872795812,29.9597122222222,106.602307777778,2024-12-31,2024,348.96617,25.57555,25.57555,222.36111,183.769512396694,8.493,46.08861,38.0897603305785,0.0,0.57848,26.15403,184.7655,0.363725886401229,0.6362741135987711,41.0886812669257,14.9450170148701,0.160693573546584,Menos de 1M€,Menos de 1M€,,Juguete,7.495337777777777,0.02726022910677658,4.824643442273477
548,PLASTICOS NAVARRO VALLS SL.,B54842828,IBI,2016,Metal,Industria,Fabricación de plásticos en formas primarias,2015-02-20,2015,10,Mayor de 50 años,NAVARRO VALLS,Sí,Sin auditor,No,2.0,Grupo Corporativo,0,No participadas,,No consejo,No realiza actividad exterior,,,,,760.6744,157.45489,128.48511,21.414185,0.134421360244658,0.12981204573205,98.7447,515.26274,955.83849,1121.7303,1151.11076,6,227.2808,Menos de 1M€,Menos de 1M€,-0.147889211872052,Decrece,0.206993807074354,1.25656718564474,0.677376207218226,0.237781594252393,37.8801333333333,159.306415,2024-12-31,2024,563.36711,48.91142,16.2349,24.42537,20.1862561983471,154.702,127.12268,105.060066115702,183.04711,49.83328,66.068179,52.00469,0.58939571475093,0.41060428524907,3.64162783932981,2.14635984321868,0.0730543818994406,Menos de 1M€,Menos de 1M€,,Metal,85.87712333333333,0.1033068881752188,0.19214014367853244
549,FLORES RAD S.L.,B53382180,IBI,2229,Plástico,Industria,Fabricación de otros productos de plástico,1999-07-12,1999,26,Entre 25 y 50 años,Sin marca,No,Sin auditor,No,0.0,No Grupo Corporativo,0,No participadas,,No consejo,No realiza actividad exterior,,,,,1297.87911,1211.57443,393.12703,43.6807811111111,0.412108850182253,0.137648667447926,178.65133,512.18203,953.93979,900.45027,912.45371,9,571.77836,Menos de 1M€,Menos de 1M€,0.0594030806387564,Crece,0.933503298315665,0.734998955334137,0.394629997550388,0.599386214930819,63.5309288888889,105.99331,2024-12-31,2024,55.0,77.25733,59.48078,251.19408,207.59841322314,135.71843,0.0,0.0,0.0,101.394,160.87478,386.91251,0.0576556304460264,0.9423443695539736,0.405250782815569,0.0233649893719773,0.359893618886723,Menos de 1M€,Menos de 1M€,,Plástico,56.90911444444445,0.18727736474856552,
550,INYECCION Y FABRICACION DE REDUCTORES SL,B54654058,IBI,3299,Manufacturas,Industria,Otras industrias manufactureras n.c.o.p.,2012-08-21,2012,13,Entre 10 y 25 años,"IFR INYECCION Y FABRICACION DE REDUCTORES, S.L.",Sí,Sin auditor,No,0.0,No Grupo Corporativo,0,No participadas,,No consejo,No realiza actividad exterior,,,,,879.68288,676.32246,263.88687,29.3207633333333,0.2768727821468,0.081939766748672,72.08101,14.12448,953.09791,860.446519,822.08408,9,335.967879,Menos de 1M€,Menos de 1M€,0.107678268148122,Crece,0.768825306683245,1.08345624505049,0.0160563315725776,0.352500908327456,37.3297643333333,105.899767777778,2024-12-31,2024,423.51174,63.74985,47.56738,176.71762,146.047619834711,355.69149,97.70319,80.7464380165289,0.0,8.33116,55.89854,434.70592,0.444352815756358,0.555647184243642,1.19067155640974,0.529078258731674,0.441709783854402,Menos de 1M€,Menos de 1M€,,Otros,1.5693866666666667,0.07562812722986667,1.808719039777518
551,SILLAS SANTA LUCIA SL,B46302188,AIELO DE MALFERIT,3109,Mueble,Industria,Fabricación de otros muebles,1986-01-22,1986,39,Entre 25 y 50 años,MAIGMO,Sí,Sin auditor,No,0.0,No Grupo Corporativo,0,No participadas,,No consejo,No realiza actividad exterior,,,,,766.43516,92.38074,269.97023,22.4975191666667,0.286434681685846,0.0145865959489646,11.17968,275.71679,942.51935,925.03216,756.57681,12,281.14991,Menos de 1M€,Menos de 1M€,0.0189044130098137,Se mantiene,0.120533014169131,1.22974440525406,0.35973922438527,0.298296167606532,23.4291591666667,78.5432791666667,2024-12-31,2024,542.68561,11.17968,7.85792,126.17319,104.275363636364,357.93665,120.90971,99.9253801652893,0.0,,,363.20013,0.575781929569934,0.424218070430066,1.51614988294716,0.872971705120548,0.38438110949242,Menos de 1M€,Menos de 1M€,La Vall d'Albaida,Otros,22.976399166666667,0.011861485920686933,1.0435323184548237
553,BALAGUER GRAIN SERVICES S.L.,B54107735,ONIL,2599,Metal,Industria,Fabricación de otros productos metálicos n.c.o.p.,2006-04-06,2006,19,Entre 10 y 25 años,Sin marca,No,Sin auditor,No,10.0,Grupo Corporativo,2,Participadas,,No consejo,No realiza actividad exterior,,,,,7184.18585,6531.24199,776.26182,35.2846281818182,0.826777759195753,0.0138068574604038,99.19103,5277.41394,938.90022,997.32159,1558.84032,22,2184.721699,Menos de 1M€,Menos de 1M€,-0.0585782666150846,Decrece,0.909113729289172,0.130689856805417,0.73458761370991,2.32689443719589,99.3055317727273,42.6772827272727,2024-12-31,2024,53.692,-59.36445,1241.18673,589.81777,487.452702479339,,0.0,0.0,0.0,158.55548,1399.74221,589.81777,0.0571860554042686,0.9428139445957314,,,,Menos de 1M€,Menos de 1M€,,Metal,239.88245181818183,0.10564597588442358,
554,GIL MAS SA,A46115127,AGULLENT,1414,Textil,Industria,Confección de ropa interior,1977-12-30,1977,48,Entre 25 y 50 años,SABRINA LINGERIE BY GILMAS,Sí,Auditores Valencianos Asociados S.L.,Sí,2.0,Grupo Corporativo,0,No participadas,,No consejo,Importador / Exportador,0.0,0.0,0.0,0.0,6000.10507,4865.32988,440.5478,23.1867263157895,0.470295043158366,-0.00203804764372235,-12.2285,1967.03568,936.7477,894.37939,1054.43285,19,530.00329,Menos de 1M€,Menos de 1M€,0.0473717423206723,Se mantiene,0.810874113576148,0.156121882712297,0.327833539088341,0.565790863430996,27.89491,49.3025105263158,2024-12-31,2024,344.93095,-66.95797,5.90023,201.33631,166.393644628099,2260.42044,175.35159,144.918669421488,304.44474,54.72947,60.6297,2286.40516,0.36822182749955,0.63177817250045,0.152595925915446,0.0561891507095715,2.43597653370978,Menos de 1M€,Menos de 1M€,La Vall d'Albaida,Textil,103.52819368421052,-0.013054208726640055,1.1481863951162303
555,TALLERES DIBER SL,B03031697,IBI,2229,Plástico,Industria,Fabricación de otros productos de plástico,1972-03-15,1972,53,Mayor de 50 años,Sin marca,No,Sin auditor,No,2.0,Grupo Corporativo,1,Participadas,,No consejo,No realiza actividad exterior,,,,,2935.3078,2147.65366,209.26682,52.316705,0.224441772643111,0.100014237007785,293.57257,2519.52783,932.38802,853.979229,2124.225859,4,504.94535,Menos de 1M€,Menos de 1M€,0.091815805744849,Crece,0.731662165037684,0.317645740593201,0.858352173492674,0.541561387714956,126.2363375,233.097005,2024-12-31,2024,307.06263,250.75369,178.0561,183.20217,151.406752066116,94.2905,56.63672,46.8072066115702,141.32528,42.81888,220.87498,220.85595,0.329329231407328,0.670670768592672,3.25655956856735,1.07248025974846,0.213312527819207,Menos de 1M€,Menos de 1M€,,Plástico,629.8819575,0.31486094169249407,3.2346889085384984
556,TUBOS CARTON NADAL SL.,B54908181,BENIARRES,1721,Papel y Cartón,Industria,Fabricación de papel y cartón ondulados; fabricación de envases y embalajes de papel y cartón,2016-01-14,2016,9,Menor de 10 años,Sin marca,No,Sin auditor,No,0.0,No Grupo Corporativo,0,No participadas,,No consejo,No realiza actividad exterior,,,,,652.74362,510.08712,297.09373,27.0085209090909,0.318742384446983,0.256756841223511,167.59639,151.26416,932.08103,940.2129,901.75657,11,465.04804,Menos de 1M€,Menos de 1M€,-0.00864896663298276,Se mantiene,0.781450947004277,1.42794353164264,0.231735945576917,0.498935205236395,42.2770945454545,84.7346390909091,2024-12-31,2024,375.95815,153.562,117.64851,134.86947,111.462371900826,50.28371,60.64297,50.1181570247934,0.0,14.03439,131.6829,124.510209,0.403353504576743,0.596646495423257,7.47673849045745,3.01576867292984,0.119762039225316,Menos de 1M€,Menos de 1M€,,Papel y cartón,13.751287272727273,0.17980881984048103,2.2239918328538235
557,IDJ TECH CHEMICAL SOCIEDAD LIMITADA.,B40528648,COCENTAINA,2059,Química,Industria,Fabricación de otros productos químicos n.c.o.p.,2018-09-28,2018,7,Menor de 10 años,Sin marca,No,Sin auditor,No,0.0,No Grupo Corporativo,0,No participadas,,No consejo,No realiza actividad exterior,,,,,684.68584,508.88753,3.74221,3.74221,0.004028179441384,0.672801381433564,460.657579,51.47922,929.00777,523.7858,181.8795,1,464.39979,Menos de 1M€,Menos de 1M€,0.773640617977807,Crece,0.743242375218392,1.35683800617229,0.0751866286587729,0.49988795034513,464.39979,929.00777,2024-12-31,2024,396.80871,454.88441,350.41276,414.92535,342.913512396694,75.92409,55.31928,45.7184132231405,0.0,5.77317,356.18593,435.530159,0.427131745087557,0.572868254912443,5.22638743513422,2.23235598567256,0.401631935945545,Menos de 1M€,Menos de 1M€,El comtat,Otros,51.47922,0.49585976982732877,7.500555864067639
558,HIJOS DE JOSE CERDA SL,B03483906,BANYERES DE MARIOLA,1392,Textil,Industria,"Fabricación de artículos confeccionados con textiles, excepto prendas de vestir",1990-02-16,1990,35,Entre 25 y 50 años,Sin marca,No,Sin auditor,No,2.0,Grupo Corporativo,0,No participadas,,No consejo,Importador / Exportador,0.0,0.0,0.0,0.0,2217.3738,1263.69474,160.97831,40.2445775,0.173654913794177,0.0232534316045405,51.56155,225.54438,927.00118,1073.045879,1332.31675,4,250.460849,Menos de 1M€,Menos de 1M€,-0.136102940105509,Decrece,0.569906048317158,0.418062655922064,0.101716895906319,0.270183959204885,62.61521225,231.750295,2024-12-31,2024,631.97034,11.7158,14.538689,260.04874,214.916314049587,1695.26375,78.48702,64.865305785124,393.63489,39.84575,54.38444,1876.82547,0.681736284305485,0.31826371569451495,0.372785851169176,0.254141641017732,1.99062827327195,Menos de 1M€,Menos de 1M€,L'Alcoià,Textil,56.386095,0.055621881732664025,3.313270652905412
560,BALAGUER ROLLS SL.,B42540716,ONIL,2599,Metal,Industria,Fabricación de otros productos metálicos n.c.o.p.,2017-11-20,2017,8,Menor de 10 años,Sin marca,No,Sin auditor,No,10.0,Grupo Corporativo,0,No participadas,,No consejo,No realiza actividad exterior,,,,,578.22962,433.72673,811.48656,27.9822951724138,0.878111201407711,0.176246695906031,101.91106,0.4,924.12733,855.77031,798.96595,29,913.39762,Menos de 1M€,Menos de 1M€,0.0798777653316811,Crece,0.750094279155053,1.59820129933849,0.000691766706797206,0.988389359721674,31.4964696551724,31.8664596551724,2024-12-31,2024,,101.91106,78.8176,119.03427,98.3754297520661,,0.0,0.0,0.0,,,119.03427,,1.0,,,,Menos de 1M€,Menos de 1M€,,Metal,0.013793103448275864,0.11027815831396308,
561,MPE SERIGRAFIADOS SOCIEDAD LIMITADA.,B98467558,AIELO DE MALFERIT,2030,Artes gráficas,Industria,"Fabricación de pinturas, barnices y revestimientos similares; tintas de imprenta y masillas",2012-08-09,2012,13,Entre 10 y 25 años,MPE LACADOS ESPECIALISTAS EN VIDRIO,Sí,Sin auditor,No,0.0,No Grupo Corporativo,0,No participadas,,No consejo,No realiza actividad exterior,,,,,1034.34006,850.33306,256.37933,36.6256185714286,0.278867640400728,0.0772848244899264,79.93879,596.96853,919.35848,1117.310619,1170.82902,7,336.31812,Menos de 1M€,Menos de 1M€,-0.177168403874268,Decrece,0.822102027064484,0.888835805121963,0.577149192113859,0.365818260576658,48.0454457142857,131.336925714286,2023-12-31,2023,161.1813,61.30385,44.79945,279.68218,231.142297520661,94.91888,45.178,37.3371900826446,12.45872,18.63494,63.43439,329.42306,0.175319316138793,0.824680683861207,1.69809525776115,0.297708899329212,0.314049409146709,Menos de 1M€,Menos de 1M€,La Vall d'Albaida,Otros,85.28121857142857,0.08695062017592964,6.190672008499713
562,PREPARADOS TEXTILES F M SL,B97277487,ONTINYENT,1320,Textil,Industria,Fabricación de tejidos textiles,2002-11-29,2002,23,Entre 10 y 25 años,Sin marca,No,Sin auditor,No,2.0,Grupo Corporativo,0,No participadas,,No consejo,No realiza actividad exterior,,,,,1213.09628,747.84265,444.94781,34.2267546153846,0.486419509315031,0.163317597511716,198.11997,933.05116,914.74088,902.79688,945.31564,13,643.067779,Menos de 1M€,Menos de 1M€,0.0132299969844822,Se mantiene,0.616474275232301,0.754054641071029,0.769148480118989,0.703005400830014,49.4667522307692,70.3646830769231,2024-12-31,2024,,103.79448,70.35928,72.96725,60.3035123966942,,0.0,0.0,92.35048,94.32549,164.68477,72.96725,,1.0,,,,Menos de 1M€,Menos de 1M€,La Vall d'Albaida,Textil,71.77316615384615,0.21658589260818867,
563,CARPINTERIA PALMER COOP.V.,F97982953,MONTAVERNER,1623,Madera,Industria,Fabricación de otras estructuras de madera y piezas de carpintería y ebanistería para la construcción,2007-01-01,2007,18,Entre 10 y 25 años,PALMER ARTESANS DE LA FUSTA,Sí,Sin auditor,No,0.0,No Grupo Corporativo,0,No participadas,,No consejo,No realiza actividad exterior,,,,,886.51872,703.14689,314.79568,44.9708114285714,0.344741702458202,0.150248389565874,133.19801,83.43309,913.1349,683.75834,938.10504,7,447.993689,Menos de 1M€,Menos de 1M€,0.335464368887991,Crece,0.793155151873161,1.0300232577153,0.0941131733800274,0.49061063047749,63.9990984285714,130.447842857143,2023-12-31,2023,304.65241,120.53702,96.42962,405.76412,335.342247933884,19.035,90.31311,74.6389338842975,1.27032,12.66099,109.09061,334.48601,0.333633518990458,0.666366481009542,16.0048547412661,5.33975600825972,0.306349383918616,Menos de 1M€,Menos de 1M€,,Madera,11.919012857142858,0.14586892911441673,4.49285956379976
564,REISA TEXTIL SL,B53328951,BANYERES DE MARIOLA,1392,Textil,Industria,"Fabricación de artículos confeccionados con textiles, excepto prendas de vestir",1999-02-01,1999,26,Entre 25 y 50 años,Sin marca,No,Sin auditor,No,0.0,No Grupo Corporativo,0,No participadas,,No consejo,No realiza actividad exterior,,,,,603.95242,393.55956,284.40137,35.55017125,0.311466163060578,0.108390574873431,65.46275,79.20985,913.10519,601.80006,460.61404,8,349.86412,Menos de 1M€,Menos de 1M€,0.51728996171918,Crece,0.651640008330458,1.51188265790871,0.131152467275485,0.383158615055074,43.733015,114.13814875,2024-12-31,2024,523.59596,46.08994,35.95263,210.50683,173.97258677686,274.34215,99.05466,81.8633553719008,3.74431,19.37281,55.32544,385.794319,0.573423484757545,0.426576515242455,1.90855090987659,1.09440791357862,0.401324387834176,Menos de 1M€,Menos de 1M€,L'Alcoià,Textil,9.90123125,0.07169245199449584,2.125158271200978
565,AGRO BULL PRODUCTS FOR NATURE SOCIEDAD LIMITADA.,B40541914,ONTINYENT,2015,Química,Industria,Fabricación de fertilizantes y compuestos nitrogenados,2018-11-23,2018,7,Menor de 10 años,AGROBULL PRODUCTS FOR NATURE,Sí,Sin auditor,No,3.0,Grupo Corporativo,0,No participadas,,No consejo,Importador / Exportador,0.0,0.0,0.0,0.0,527.44265,197.76302,32.919269,16.4596345,0.0360981936093506,0.373360914215034,196.92647,192.69853,911.93674,630.2961,396.49141,2,229.845729,Menos de 1M€,Menos de 1M€,0.446838620768873,Crece,0.374946963428157,1.7289780035801,0.365344990588076,0.252041308260044,114.9228645,455.96837,2024-12-31,2024,380.3412,181.87869,141.31217,99.49227,82.2250165289256,14.12797,135.61956,112.082280991736,0.0,15.04778,156.35995,-21.999319,0.417069719112315,0.5829302808876851,26.9211500307546,11.2279964815073,-0.0172482298090215,Menos de 1M€,Menos de 1M€,La Vall d'Albaida,Otros,96.349265,0.21594312561636678,0.7336129832599336
566,UBEPRINT 2003 SOCIEDAD LIMITADA.,B98991789,MONTAVERNER,1812,Artes gráficas,Industria,Otras actividades de impresión y artes gráficas,2018-04-12,2018,7,Menor de 10 años,Sin marca,No,Sin auditor,No,0.0,No Grupo Corporativo,0,No participadas,,No consejo,No realiza actividad exterior,,,,,586.58199,405.91457,384.85144,32.0709533333333,0.422939636964305,0.232144887366896,136.17201,156.98205,909.94413,966.46284,778.668718,12,521.02345,Menos de 1M€,Menos de 1M€,-0.0584799618369187,Decrece,0.691999715163434,1.5512650328729,0.267621667006858,0.572588396168894,43.4186208333333,75.8286775,2024-12-31,2024,184.64394,117.18111,94.32251,170.67832,141.056462809917,0.15692,42.87325,35.4324380165289,0.0,18.9909,113.31341,127.96199,0.202917886837734,0.797082113162266,1176.67563089472,238.768532514614,0.116249933711192,Menos de 1M€,Menos de 1M€,,Otros,13.081837499999999,0.14964875920458987,3.9809979416069394
567,PLASTICOS EL REAL SL,B53882809,TIBI,2221,Plástico,Industria,"Fabricación de placas, hojas, tubos y perfiles de plástico",2004-04-29,2004,21,Entre 10 y 25 años,Sin marca,No,Sin auditor,No,2.0,Grupo Corporativo,0,No participadas,,No consejo,No realiza actividad exterior,,,,,736.84199,409.69113,259.34906,25.934906,0.285527531834701,0.071764979083236,52.87945,204.86597,908.31542,903.81923,870.86759,10,312.22851,Menos de 1M€,Menos de 1M€,0.00497465627059079,Se mantiene,0.556009477690054,1.2327139771174,0.278032431349359,0.343744588196026,31.222851,90.831542,2024-12-31,2024,434.61008,34.30955,20.542899,331.18693,273.70820661157,74.76889,73.68079,60.8932148760331,115.99847,18.5699,39.1128,332.27503,0.478479248981593,0.521520751018407,5.8127127472402,2.78126242984522,0.316612352276852,Menos de 1M€,Menos de 1M€,,Plástico,20.486597,0.05821705636132435,4.494888423427592
568,IVITREO CUSTOM GLASS SL.,B42518878,IBI,1812,Artes gráficas,Industria,Otras actividades de impresión y artes gráficas,2017-07-07,2017,8,Menor de 10 años,Sin marca,No,Sin auditor,No,0.0,No Grupo Corporativo,0,No participadas,,No consejo,No realiza actividad exterior,,,,,699.25125,330.40225,574.8082,47.9006833333333,0.634140237693729,0.215609467984505,150.76519,445.38807,906.43704,733.264909,625.72397,12,725.57339,Menos de 1M€,Menos de 1M€,0.236165850669393,Crece,0.472508629766482,1.29629663157556,0.636949980425491,0.800467498547941,60.4644491666667,75.53642,2024-12-31,2024,77.48339,143.15296,106.27722,192.60086,159.17426446281,37.133,0.0,0.0,67.17096,7.61223,113.88945,229.73386,0.0854812707124148,0.9145187292875852,2.08664503272022,0.178369068922673,0.216570214808091,Menos de 1M€,Menos de 1M€,,Otros,37.1156725,0.1663272608542122,
569,ETITECNIC SL.,B53461380,CASTALLA,1812,Artes gráficas,Industria,Otras actividades de impresión y artes gráficas,2000-05-10,2000,25,Mayor de 50 años,LA FABRICA DEL SOUVENIR BY ETITECNIC,Sí,Sin auditor,No,0.0,No Grupo Corporativo,0,No participadas,,No consejo,Importador / Exportador,0.0,0.0,0.0,0.0,1003.62453,570.32324,186.42832,26.6326171428571,0.205764549725538,0.0711297680219115,71.38758,229.1319,906.0274,901.48714,931.23551,7,257.8159,Menos de 1M€,Menos de 1M€,0.0050364112792558,Se mantiene,0.568263551708925,0.902755336201278,0.228304403839153,0.284556405247788,36.8308428571429,129.432485714286,2024-12-31,2024,456.6363,24.03517,15.66611,123.49326,102.060545454545,183.07908,96.69944,79.9168925619835,3.94789,47.35241,63.01852,209.872899,0.503998333825224,0.49600166617477603,2.49420250527805,1.25707390688284,0.226508307466818,Menos de 1M€,Menos de 1M€,,Otros,32.73312857142857,0.07879185552225021,1.2770835074122393
570,COLORSOL QUIMICA SL,B53261939,IBI,2012,Química,Industria,Fabricación de colorantes y pigmentos,1998-03-09,1998,27,Entre 25 y 50 años,Sin marca,No,Sin auditor,No,0.0,No Grupo Corporativo,0,No participadas,,No consejo,No realiza actividad exterior,,,,,903.99477,181.45962,281.9183,28.19183,0.311396421113224,0.0500700463123255,45.26306,93.90298,905.33571,905.47687,832.73334,10,327.18149,Menos de 1M€,Menos de 1M€,-0.000155895754686664,Se mantiene,0.200730829449378,1.00148334928973,0.103875578837696,0.36139244965826,32.718149,90.533571,2024-12-31,2024,358.40192,9.60029,7.58369,405.76317,335.341462809917,399.15015,297.18064,245.603834710744,0.0,35.66277,43.24646,507.73268,0.39587737017465,0.6041226298253499,0.897912527403535,0.355463249995385,0.540007173802051,Menos de 1M€,Menos de 1M€,,Otros,9.390298,0.049995884951892604,1.3653755170592514
571,HOME TEX CONTRAC SL.,B98783848,BOCAIRENT,1310,Textil,Industria,Preparación e hilado de fibras textiles,2015-12-02,2015,10,Mayor de 50 años,Sin marca,No,Sin auditor,No,0.0,No Grupo Corporativo,0,No participadas,,No consejo,No realiza actividad exterior,,,,,423.4391,85.63581,319.4327,19.96454375,0.353055155750408,0.083537774381251,35.37316,91.16284,904.76713,927.8249,1445.89365,16,354.3274,Menos de 1M€,Menos de 1M€,-0.0248514240133025,Se mantiene,0.20223878711248,2.13671134762945,0.215291502367164,0.391622759328138,22.1454625,56.547945625,2024-12-31,2024,342.74829,19.62716,7.39125,154.71922,127.867123966942,111.18859,78.93077,65.232041322314,125.07184,15.746,23.13725,186.977039,0.378824869555109,0.6211751304448909,3.08258509258909,1.16775989559258,0.192119791801707,Menos de 1M€,Menos de 1M€,,Textil,5.6976775,0.03909642473417442,1.960188909850999
572,CONGELATS CAMOS SL,B96817895,ONTINYENT,1089,Alimentación,Industria,Elaboración de otros productos alimenticios n.c.o.p.,1998-11-25,1998,27,Entre 25 y 50 años,NATURAL FOOD CAMOS,Sí,Sin auditor,No,3.0,Grupo Corporativo,0,No participadas,,No consejo,No realiza actividad exterior,,,,,3276.04979,2231.28323,160.36092,26.72682,0.179176376420815,-0.0276187252331107,-90.480319,2055.67518,894.98919,2811.69594,2845.65783,6,131.92705,Menos de 1M€,Menos de 1M€,-0.681690620501447,Decrece,0.681089535577541,0.273191571364976,0.627485939400207,0.147406305544316,21.9878416666667,149.164865,2024-12-31,2024,633.18148,-116.97365,-55.43946,875.29407,723.38352892562,85.72731,170.36975,140.801446280992,3.76318,26.49333,-28.94613,790.651629,0.707473885801906,0.29252611419809404,7.38599496473177,5.2253985582121,0.746723424273569,Menos de 1M€,Menos de 1M€,La Vall d'Albaida,Alimentación,342.61253000000005,-0.1010965495572075,5.13761433587828
573,RIBELLES CAJAS DE CARTON SL,B46299525,GAIANES,1712,Papel y Cartón,Industria,Fabricación de papel y cartón,1986-05-07,1986,39,Entre 25 y 50 años,Sin marca,No,Sin auditor,No,2.0,Grupo Corporativo,0,No participadas,,No consejo,Importador / Exportador,0.0,0.0,0.0,0.0,513.10579,236.73177,190.10827,27.1583242857143,0.213041917070614,0.263618266712601,135.264059,257.95802,892.35148,701.57258,760.97016,7,325.772789,Menos de 1M€,Menos de 1M€,0.271930382455939,Crece,0.461370295587583,1.73911793121648,0.502738470364951,0.365072279590997,46.5389698571429,127.478782857143,2024-12-31,2024,504.24537,68.37052,47.53158,93.66165,77.4063223140496,14.15318,86.79297,71.7297272727273,0.0,66.893539,114.425119,21.021859,0.565074840241202,0.434925159758798,35.627708401928,20.1323216333796,0.0222219332693014,Menos de 1M€,Menos de 1M€,,Papel y cartón,36.851145714285714,0.1515815931632679,1.0791386675672001
574,TORNILLERIA RECHE SL,B53244901,IBI,2594,Metal,Industria,Fabricación de pernos y productos de tornillería,1998-01-15,1998,27,Entre 25 y 50 años,Sin marca,No,Sin auditor,No,0.0,No Grupo Corporativo,0,No participadas,,No consejo,Importador / Exportador,0.0,0.0,0.0,0.0,926.25342,850.62214,260.9348,86.9782666666667,0.293081470387612,0.0727233914018909,67.36029,175.16319,890.3149,912.76627,917.13826,3,327.561559,Menos de 1M€,Menos de 1M€,-0.0245970636053412,Se mantiene,0.918347097708962,0.961200121668647,0.189109358430223,0.367916519200117,109.187186333333,296.771633333333,2024-12-31,2024,391.99928,20.43145,14.827949,252.53905,208.709958677686,168.95925,12.6149,10.4255371900826,0.0,46.92884,61.756789,408.883399,0.440292844700229,0.559707155299771,2.32008179487066,1.02151541340081,0.412487392368255,Menos de 1M€,Menos de 1M€,,Metal,58.38773,0.07565894943463264,20.01910835599181
575,SILMISA MAQUINARIA SL,B53035879,ONIL,2896,Plástico,Industria,Fabricación de maquinaria para la industria del plástico y el caucho,1995-05-30,1995,30,Entre 25 y 50 años,SM SILMISA,Sí,Sin auditor,No,0.0,No Grupo Corporativo,0,No participadas,,No consejo,No realiza actividad exterior,,,,,2052.97327,1005.99235,197.58871,39.517742,0.22207408070604,0.072881796459045,149.62438,1681.35941,889.74233,951.07737,1059.257379,5,347.213089,Menos de 1M€,Menos de 1M€,-0.0644900635160733,Decrece,0.490017266518039,0.433392067496329,0.818987482481932,0.390240047362926,69.4426178,177.948466,2023-12-31,2023,311.83253,149.62438,114.582419,208.58431,172.383727272727,79.995,786.88222,650.315884297521,0.0,,,-498.30291,0.35047509766114,0.6495249023388601,3.89815025939121,1.36620459285793,-0.447249887531813,Menos de 1M€,Menos de 1M€,,Plástico,336.271882,0.16816596778080684,0.26507691328951305
576,HIJOS DE VICENTE MICO SL,B98004864,ALBAIDA,1399,Textil,Industria,Fabricación de otros productos textiles n.c.o.p.,2008-02-13,2008,17,Entre 10 y 25 años,HOGARDENENES,Sí,Sin auditor,No,0.0,No Grupo Corporativo,0,No participadas,,No consejo,No realiza actividad exterior,,,,,322.01838,90.65212,274.10578,22.8421483333333,0.30857360261293,0.0819470273715432,26.388449,97.83581,888.29951,817.91206,695.1661,12,300.7107,Menos de 1M€,Menos de 1M€,0.0860574790888888,Crece,0.281512254052082,2.75853667110554,0.303820576949676,0.338523996258874,25.059225,74.0249591666667,2024-12-31,2024,417.6855,16.20332,11.49289,101.01224,83.4811900826446,80.15065,44.47957,36.7599752066116,4.99093,10.18513,21.678019,136.68332,0.47020795947529,0.5297920405247101,5.21125530485405,2.4503737232002,0.142825548644098,Menos de 1M€,Menos de 1M€,La Vall d'Albaida,Textil,8.152984166666666,0.029706702191021134,2.270980587267365
577,INYECTADOS HNOS. PASTOR SL.,B54785217,IBI,2229,Plástico,Industria,Fabricación de otros productos de plástico,2014-05-08,2014,11,Entre 10 y 25 años,Sin marca,No,Sin auditor,No,0.0,No Grupo Corporativo,0,No participadas,,No consejo,No realiza actividad exterior,,,,,842.07823,158.82506,288.20279,26.2002536363636,0.325934049862587,0.103173893950447,86.88049,524.43315,884.23652,974.73947,844.85215,11,375.083279,Menos de 1M€,Menos de 1M€,-0.0928483484925464,Decrece,0.188610813510759,1.05006457654178,0.622784358170618,0.424188857298045,34.0984799090909,80.3851381818182,2024-12-31,2024,282.26271,31.47469,12.419779,152.09764,125.70052892562,70.9,208.30426,172.152280991736,0.0,55.4058,67.82558,14.69338,0.319216299729398,0.680783700270602,3.98113836389281,1.27084425723261,0.0276489913964245,Menos de 1M€,Menos de 1M€,,Plástico,47.675740909090905,0.09825480856637768,0.7301705687632111
578,CREACIONS NOVAIBENSE SL,B53986980,IBI,2229,Plástico,Industria,Fabricación de otros productos de plástico,2005-03-31,2005,20,Entre 10 y 25 años,Sin marca,No,Sin auditor,No,0.0,No Grupo Corporativo,0,No participadas,,No consejo,No realiza actividad exterior,,,,,600.68651,80.96184,133.907049,33.47676225,0.152604722925666,0.0448121433591042,26.91805,21.8055,877.47644,826.7115,737.7564,4,160.825099,Menos de 1M€,Menos de 1M€,0.0614058713348007,Crece,0.134782184470898,1.46078932253698,0.0363009650408164,0.183281387019348,40.20627475,219.36911,2024-12-31,2024,669.55681,22.51283,16.95944,511.17649,422.459909090909,55.76073,47.45782,39.2213388429752,0.0,4.40522,21.36466,519.479399,0.763048190786752,0.236951809213248,12.0076765494282,9.16243586659373,0.5002975353366,Menos de 1M€,Menos de 1M€,,Plástico,5.451375,0.030676664093682107,10.771175119295407
579,MECANIZADOS DEL METAL MECAFORM SL.,B42543777,MURO DE ALCOY,2829,Maquinaria,Industria,Fabricación de otra maquinaria de uso general n.c.o.p.,2017-12-01,2017,8,Menor de 10 años,Sin marca,No,Sin auditor,No,0.0,No Grupo Corporativo,0,No participadas,,No consejo,No realiza actividad exterior,,,,,627.45475,201.78091,428.40502,35.7004183333333,0.495353748444392,0.126323436072482,79.26224,399.26296,864.84663,864.7286,720.57999,12,507.667259,Menos de 1M€,Menos de 1M€,0.000136493692934447,Se mantiene,0.321586393281747,1.378341035748,0.636321519599621,0.587002644619197,42.3056049166667,72.0705525,2024-12-31,2024,235.3401,22.81826,9.81571,205.88258,170.150892561983,8.65707,43.01646,35.5507933884298,82.75271,56.44398,66.25969,171.52319,0.272117727972184,0.727882272027816,27.1847287823709,7.39744663179881,0.165644594317901,Menos de 1M€,Menos de 1M€,El comtat,Otros,33.27191333333334,0.0916488973310794,4.786134888830906
580,TALLERES TIBI SL,B53076345,CASTALLA,2790,Maquinaria,Industria,Fabricación de otro material y equipo eléctrico,1996-01-01,1996,29,Entre 25 y 50 años,Sin marca,No,Sin auditor,No,0.0,No Grupo Corporativo,0,No participadas,,No consejo,No realiza actividad exterior,,,,,934.58188,450.82078,466.87418,33.3481557142857,0.541884347383581,0.0329221662204707,30.76846,382.41219,861.57532,810.06861,853.68925,14,497.64264,Menos de 1M€,Menos de 1M€,0.0635831451363114,Crece,0.482376974824293,0.921883184809875,0.409179974685578,0.577596210624975,35.5459028571429,61.5410942857143,2024-12-31,2024,139.31217,13.57819,6.18444,208.21209,172.076107438017,288.99069,42.70225,35.2911157024793,34.46799,17.19027,23.37471,454.50053,0.16169470824675,0.83830529175325,0.482064560626503,0.0779472884866,0.494182774102138,Menos de 1M€,Menos de 1M€,,Otros,27.31515642857143,0.035711863241393686,4.87590443126535
582,MURODELL SL,B03250487,L'ALQUERIA D'ASNAR,2599,Metal,Industria,Fabricación de otros productos metálicos n.c.o.p.,1985-05-10,1985,40,Entre 25 y 50 años,Sin marca,No,Sin auditor,No,0.0,No Grupo Corporativo,0,No participadas,,No consejo,No realiza actividad exterior,,,,,635.51727,180.18464,152.5725,25.42875,0.178826830589396,0.0255164898980637,16.21617,204.59238,853.18573,823.52501,840.83971,6,169.78952,Menos de 1M€,Menos de 1M€,0.0360167810811236,Se mantiene,0.283524380069168,1.3425059715529,0.321930480347135,0.199006516435759,28.2982533333333,142.197621666667,2024-12-31,2024,606.36781,14.74789,1.48474,174.23158,143.993041322314,162.84833,204.52404,169.028132231405,151.04686,1.46828,2.95302,132.555869,0.710710210776732,0.289289789223268,3.72351260832702,2.64633843069392,0.161527829457379,Menos de 1M€,Menos de 1M€,,Metal,34.098729999999996,0.019006611842886777,0.8518880225522628
583,MASIA EL ALTET SL,B54065081,IBI,1043,Alimentación,Industria,Fabricación de aceite de oliva,2005-11-24,2005,20,Entre 10 y 25 años,MASIA EL ALTET,Sí,Sin auditor,No,0.0,No Grupo Corporativo,0,No participadas,,No consejo,No realiza actividad exterior,,,,,1022.36616,861.8367,76.06554,38.03277,0.0896962694682505,0.194114748477199,198.45635,94.48447,848.0346,694.12716,667.35428,2,274.46884,Menos de 1M€,Menos de 1M€,0.22172801882583,Crece,0.842982420310156,0.829482266901322,0.0924174466024971,0.323652879257521,137.23442,424.0173,2024-12-31,2024,492.1149,187.55573,140.42019,378.52258,312.828578512397,46.18029,69.16506,57.1612066115703,0.0,10.90062,151.32081,355.53781,0.580300497173111,0.41969950282688895,10.6563839248303,6.18390488964655,0.355937908548574,Menos de 1M€,Menos de 1M€,,Alimentación,47.242235,0.23401916619911498,5.47274274033739
584,PRODUCTOS QUIMICOS BENIGANIM SL,B97439103,BENIGANIM,2042,Cosmética,Industria,Fabricación de perfumes y cosméticos,2004-04-01,2004,21,Entre 10 y 25 años,BEN-HUR,Sí,Sin auditor,No,0.0,No Grupo Corporativo,0,No participadas,,No consejo,No realiza actividad exterior,,,,,405.00871,370.25939,113.82839,22.765678,0.134243844898107,0.289276568891568,117.15953,16.0458,847.9226,844.70398,603.66423,5,230.98792,Menos de 1M€,Menos de 1M€,0.00381035259239582,Se mantiene,0.914201055083482,2.09359102425229,0.039618407218946,0.272416279504757,46.197584,169.58452,2024-12-31,2024,548.45369,114.85953,87.19283,204.40583,168.930438016529,,12.732,10.5223140495868,0.0,2.3,89.49283,191.67383,0.646820464509379,0.353179535490621,,,,Menos de 1M€,Menos de 1M€,,Otros,3.20916,0.13817243460664924,16.054494973295604
585,PLASTONIL PIEZAS PLASTICAS S.L.,B54366463,ONIL,2229,Plástico,Industria,Fabricación de otros productos de plástico,2008-08-13,2008,17,Entre 10 y 25 años,PLASTONIL PIEZAS PLASTICAS,Sí,Sin auditor,No,0.0,No Grupo Corporativo,0,No participadas,,No consejo,No realiza actividad exterior,,,,,841.12461,722.87416,191.07182,47.767955,0.226489382577119,0.164101903997316,138.03015,519.91911,843.62374,629.2648,495.14704,4,335.942329,Menos de 1M€,Menos de 1M€,0.340649818645505,Crece,0.859413874479312,1.00297117688662,0.618123764087702,0.398213460659606,83.98558225,210.905935,2024-12-31,2024,299.03723,101.61767,83.903709,235.0531,194.258760330579,64.2435,5.04588,4.17014876033058,27.26749,36.41248,120.31619,294.25072,0.354467537862318,0.645532462137682,4.6547468615502,1.64995665938605,0.301475764029884,Menos de 1M€,Menos de 1M€,,Plástico,129.9797775,0.1636157725954938,46.58317280632922
586,BALEY INVERSIONES SA,A53332250,ONIL,2599,Metal,Industria,Fabricación de otros productos metálicos n.c.o.p.,1998-12-28,1998,27,Entre 25 y 50 años,Sin marca,No,Sin auditor,No,10.0,Grupo Corporativo,2,Participadas,,No consejo,No realiza actividad exterior,,,,,2901.15201,2765.15575,739.06478,30.7943658333333,0.878001585990442,0.0338644613110087,98.24595,337.41961,841.75791,799.09052,789.15069,24,876.25715,Menos de 1M€,Menos de 1M€,0.0533949395370128,Crece,0.953123359434034,0.290146089242666,0.116305387941392,1.04098475296775,36.5107145833333,35.07324625,2024-12-31,2024,,51.61028,69.3891,114.13342,94.3251404958678,,0.0,0.0,0.0,46.63567,116.02477,114.13342,,1.0,,,,Menos de 1M€,Menos de 1M€,,Metal,14.059150416666666,0.11671520853305672,
587,MIGUEL VICEDO CERDA SA,A03028719,BANYERES DE MARIOLA,1320,Textil,Industria,Fabricación de tejidos textiles,1971-02-10,1971,54,Mayor de 50 años,SANSY BY TUSSY,Sí,Sin auditor,No,3.0,Grupo Corporativo,1,Participadas,,No consejo,Importador / Exportador,0.0,0.0,0.0,0.0,1545.96041,666.08705,337.76943,28.1474525,0.40149888176364,-0.101515568564916,-156.93905,647.04464,841.27116,1025.40113,1006.0675,12,180.92757,Menos de 1M€,Menos de 1M€,-0.179568721559727,Decrece,0.430856473226245,0.544173805847978,0.41853894563833,0.215064510234726,15.0772975,70.10593,2024-12-31,2024,500.74648,-188.49549,-186.29365,157.06357,129.804603305785,684.00646,151.24255,124.993842975207,377.91185,31.55644,-154.73721,689.82748,0.595226014879673,0.40477398512032703,0.732078583000517,0.435752217538156,0.818781450121954,Menos de 1M€,Menos de 1M€,L'Alcoià,Textil,53.920386666666666,-0.18654989908366765,1.0384879784161227
588,MANUEL ROCA SL,B03120292,IBI,2561,Metal,Industria,Tratamiento y revestimiento de metales,1983-01-31,1983,42,Entre 25 y 50 años,Sin marca,No,Sin auditor,No,0.0,No Grupo Corporativo,0,No participadas,,No consejo,No realiza actividad exterior,,,,,867.31663,494.1071,329.37598,29.9432709090909,0.394484507982241,0.0850566880056249,73.77108,348.70026,834.95289,674.27013,631.74616,11,403.14706,Menos de 1M€,Menos de 1M€,0.238306211191648,Crece,0.56969632877903,0.962685207592526,0.402044937152883,0.482838091619756,36.6497327272727,75.9048081818182,2024-12-31,2024,239.77308,37.4855,11.16572,206.77734,170.890363636364,278.86993,31.90053,26.3640743801653,29.86632,36.28558,47.4513,453.74674,0.287169591089145,0.712830408910855,0.859802561000392,0.246909149859882,0.507089950016459,Menos de 1M€,Menos de 1M€,,Metal,31.70002363636364,0.08835358363751517,6.481940582178426
589,BORRAS ENCAR SL,B03022290,MURO DE ALCOY,1320,Textil,Industria,Fabricación de tejidos textiles,1968-10-23,1968,57,Mayor de 50 años,Sin marca,No,Sin auditor,No,0.0,No Grupo Corporativo,1,Participadas,,No consejo,No realiza actividad exterior,,,,,1326.46091,1175.35338,157.80601,52.6020033333333,0.189530377944251,0.0524625938656571,69.58958,592.07457,832.61592,938.26822,1274.38687,3,227.39559,Menos de 1M€,Menos de 1M€,-0.112603515442525,Decrece,0.88608218390695,0.627697291132386,0.446356591088689,0.273109827157761,75.79853,277.53864,2024-12-31,2024,427.43853,20.94282,15.762969,191.1803,158.000247933884,163.683,26.68589,22.0544545454545,0.0,48.64676,64.409729,328.17741,0.513368192623557,0.48663180737644296,2.6113801066696,1.34059948561408,0.359864357852333,Menos de 1M€,Menos de 1M€,El comtat,Textil,197.35819,0.08357944921351011,7.164096831696452
590,AESTHEMED SL.,B54861943,MURO DE ALCOY,2899,Maquinaria,Industria,Fabricación de otra maquinaria para usos específicos n.c.o.p.,2015-05-21,2015,10,Mayor de 50 años,BLULASER,Sí,Sin auditor,No,0.0,No Grupo Corporativo,0,No participadas,,No consejo,Importador,0.0,0.0,0.0,0.0,515.21512,181.13059,205.19784,51.29946,0.247102717237276,0.0763753594809096,39.34974,55.12588,830.41515,496.94368,567.83226,4,243.33833,Menos de 1M€,Menos de 1M€,0.671044795257282,Crece,0.351563032544542,1.6117833459546,0.106995850587615,0.29303214181485,60.8345825,207.6037875,2024-12-31,2024,379.42101,32.47492,18.5046,107.61479,88.9378429752066,323.03086,16.40539,13.558173553719,114.25222,6.87482,25.37942,414.240259,0.456905211808816,0.5430947881911841,1.17456582940713,0.536665249068665,0.479772712987579,Menos de 1M€,Menos de 1M€,El comtat,Otros,13.78147,0.04738562392557505,6.559721530545757
591,MICROBAY ALTA TECNOLOGIA SL.,B42513275,COCENTAINA,1310,Textil,Industria,Preparación e hilado de fibras textiles,2017-06-12,2017,8,Menor de 10 años,Sin marca,No,Sin auditor,No,0.0,No Grupo Corporativo,0,No participadas,,No consejo,No realiza actividad exterior,,,,,347.40195,149.1305,16.41774,16.41774,0.0197822789447441,0.171945235195139,59.73411,57.46361,829.92157,730.71212,650.94108,1,84.59483,Menos de 1M€,Menos de 1M€,0.135770910711047,Crece,0.429273641094991,2.38893756929113,0.165409578155793,0.101931113803922,84.59483,829.92157,2024-12-31,2024,673.62762,35.69118,29.91127,152.38624,125.939041322314,37.78847,95.58093,78.9925041322314,43.43132,24.04293,53.9542,94.59378,0.811676240683803,0.18832375931619705,17.826273993099,14.469163060118,0.102100017945169,Menos de 1M€,Menos de 1M€,El comtat,Textil,57.46361,0.07197560849033,1.5943163557835223
592,FUNDICIONES GARRIGOS IBI S.L.,B53271805,IBI,2454,Metal,Industria,Fundición de otros metales no férreos,1998-04-28,1998,27,Entre 25 y 50 años,Sin marca,No,Sin auditor,No,0.0,No Grupo Corporativo,0,No participadas,,No consejo,No realiza actividad exterior,,,,,616.0886,481.52406,165.26432,41.31608,0.199752915269605,0.156630280125294,96.49813,54.90294,827.34372,798.1711,877.87394,4,261.76245,Menos de 1M€,Menos de 1M€,0.0365493313401097,Se mantiene,0.781582486674806,1.34289730405659,0.0891153317883175,0.316388997308156,65.4406125,206.83593,2024-12-31,2024,370.76136,90.20878,73.87135,114.55607,94.6744380165289,85.85636,83.2379,68.791652892562,0.0,6.28935,80.1607,117.17453,0.448134615683068,0.551865384316932,4.31839132243668,1.93522063564926,0.135057706274687,Menos de 1M€,Menos de 1M€,,Metal,13.725735,0.11663608203855105,1.376248920263485
593,NIKOVI SOLUTIONS SOCIEDAD LIMITADA.,B01620624,AIELO DE MALFERIT,1413,Textil,Industria,Confección de otras prendas de vestir exteriores,2020-06-12,2020,5,Menor de 10 años,Sin marca,No,Sin auditor,No,0.0,No Grupo Corporativo,0,No participadas,,No consejo,Importador,17.0,109.3805398,0.0,0.0,655.98297,397.75231,138.60508,46.2016933333333,0.167684483857161,0.0679325562369401,44.5626,44.49722,826.58262,698.92127,466.00117,3,183.16768,Menos de 1M€,Menos de 1M€,0.18265483607331,Crece,0.6063454818042,1.26006719351266,0.0678328890153962,0.221596336008129,61.0558933333333,275.52754,2024-12-31,2024,580.87427,36.40667,30.02653,438.7738,362.622975206612,172.46907,178.96133,147.901925619835,6.75365,8.15593,38.18246,432.28154,0.702741935222398,0.29725806477760197,3.36799096788775,2.36682849058499,0.46842276890213,Menos de 1M€,Menos de 1M€,La Vall d'Albaida,Textil,14.832406666666666,0.05391185215096829,2.451779945980507
594,CINTAS ELASTICOS Y BORDONES MAVITEX SL,B46952115,AGULLENT,1394,Textil,Industria,"Fabricación de cuerdas, cordeles, bramantes y redes",1991-07-04,1991,34,Entre 25 y 50 años,Sin marca,No,Sin auditor,No,0.0,No Grupo Corporativo,0,No participadas,,No consejo,No realiza actividad exterior,,,,,619.26862,450.90678,341.65658,48.8080828571429,0.41443322111323,0.0633645702893843,39.23969,106.76795,824.39477,941.11322,975.21944,7,380.89627,Menos de 1M€,Menos de 1M€,-0.124021687847505,Decrece,0.728127932592483,1.33123937395698,0.17240975329898,0.462031400320504,54.4137528571429,117.770681428571,2024-12-31,2024,344.59227,6.33148,4.36342,113.49952,93.8012561983471,90.03819,113.14139,93.5052809917355,0.0,32.90821,37.27163,90.39632,0.417994245645202,0.5820057543547981,3.82717900037751,1.59973879921195,0.109576344360617,Menos de 1M€,Menos de 1M€,La Vall d'Albaida,Textil,15.252564285714286,0.047598179207274695,1.003165331449437
595,JOSE MONLLOR S.L.,B03818283,GAIANES,1413,Textil,Industria,Confección de otras prendas de vestir exteriores,1993-01-01,1993,32,Entre 25 y 50 años,BS3 OUTDOOR,Sí,Sin auditor,No,2.0,Grupo Corporativo,0,No participadas,,No consejo,Importador,88.0,554.0909968,0.0,0.0,650.91645,568.5857,157.88287,39.4707175,0.193398190779829,0.0448091302654895,29.167,45.08405,816.36167,863.08511,1021.21966,4,186.71281,Menos de 1M€,Menos de 1M€,-0.0541353795340068,Decrece,0.87351564090906,1.25417274367547,0.0692624222356033,0.228713347112439,46.6782025,204.0904175,2024-12-31,2024,359.73275,23.81044,17.60037,110.54386,91.3585619834711,239.88043,1.14643,0.947462809917355,0.0,5.35656,22.95693,349.27786,0.440653650483125,0.559346349516875,1.49963358828396,0.660819015064436,0.404589707370207,Menos de 1M€,Menos de 1M€,,Textil,11.2710125,0.035728037059848734,96.42443062376253
596,MEDITERRANEAN CANDLES SL,B46864369,AGULLENT,3299,Manufacturas,Industria,Otras industrias manufactureras n.c.o.p.,1991-01-31,1991,34,Entre 25 y 50 años,MEDITERRANEAN CANDLES,Sí,Sin auditor,No,2.0,Grupo Corporativo,0,No participadas,,No consejo,No realiza actividad exterior,,,,,491.93436,184.61082,138.40215,27.68043,0.169577181794035,0.32579015216583,160.26737,153.35592,816.16022,608.12011,671.51575,5,298.6752,Menos de 1M€,Menos de 1M€,0.342103651201405,Crece,0.375275311120776,1.65908358180144,0.311740615150363,0.365951675517829,59.73504,163.232044,2024-12-31,2024,380.45527,126.82896,91.76351,84.83029,70.1076776859504,210.15852,22.67365,18.7385537190083,102.29256,33.43841,125.20192,272.31516,0.466152675267609,0.5338473247323909,1.81032522497779,0.843887946727834,0.32043664657773,Menos de 1M€,Menos de 1M€,La Vall d'Albaida,Otros,30.671184,0.19636753430594792,3.7413601250791038
598,MIGUEL VIEIRA CONSTRUCTOR DE MOLDES SL.,B54902895,IBI,2599,Metal,Industria,Fabricación de otros productos metálicos n.c.o.p.,2015-12-18,2015,10,Mayor de 50 años,MVM COMPONENTS,Sí,Sin auditor,No,0.0,No Grupo Corporativo,0,No participadas,,No consejo,No realiza actividad exterior,,,,,735.48191,293.12703,283.08989,35.38623625,0.349591456119309,0.138367917166039,101.7671,176.07396,809.77348,795.89912,714.68763,8,384.85699,Menos de 1M€,Menos de 1M€,0.0174323097630764,Se mantiene,0.398550971838315,1.10101073730012,0.239399443556674,0.475264996329591,48.10712375,101.221685,2023-12-31,2023,299.05213,48.8207,22.18616,152.41803,125.965314049587,137.4808,61.50658,50.8318842975207,25.46111,52.9464,75.13256,228.392249,0.369303437795962,0.630696562204038,2.17522832279126,0.803319297597956,0.262560129472338,Menos de 1M€,Menos de 1M€,,Metal,22.009245,0.12567354021028201,2.4780768171470458
599,TRENZADOS JOSE PLA SL,B96527254,ATZENETA D'ALBAIDA,3299,Manufacturas,Industria,Otras industrias manufactureras n.c.o.p.,1996-03-13,1996,29,Entre 25 y 50 años,Sin marca,No,Sin auditor,No,0.0,No Grupo Corporativo,0,No participadas,,No consejo,No realiza actividad exterior,,,,,624.00183,539.09858,251.42418,27.93602,0.311736803388256,0.132306647241724,82.55959,109.66383,806.5271,727.3361,845.12927,9,334.12847,Menos de 1M€,Menos de 1M€,0.108878137631282,Crece,0.863937498388426,1.29250758767807,0.175742801908129,0.414280524485786,37.1253855555556,89.6141222222222,2024-12-31,2024,269.3809,37.56192,29.0341,273.62938,226.139983471074,25.05,3.53993,2.92556198347107,0.0,44.99767,74.03177,295.13945,0.334001052165513,0.665998947834487,10.7537285429142,3.59175664803564,0.307819069548442,Menos de 1M€,Menos de 1M€,,Otros,12.18487,0.10236430989113694,77.29796351905263
600,MARMOLES ANTONIO GARCIA SL,B97518351,ATZENETA D'ALBAIDA,2370,Textil,Industria,"Corte, tallado y acabado de la piedra",2004-11-10,2004,21,Entre 10 y 25 años,Sin marca,No,Sin auditor,No,2.0,Grupo Corporativo,0,No participadas,,No consejo,No realiza actividad exterior,,,,,514.14331,328.83016,218.15161,31.1645157142857,0.273234358888772,0.17127372327377,88.059239,239.00606,798.40475,777.61186,790.19437,7,306.24126,Menos de 1M€,Menos de 1M€,0.0267394198437252,Se mantiene,0.639569072677421,1.55288366973014,0.464862724752754,0.38356643043519,43.7487514285714,114.057821428571,2024-12-31,2024,418.93748,66.515649,49.29076,159.344,131.689256198347,54.3,59.80676,49.4270743801653,18.95766,21.54359,70.83435,153.83724,0.524718170827516,0.47528182917248396,7.71523904235727,4.04832611780274,0.171043799298766,Menos de 1M€,Menos de 1M€,,Textil,34.143722857142855,0.11029398184316914,2.6643142012708907
601,SONTEX ULTRASONS SL.,B02993764,ONTINYENT,1392,Textil,Industria,"Fabricación de artículos confeccionados con textiles, excepto prendas de vestir",2020-12-30,2020,5,Menor de 10 años,Sin marca,No,Sin auditor,No,2.0,Grupo Corporativo,0,No participadas,,No consejo,No realiza actividad exterior,,,,,273.56196,57.91892,152.86158,30.572316,0.193157703585622,0.149271923625639,40.83512,134.27278,791.38226,741.60568,841.22507,5,193.6967,Menos de 1M€,Menos de 1M€,0.0671200091131987,Crece,0.21172139576716,2.89288123246375,0.490831327572006,0.244757445030421,38.73934,158.276452,2024-12-31,2024,507.1711,22.01349,17.24034,62.90194,51.9850743801653,11.118,139.15536,115.004429752066,0.0,18.82163,36.06197,-65.135419,0.640867410902034,0.35913258909796597,45.6171163878395,29.2345232722915,-0.065583167573027,Menos de 1M€,Menos de 1M€,La Vall d'Albaida,Textil,26.854556000000002,0.051599741444798126,0.4520267131643372
602,COMERCIAL ATALAC SL,B54333059,MURO DE ALCOY,3109,Mueble,Industria,Fabricación de otros muebles,2008-03-27,2008,17,Entre 10 y 25 años,Sin marca,No,Sin auditor,No,2.0,Grupo Corporativo,0,No participadas,,No consejo,No realiza actividad exterior,,,,,384.09785,175.56334,185.30799,30.884665,0.23417352214951,0.0861700709858178,33.097739,68.7246,791.32768,659.92498,557.371059,6,218.64873,Menos de 1M€,Menos de 1M€,0.199117633037622,Crece,0.457079725908385,2.06022418506118,0.17892471931306,0.27630618203574,36.441455,131.887946666667,2024-12-31,2024,419.77781,33.02515,24.44414,39.71402,32.8215041322314,41.3193,122.70391,101.408190082645,20.19636,0.07259,24.51673,-41.67059,0.530472799839379,0.469527200160621,10.1593640260121,5.38926627946608,-0.034457768430915,Menos de 1M€,Menos de 1M€,El comtat,Otros,11.454099999999999,0.041825579764883235,0.32365733088700954
603,RAFAEL CAMBRA SL,B98015027,ONTINYENT,1102,Alimentación,Industria,Elaboración de vinos,2008-03-07,2008,17,Entre 10 y 25 años,MALLAURA,Sí,Sin auditor,No,0.0,No Grupo Corporativo,0,No participadas,,No consejo,No realiza actividad exterior,,,,,1006.10875,589.4439,154.70035,38.6750875,0.196694067177445,0.099229740323797,99.83591,471.44729,786.50237,763.52659,708.12561,4,254.76949,Menos de 1M€,Menos de 1M€,0.0300916566638498,Se mantiene,0.585864997198364,0.781726995217962,0.468584822465762,0.323927173925744,63.6923725,196.6255925,2024-12-31,2024,388.01238,54.52142,39.91571,226.76712,187.410842975207,103.76375,96.05436,79.3837685950413,24.02807,45.31449,85.2302,234.47651,0.493339110980683,0.5066608890193169,3.73938278059534,1.84478377659538,0.26928186418582,Menos de 1M€,Menos de 1M€,La Vall d'Albaida,Alimentación,117.8618225,0.12693656600170194,2.3608206852869618
604,GAVYP SL,B03268497,CASTALLA,2229,Plástico,Industria,Fabricación de otros productos de plástico,1987-02-20,1987,38,Entre 25 y 50 años,Sin marca,No,Sin auditor,No,0.0,No Grupo Corporativo,0,No participadas,,No consejo,No realiza actividad exterior,,,,,430.9085,260.03358,273.21933,39.0313328571429,0.350823808794109,0.0912087345689398,39.302619,14.93326,778.79358,618.380549,702.66746,7,312.52195,Menos de 1M€,Menos de 1M€,0.259408274175843,Crece,0.603454283217899,1.80732935182295,0.0346552922488185,0.401289838573143,44.6459928571429,111.256225714286,2024-12-31,2024,420.41891,36.83135,28.571041,324.89821,268.510917355372,16.3925,114.45051,94.5871983471074,0.0,2.47127,31.042311,226.8402,0.539833558977207,0.460166441022793,25.6470282141223,13.8451265180185,0.244373122603636,Menos de 1M€,Menos de 1M€,,Plástico,2.1333228571428573,0.05046602849499607,2.8387659434632506
605,TORCIDOS TECNICOS 2013 SL.,B54724117,MURO DE ALCOY,1399,Textil,Industria,Fabricación de otros productos textiles n.c.o.p.,2013-07-23,2013,12,Entre 10 y 25 años,Sin marca,No,Sin auditor,No,0.0,No Grupo Corporativo,0,No participadas,,No consejo,No realiza actividad exterior,,,,,426.78974,202.37307,436.35519,36.3629325,0.560606674170797,0.294654787155849,125.75564,257.69451,778.36246,663.98541,623.03628,12,562.11199,Menos de 1M€,Menos de 1M€,0.172258378388164,Crece,0.474175105521515,1.82376094608085,0.603797340582742,0.722172533860382,46.8426658333333,64.8635383333333,2024-12-31,2024,70.5256,87.33222,60.06613,129.58233,107.092834710744,,0.32178,0.265933884297521,63.43141,38.42342,98.48955,129.26055,0.0906076585450948,0.9093923414549052,,,,Menos de 1M€,Menos de 1M€,El comtat,Textil,21.4745425,0.1615643693813291,402.70473615513725
606,INTECH ALUMINIUM SL.,B54876487,ONIL,2453,Metal,Industria,Fundición de metales ligeros,2015-08-04,2015,10,Mayor de 50 años,Sin marca,No,Sin auditor,No,2.0,Grupo Corporativo,0,No participadas,,No consejo,Importador / Exportador,0.0,0.0,0.0,0.0,642.99981,130.88499,186.13631,20.6818122222222,0.240145941545379,0.113023485963394,72.67408,255.44218,775.09663,760.96092,599.92996,9,258.810389,Menos de 1M€,Menos de 1M€,0.0185761313471919,Se mantiene,0.203553699339351,1.20543834997401,0.397266338228,0.333907256183013,28.7567098888889,86.1218477777778,2024-12-31,2024,349.02468,19.41881,3.20642,98.78257,81.6384876033058,283.21547,60.48449,49.9871818181818,11.4099,53.25527,56.461689,321.51355,0.450298280873702,0.5497017191262981,1.23236446088203,0.554931598145024,0.406229060478722,Menos de 1M€,Menos de 1M€,,Metal,28.382464444444444,0.093761315927796,1.6331884421940246
607,DISEÑO INYECCION Y TECNOLOGIA INDUSTRIAL SL.,B54706056,IBI,2229,Plástico,Industria,Fabricación de otros productos de plástico,2013-05-06,2013,12,Entre 10 y 25 años,BABY BAE FORMA PARTE DE TUS SUEÑOS,Sí,Sin auditor,No,0.0,No Grupo Corporativo,0,No participadas,,No consejo,No realiza actividad exterior,,,,,744.67381,408.71362,347.76626,26.7512507692308,0.449076296154701,0.234469263797528,174.60312,352.75906,774.40351,686.36175,582.51895,13,522.392839,Menos de 1M€,Menos de 1M€,0.128273115452602,Crece,0.548849193447531,1.03992311747878,0.47370950241959,0.674574472163743,40.1840645384615,59.5695007692308,2024-12-31,2024,86.72375,73.82523,50.13931,225.87065,186.669958677686,115.19286,21.94109,18.133132231405,146.06791,100.77789,150.9172,319.12242,0.1119878059437,0.8880121940562999,0.752856991310052,0.0843108026461878,0.366384814612063,Menos de 1M€,Menos de 1M€,,Plástico,27.135312307692306,0.22546788301618106,10.294413358679972
608,MECANIZADOS INDUSTRIALES J. NARANJO SL.,B09897174,CASTALLA,2829,Maquinaria,Industria,Fabricación de otra maquinaria de uso general n.c.o.p.,2022-03-11,2022,3,Menor de 10 años,Sin marca,No,Sin auditor,No,0.0,No Grupo Corporativo,0,No participadas,,No consejo,No realiza actividad exterior,,,,,320.93395,143.7977,308.72915,38.59114375,0.39904831245839,0.152482434469772,48.93679,104.89919,773.66359,510.723,,8,357.66594,Menos de 1M€,Menos de 1M€,0.514839923011104,Crece,0.448060107071876,2.41066297286404,0.326856008845434,0.462301631643283,44.7082425,96.70794875,2023-12-31,2023,338.54713,26.85556,19.732339,177.19987,146.446173553719,20.45615,110.6151,91.4174380165289,0.0,22.08123,41.813569,87.040919,0.437589585933597,0.562410414066403,16.549894774921,7.24206160180227,0.0975680987355112,Menos de 1M€,Menos de 1M€,,Otros,13.11239875,0.06325331918489276,1.6019500954209691
609,NOUTEXTIL RIMAR SL.,B42590356,COCENTAINA,1392,Textil,Industria,"Fabricación de artículos confeccionados con textiles, excepto prendas de vestir",2018-07-18,2018,7,Menor de 10 años,Sin marca,No,Sin auditor,No,2.0,Grupo Corporativo,0,No participadas,,No consejo,No realiza actividad exterior,,,,,229.47774,11.24445,287.60215,15.9778972222222,0.372257234763979,0.140226189259141,32.178789,121.85796,772.58982,562.95276,631.63327,18,321.294939,Menos de 1M€,Menos de 1M€,0.372388368786042,Crece,0.0490001775335595,3.36673099534622,0.531023009029111,0.415867424968142,17.8497188333333,42.9216566666667,2024-12-31,2024,391.98728,8.13919,4.05535,27.75908,22.9413884297521,72.956,110.62237,91.4234462809917,34.82746,24.0396,28.094949,-9.907289,0.507367907073899,0.492632092926101,5.37292724381819,2.72605085055637,0.00579083756081633,Menos de 1M€,Menos de 1M€,El comtat,Textil,6.769886666666667,0.04165054750527259,0.2509355024666354
610,MANIPULADOS & DESARROLLOS VM SL.,B54870738,CASTALLA,3240,Juguete,Industria,Fabricación de juegos y juguetes,2015-07-03,2015,10,Mayor de 50 años,Sin marca,No,Sin auditor,No,2.0,Grupo Corporativo,0,No participadas,,No consejo,No realiza actividad exterior,,,,,381.19064,138.96853,237.2401,29.6550125,0.307433433802064,0.136305099201806,51.958228,142.46321,771.67957,861.15441,687.64118,8,289.206328,Menos de 1M€,Menos de 1M€,-0.103901041393959,Decrece,0.364564381748723,2.02439275528906,0.37373218293083,0.374775151815928,36.150791,96.45994625,2024-12-31,2024,470.30639,35.46179,21.99433,186.93696,154.493355371901,35.3929,43.4321,35.8942975206612,35.62387,16.496437,38.490768,178.897759,0.609458132991651,0.39054186700834903,13.2881563816472,8.09857497925977,0.19955427594285,Menos de 1M€,Menos de 1M€,,Juguete,17.80790125,0.0673313510165884,4.3041197639533895
611,GESTION DE CORTE INDUSTRIAL DE TEJIDOS SL,B53101259,CASTALLA,1392,Textil,Industria,"Fabricación de artículos confeccionados con textiles, excepto prendas de vestir",1996-04-25,1996,29,Entre 25 y 50 años,GAJAH,Sí,Sin auditor,No,2.0,Grupo Corporativo,0,No participadas,,No consejo,No realiza actividad exterior,,,,,1221.70297,962.79627,396.85652,39.685652,0.514737168767177,0.120734895160319,147.50218,791.01754,770.98866,641.53997,644.83999,10,547.95011,Menos de 1M€,Menos de 1M€,0.201778059128568,Crece,0.78807721159915,0.63107701211531,0.64747124253942,0.710710985035759,54.795011,77.098866,2024-12-31,2024,60.8969,115.75615,78.98364,308.49608,254.955438016529,12.7176,11.23537,9.28542975206611,42.76067,31.74603,110.72967,309.97831,0.0789854678277629,0.921014532172237,4.78839560923445,0.378213667339788,0.335138013916395,Menos de 1M€,Menos de 1M€,,Textil,79.101754,0.19131562842960623,27.45758083623417
612,TUBSOL INSTALACIONES SL.,B16937690,ONTINYENT,2511,Metal,Industria,Fabricación de estructuras metálicas y sus componentes,2021-09-27,2021,4,Menor de 10 años,Sin marca,No,Sin auditor,No,0.0,No Grupo Corporativo,0,No participadas,,No consejo,No realiza actividad exterior,,,,,439.77617,270.44403,309.4698,44.2099714285714,0.402081454658807,0.361330719670418,158.90464,88.71155,769.66942,719.39105,654.47134,7,468.37444,Menos de 1M€,Menos de 1M€,0.0698901800349059,Crece,0.614958354837644,1.75013898547527,0.201719774857287,0.608539754639076,66.9106342857143,109.952774285714,2024-12-31,2024,196.23055,147.38585,116.08241,145.25767,120.047661157025,42.397,73.86102,61.0421652892562,0.0,11.51879,127.6012,113.79365,0.254954328314096,0.745045671685904,4.62840649102531,1.18003226808396,0.131748115792061,Menos de 1M€,Menos de 1M€,La Vall d'Albaida,Metal,12.673078571428572,0.20645829998026946,1.9666350397002406
615,PASTOR Y NAVARRO SL,B03076775,ONIL,1399,Textil,Industria,Fabricación de otros productos textiles n.c.o.p.,1979-12-24,1979,46,Entre 25 y 50 años,Sin marca,No,Sin auditor,No,0.0,No Grupo Corporativo,0,No participadas,,No consejo,No realiza actividad exterior,,,,,983.34572,464.94424,575.73101,35.983188125,0.769907039367545,0.0914630807565827,89.939829,551.53502,747.79289,978.91548,943.45886,16,660.64096,Menos de 1M€,Menos de 1M€,-0.236100659068135,Decrece,0.472818694934677,0.760457766572676,0.560876006050039,0.883454454882554,41.29006,46.737055625,2024-12-31,2024,-22.63644,11.51829,4.875719,175.41135,144.96805785124,179.16854,38.29835,31.6515289256198,0.0,78.42154,83.29726,316.28154,-0.0302710019080283,1.0302710019080283,-0.126341599925969,0.00382448681242236,0.391131117769279,Menos de 1M€,Menos de 1M€,,Textil,34.47093875,0.12027371509242352,4.580128125624226
616,TEJIDOS DOBELTEX SL,B53236725,BANYERES DE MARIOLA,1320,Textil,Industria,Fabricación de tejidos textiles,1997-12-30,1997,28,Entre 25 y 50 años,Sin marca,No,Sin auditor,No,2.0,Grupo Corporativo,0,No participadas,,No consejo,Exportador,0.0,0.0,0.0,0.0,1650.03168,1413.76806,252.85858,31.6073225,0.340337891498955,0.0311166874080866,51.34352,715.06041,742.96335,619.95286,830.6873,8,304.2021,Menos de 1M€,Menos de 1M€,0.198419102381429,Crece,0.856812676469339,0.450272172956097,0.433361624911347,0.409444288200757,38.0252625,92.87041875,2024-12-31,2024,357.65125,6.31246,3.874729,289.83093,239.529694214876,476.9976,49.7353,41.1035537190083,0.0,45.03106,48.905789,717.09323,0.481384781631557,0.5186152183684429,0.749796749501465,0.360940744526814,0.909094291792277,Menos de 1M€,Menos de 1M€,L'Alcoià,Textil,89.38255125,0.06910639670180231,5.827469222061588
617,ROSATOYS SL.,B54994231,ONIL,3240,Juguete,Industria,Fabricación de juegos y juguetes,2017-03-09,2017,8,Menor de 10 años,Sin marca,No,Sin auditor,No,0.0,No Grupo Corporativo,0,No participadas,,No consejo,No realiza actividad exterior,,,,,780.9331,299.66666,170.94842,28.4914033333333,0.231123217029127,0.0966484965229416,75.47601,229.90467,739.64192,665.492,491.08102,6,246.43733,Menos de 1M€,Menos de 1M€,0.111421204161733,Crece,0.383728977552623,0.947125842149603,0.294397394603968,0.333184644266783,41.0728883333333,123.273653333333,2023-12-31,2023,388.48286,63.54776,39.22084,436.56808,360.800066115703,98.34942,84.15664,69.5509421487603,158.56148,11.92825,51.14909,450.76086,0.525230992856652,0.474769007143348,3.95002695491239,2.07467657933917,0.526739403800885,Menos de 1M€,Menos de 1M€,,Juguete,38.317445,0.10204398636572681,5.187565473146276
618,ENSO&ADEPT SOCIEDAD LIMITADA.,B98966336,ONTINYENT,1512,Textil,Industria,"Fabricación de artículos de marroquinería, viaje y de guarnicionería y talabartería",2018-01-08,2018,7,Menor de 10 años,Sin marca,No,Sin auditor,No,0.0,No Grupo Corporativo,0,No participadas,,No consejo,Exportador,0.0,0.0,26.0,178.2012674,525.86376,86.92057,26.23488,26.23488,0.0355923009247773,0.042390009914355,22.29137,,737.09424,1147.05399,527.49355,1,51.70475,Menos de 1M€,Menos de 1M€,-0.357402313730673,Decrece,0.165291044205062,1.40168289976856,,0.0701467291346626,51.70475,737.09424,2024-12-31,2024,638.84825,22.29137,8.071469,521.28458,430.813702479339,,3.29508,2.72320661157025,214.95276,,,517.9895,0.866711765377518,0.13328823462248196,,,,Menos de 1M€,Menos de 1M€,La Vall d'Albaida,Textil,,0.03024222520040314,158.20088738361432
619,PORTELLY SL,B03760071,BANYERES DE MARIOLA,1320,Textil,Industria,Fabricación de tejidos textiles,1992-03-09,1992,33,Entre 25 y 50 años,Sin marca,No,Sin auditor,No,6.0,Grupo Corporativo,0,No participadas,,No consejo,No realiza actividad exterior,,,,,941.29735,844.56755,517.24292,23.5110418181818,0.704236039461176,0.105954351194126,99.73455,489.29259,734.4738,778.76236,830.67199,22,617.30194,Menos de 1M€,Menos de 1M€,-0.0568704424800397,Decrece,0.897237785700767,0.780278197957319,0.519806615837174,0.84046829172123,28.0591790909091,33.3851727272727,2024-12-31,2024,13.12027,16.5845,12.79094,273.45922,225.999355371901,37.98153,0.0,0.0,0.0,83.15005,95.94099,311.44075,0.0178634962880909,0.9821365037119091,0.345438164286694,0.00617073336550029,0.35941497895759,Menos de 1M€,Menos de 1M€,L'Alcoià,Textil,22.240572272727274,0.13579048020501208,
620,INRETEX SL,B96728993,BOCAIRENT,1310,Textil,Industria,Preparación e hilado de fibras textiles,1998-02-12,1998,27,Entre 25 y 50 años,Sin marca,No,Sin auditor,No,0.0,No Grupo Corporativo,0,No participadas,,No consejo,Importador / Exportador,0.0,0.0,0.0,0.0,670.66082,302.12754,155.40705,22.2010071428571,0.211723632976212,0.0408943227069683,27.42622,148.18348,734.00899,722.84673,901.71986,7,183.48703,Menos de 1M€,Menos de 1M€,0.015442084105437,Se mantiene,0.450492306975678,1.09445634531029,0.220951449049909,0.249979267965097,26.2124328571429,104.858427142857,2024-12-31,2024,478.26468,19.57032,13.70819,119.485,98.7479338842975,387.00999,74.3473,61.4440495867769,105.64491,7.8559,21.56409,432.14769,0.651578776984734,0.348421223015266,1.23579414577903,0.805217238111593,0.578077217143513,Menos de 1M€,Menos de 1M€,,Textil,21.16906857142857,0.037364964698865605,1.6071195591500955
621,ESCALERAS CLIMENT SL.,B96814413,CASTELLO DE RUGAT,1623,Madera,Industria,Fabricación de otras estructuras de madera y piezas de carpintería y ebanistería para la construcción,1999-01-01,1999,26,Entre 25 y 50 años,ESCALERAS CLIMENT,Sí,Sin auditor,No,0.0,No Grupo Corporativo,0,No participadas,,No consejo,No realiza actividad exterior,,,,,490.95213,261.76066,186.28231,26.6117585714286,0.253968820301373,0.0938403709542924,46.07113,138.65795,733.48496,665.4931,774.25373,7,232.34953,Menos de 1M€,Menos de 1M€,0.102167640806494,Crece,0.533169415111815,1.49400504688716,0.282426618660357,0.316774770678324,33.19279,104.783565714286,2024-12-31,2024,382.57968,31.76912,24.20675,186.97465,154.524504132231,12.46038,143.13474,118.293173553719,0.0,14.30201,38.50876,56.30029,0.521591717436169,0.47840828256383106,30.7036928247774,16.0147918721082,0.0663840613425971,Menos de 1M€,Menos de 1M€,,Madera,19.80827857142857,0.06281128109293474,1.306284204659187
622,6 TORRES EG ESPECIALIDADES GRAFICAS SL.,B54724661,IBI,1812,Artes gráficas,Industria,Otras actividades de impresión y artes gráficas,2013-07-31,2013,12,Entre 10 y 25 años,Sin marca,No,Sin auditor,No,0.0,No Grupo Corporativo,0,No participadas,,No consejo,No realiza actividad exterior,,,,,823.57128,524.57498,227.6856,28.4607,0.310756677173463,0.0772369089898327,63.6101,528.204339,732.68128,626.08938,662.19089,8,291.31769,Menos de 1M€,Menos de 1M€,0.170250292378382,Crece,0.636951521670353,0.88963918217255,0.641358376411572,0.397604931301097,36.41471125,91.58516,2024-12-31,2024,331.56721,21.39962,8.52986,170.50765,140.915413223141,115.10175,49.83101,41.182652892562,67.51868,42.21048,50.74034,235.77839,0.452539486200603,0.547460513799397,2.88064438637988,1.303605330539,0.293216868227585,Menos de 1M€,Menos de 1M€,,Otros,66.025542375,0.0868182410774846,3.4217177215553236
623,INDUSTRIAS PEREZ BELLOT SL.,B02857407,CASTALLA,2229,Plástico,Industria,Fabricación de otros productos de plástico,2020-12-01,2020,5,Menor de 10 años,FANBASE SEATING,Sí,Sin auditor,No,0.0,No Grupo Corporativo,0,No participadas,,No consejo,No realiza actividad exterior,,,,,1082.0201,248.8069,198.57004,24.821255,0.271234993172685,0.187512670975336,202.892479,742.07118,732.09595,441.12423,408.35441,8,400.92433,Menos de 1M€,Menos de 1M€,0.659614004880213,Crece,0.229946652562184,0.676601063141064,0.685820143267209,0.54763904922572,50.11554125,91.51199375,2024-12-31,2024,256.29233,74.37029,54.67907,231.83222,191.596876033058,80.66318,50.77132,41.9597685950413,150.78004,128.52219,183.20126,261.72408,0.350080245629005,0.6499197543709949,3.1773149781598,1.1123152079949,0.314576644547776,Menos de 1M€,Menos de 1M€,,Plástico,92.7588975,0.27713919056648245,4.56620430589554
624,PIROTECNIA AITANA SOCIEDAD LIMITADA,B97974836,BELGIDA,2051,Química,Industria,Fabricación de explosivos,2007-12-04,2007,18,Entre 10 y 25 años,Sin marca,No,Sin auditor,No,0.0,No Grupo Corporativo,0,No participadas,,No consejo,No realiza actividad exterior,,,,,796.47859,749.00159,136.04201,45.3473366666667,0.186736778400293,0.108395117061464,86.33439,331.10549,728.52285,695.98322,584.76059,3,222.3764,Menos de 1M€,Menos de 1M€,0.0467534691425462,Se mantiene,0.940391366954383,0.91467976559169,0.415711726789794,0.305242862320653,74.1254666666667,242.84095,2024-12-31,2024,437.78285,70.46969,54.26166,65.63852,54.2467107438017,120.0,19.52591,16.1371157024793,0.0,15.8647,70.12636,166.11261,0.600918488692565,0.39908151130743497,3.64819041666667,2.19226507164603,0.217027640301635,Menos de 1M€,Menos de 1M€,,Otros,110.36849666666666,0.11850608392036023,3.3616113154265395
625,BORYSER SL,B03874864,L'ALQUERIA D'ASNAR,1392,Textil,Industria,"Fabricación de artículos confeccionados con textiles, excepto prendas de vestir",1993-07-23,1993,32,Entre 25 y 50 años,Sin marca,No,Sin auditor,No,0.0,No Grupo Corporativo,0,No participadas,,No consejo,No realiza actividad exterior,,,,,438.55956,330.58313,302.84464,21.63176,0.416261740668483,0.195869929274829,85.90063,101.35141,727.53417,601.9263,454.93633,14,388.74527,Menos de 1M€,Menos de 1M€,0.208676494115642,Crece,0.753793008183427,1.65891759376993,0.231100674216291,0.534332662340794,27.7675192857143,51.9667264285714,2024-12-31,2024,232.63565,68.71186,50.64643,16.48733,13.6258925619835,28.45726,27.39982,22.644479338843,13.39035,17.18877,67.8352,17.544769,0.319759070560218,0.680240929439782,8.17491388840668,2.61400286686674,0.026718570789796,Menos de 1M€,Menos de 1M€,,Textil,7.239386428571429,0.11807092167231129,0.6017313252422832
627,STD STRUCTURES INNOVATION SL.,B98539356,BENISSODA,2790,Maquinaria,Industria,Fabricación de otro material y equipo eléctrico,2013-05-14,2013,12,Entre 10 y 25 años,Sin marca,No,Sin auditor,No,0.0,No Grupo Corporativo,0,No participadas,,No consejo,Importador / Exportador,0.0,0.0,0.0,0.0,308.4549,94.96091,240.76107,34.3944385714286,0.334074883032336,0.111351870240998,34.34703,42.92556,720.67995,486.18504,465.55324,7,275.1081,Menos de 1M€,Menos de 1M€,0.482316177396162,Crece,0.307859949704154,2.33641919774982,0.13916316453394,0.381734083208503,39.3011571428571,102.954278571429,2024-12-31,2024,293.51604,22.33856,13.80333,47.55559,39.3021404958678,48.66168,19.04739,15.7416446280992,6.56875,12.00847,25.8118,77.169879,0.407276544879596,0.5927234551204039,6.03176955666142,2.456598264547,0.100213938056371,Menos de 1M€,Menos de 1M€,,Otros,6.132222857142857,0.04765920017616696,2.496698497799434
629,IBIMARMOL S.L.,B53492633,IBI,2370,Textil,Industria,"Corte, tallado y acabado de la piedra",2000-09-29,2000,25,Mayor de 50 años,Sin marca,No,Sin auditor,No,0.0,No Grupo Corporativo,0,No participadas,,No consejo,No realiza actividad exterior,,,,,533.80225,328.59194,173.81753,43.4543825,0.24310700311968,0.152736411283392,81.53104,93.50437,714.98364,523.72925,513.79716,4,255.37568,Menos de 1M€,Menos de 1M€,0.365177980798285,Crece,0.615568667985195,1.33941668473672,0.175166683917125,0.357176955825171,63.84392,178.74591,2024-12-31,2024,345.87289,59.86756,44.63259,147.14128,121.604363636364,36.89722,49.79516,41.1530247933884,0.0,21.66348,66.29607,134.24334,0.483749376419298,0.5162506235807021,9.37395527359514,4.53464501818404,0.16412761394509,Menos de 1M€,Menos de 1M€,,Textil,23.3760925,0.11403203575399291,2.9549313628071596
630,URDIDOS LATORRE SL.,B01998103,BANYERES DE MARIOLA,1310,Textil,Industria,Preparación e hilado de fibras textiles,2020-10-01,2020,5,Menor de 10 años,Sin marca,No,Sin auditor,No,0.0,No Grupo Corporativo,0,No participadas,,No consejo,No realiza actividad exterior,,,,,544.41552,188.97972,192.31689,27.4738414285714,0.269454447219876,0.106362046768983,57.905149,327.4197,713.72691,363.57203,194.70965,7,250.22204,Menos de 1M€,Menos de 1M€,0.963096308591175,Crece,0.347124049659716,1.31099662625342,0.601415073545295,0.350585127860739,35.7460057142857,101.960987142857,2024-12-31,2024,263.40946,21.9238,8.86989,113.33736,93.6672396694215,45.0103,85.12587,70.351958677686,32.893449,35.98135,44.85124,73.22179,0.369061970775349,0.6309380292246509,5.85220405107276,2.15982596046839,0.0957307060087387,Menos de 1M€,Menos de 1M€,L'Alcoià,Textil,46.77424285714285,0.08113067923976694,1.3314091239243715
631,HORIZON FILATI SL.,B42696377,MURO DE ALCOY,1310,Textil,Industria,Preparación e hilado de fibras textiles,2020-02-05,2020,5,Menor de 10 años,Sin marca,No,Sin auditor,No,0.0,No Grupo Corporativo,0,No participadas,,No consejo,No realiza actividad exterior,,,,,263.73577,-155.31755,329.40751,36.6008344444444,0.462309822930673,0.72257885231116,190.56989,165.49134,712.52544,827.27245,901.7484,9,519.74274,Menos de 1M€,Menos de 1M€,-0.13870522341219,Decrece,-0.588913479578443,2.70166401774018,0.627489172212021,0.729437449980733,57.7491933333333,79.1694933333333,2024-12-31,2024,126.26371,133.0436,95.58086,77.47809,64.031479338843,6.31917,17.69679,14.6254462809917,0.0,57.52629,153.10715,66.10047,0.177205897378204,0.822794102621796,19.9810592213851,3.54076152989259,0.07820801887137,Menos de 1M€,Menos de 1M€,El comtat,Textil,18.38792666666667,0.26745696265946656,4.3780872124266725
632,IKER PLASTIC SL,B53447462,BANYERES DE MARIOLA,2229,Plástico,Industria,Fabricación de otros productos de plástico,2000-03-20,2000,25,Mayor de 50 años,IKER,Sí,C & O Consultores Y Auditores S.L.P.,Sí,0.0,No Grupo Corporativo,0,No participadas,,No consejo,No realiza actividad exterior,,,,,440.18009,122.971,154.43237,38.6080925,0.216815027006485,0.0413509161670624,18.20185,82.12538,712.27706,770.85399,956.17792,4,172.63422,Menos de 1M€,Menos de 1M€,-0.0759896566144777,Decrece,0.279365202546985,1.61814919888812,0.186572227744331,0.242369479090061,43.158555,178.069265,2024-12-31,2024,373.73698,8.30186,1.79096,119.77092,98.9842314049587,186.47706,107.6704,88.9838016528926,79.36132,9.89999,11.69095,198.57758,0.524707309821265,0.475292690178735,2.00419815713525,1.05161742337918,0.275844191517366,Menos de 1M€,Menos de 1M€,L'Alcoià,Plástico,20.531345,0.025554452083575457,1.1123848337147442
633,TRAMAFIL SL,B46165692,AGULLENT,1320,Textil,Industria,Fabricación de tejidos textiles,1981-10-09,1981,44,Entre 25 y 50 años,"TRAMAFIL, S.L.",Sí,Sin auditor,No,2.0,Grupo Corporativo,0,No participadas,,No consejo,No realiza actividad exterior,,,,,1179.23906,915.82299,126.71272,25.342544,0.17866932828571,0.0229802428694992,27.0992,82.79432,709.20242,1087.72385,1021.05116,5,153.811919,Menos de 1M€,Menos de 1M€,-0.347994051982955,Decrece,0.776621993847456,0.601406825855989,0.0702099538663517,0.216880138395467,30.7623838,141.840484,2024-12-31,2024,586.88524,3.88073,3.00757,177.66529,146.830818181818,195.69469,91.43786,75.568479338843,0.0,23.21847,26.22604,281.92212,0.827528535506125,0.17247146449387496,2.99898397856375,2.48174481978719,0.37641866597547,Menos de 1M€,Menos de 1M€,La Vall d'Albaida,Textil,16.558864,0.038210811519791485,1.9430167110210115
634,ROQUE ARTESANOS SL.,B03852365,CASTALLA,1071,Alimentación,Industria,Fabricación de pan y de productos frescos de panadería y pastelería,1993-04-30,1993,32,Entre 25 y 50 años,ROQUE ARTESANOS,Sí,Sin auditor,No,2.0,Grupo Corporativo,0,No participadas,,No consejo,No realiza actividad exterior,,,,,371.3108,165.35265,340.79435,24.3424535714286,0.480700506784936,0.0839138533002541,31.15812,189.76232,708.95359,631.53199,541.370029,14,371.95247,Menos de 1M€,Menos de 1M€,0.122593314710788,Crece,0.445321412681775,1.90932660725193,0.511060599368507,0.524649956282752,26.5680335714286,50.6395421428571,2024-12-31,2024,259.51278,22.76564,16.374719,73.66543,60.880520661157,81.75672,82.45203,68.142173553719,20.04988,8.39248,24.767199,72.97012,0.366050449085109,0.633949550914891,3.17420733121387,1.16192001908008,0.105077494716457,Menos de 1M€,Menos de 1M€,,Alimentación,13.554451428571427,0.043949449497815506,0.8934337941709861
636,INDUSTRIAS PLASTICAS VALBER SL,B03337680,IBI,2229,Plástico,Industria,Fabricación de otros productos de plástico,1988-06-08,1988,37,Entre 25 y 50 años,Sin marca,No,Sin auditor,No,0.0,No Grupo Corporativo,0,No participadas,,No consejo,No realiza actividad exterior,,,,,471.0889,353.07108,143.02449,28.604898,0.201902177273412,0.197534605464064,93.05636,208.67193,708.38508,717.04056,704.92751,5,236.09806,Menos de 1M€,Menos de 1M€,-0.0120711163117467,Se mantiene,0.749478665279526,1.50371847012315,0.442956584203109,0.333290559987514,47.219612,141.677016,2023-12-31,2023,254.52784,36.92193,18.968899,190.00874,157.032016528926,14.36,31.15809,25.7504876033058,0.82266,56.13443,75.10333,173.21065,0.359307172308033,0.640692827691967,17.7247799442897,6.36864056156487,0.20559655057334,Menos de 1M€,Menos de 1M€,,Plástico,41.734386,0.13136408801834165,6.098215262873955
637,MARSALA DESIGN SL.,B42518860,BANYERES DE MARIOLA,1431,Textil,Industria,Confección de calcetería,2017-07-10,2017,8,Menor de 10 años,SOCKS & CO. SINCE 2016,Sí,Sin auditor,No,2.0,Grupo Corporativo,0,No participadas,,No consejo,Importador / Exportador,0.0,0.0,0.0,0.0,589.29317,249.549,271.09518,33.8868975,0.382762613046892,0.21739235498012,128.10783,266.47699,708.259299,607.38481,457.23065,8,399.711,Menos de 1M€,Menos de 1M€,0.166080032525015,Crece,0.423471733093394,1.20187936167663,0.452197655710145,0.564356868401667,49.963875,88.532412375,2024-12-31,2024,120.37724,87.28941,64.2122,31.33309,25.8951157024793,59.6378,21.71147,17.9433636363636,38.63763,40.81842,105.03062,69.25942,0.169962103102581,0.830037896897419,2.01847217704208,0.343063776264117,0.0954305184013061,Menos de 1M€,Menos de 1M€,L'Alcoià,Textil,33.30962375,0.18087701803686448,1.44315838586701
638,FERRERIA FERRI & VICENT SL,B96537758,AIELO DE MALFERIT,2512,Metal,Industria,Fabricación de carpintería metálica,1996-04-10,1996,29,Entre 25 y 50 años,Sin marca,No,Sin auditor,No,0.0,No Grupo Corporativo,0,No participadas,,No consejo,Importador,13.0,71.0516495,0.0,0.0,556.96065,249.57679,156.05446,31.210892,0.220336725890112,0.0101170343003586,5.63479,30.53441,708.25442,754.72761,729.18891,5,161.70327,Menos de 1M€,Menos de 1M€,-0.0615761095582551,Decrece,0.448104888559003,1.27164175781539,0.0548232806033963,0.228312405025302,32.340654,141.650884,2024-12-31,2024,459.2014,5.29016,3.869019,446.75168,369.21626446281,35.2,36.86942,30.4705950413223,0.0,0.34463,4.21365,445.08226,0.648356560909285,0.35164343909071505,13.0454943181818,8.45813183149797,0.527982118941789,Menos de 1M€,Menos de 1M€,La Vall d'Albaida,Metal,6.106882000000001,0.007955883988694346,12.117133385879145
639,DIGIFLEX SL,B97635692,ONTINYENT,2222,Plástico,Industria,Fabricación de envases y embalajes de plástico,2005-09-13,2005,20,Entre 10 y 25 años,Sin marca,No,Sin auditor,No,2.0,Grupo Corporativo,0,No participadas,,No consejo,Importador / Exportador,0.0,0.0,0.0,0.0,3339.84859,389.32994,94.56946,47.28473,0.133681511317342,0.0457653381227081,152.8493,1476.70254,707.42363,1183.95641,3454.57033,2,247.43008,Menos de 1M€,Menos de 1M€,-0.402491828225331,Decrece,0.116571134741171,0.21181308401768,0.442146552517819,0.349762249248021,123.71504,353.711815,2024-12-31,2024,424.08222,90.7493,9.94271,459.0546,379.383966942149,1243.02856,614.6996,508.016198347107,332.74315,62.1,72.04271,1087.38356,0.599474207555097,0.40052579244490305,0.341168524719979,0.204521730999251,1.57528852774545,Menos de 1M€,Menos de 1M€,La Vall d'Albaida,Plástico,738.35127,0.21606473620339767,0.7467950198763765
640,AUXILIARES RAS SL.,B72501703,ONIL,3240,Juguete,Industria,Fabricación de juegos y juguetes,2022-09-14,2022,3,Menor de 10 años,Sin marca,No,Sin auditor,No,2.0,Grupo Corporativo,0,No participadas,,No consejo,No realiza actividad exterior,,,,,388.93784,199.01762,296.45782,26.9507109090909,0.420201216432361,0.293793784631498,114.26752,151.33572,705.51395,509.33672,57.19743,11,410.7288,Menos de 1M€,Menos de 1M€,0.385162157560523,Crece,0.511695185019796,1.81395039886065,0.389100016599053,0.582169636759131,37.3389818181818,64.1376318181818,2024-12-31,2024,160.56296,103.4356,79.04643,123.96794,102.452842975207,,33.5049,27.69,0.01776,10.83192,89.87835,90.46304,0.227582969833552,0.772417030166448,,,,Menos de 1M€,Menos de 1M€,,Juguete,13.757792727272728,0.16196351610056753,3.699994329187685
641,SISTEMAS Y ACRILICOS CASTALLA SL.,B42558650,CASTALLA,2572,Metal,Industria,Fabricación de cerraduras y herrajes,2018-02-14,2018,7,Menor de 10 años,TOTMOBLES,Sí,Sin auditor,No,0.0,No Grupo Corporativo,0,No participadas,,No consejo,No realiza actividad exterior,,,,,590.02749,290.97729,241.96302,30.2453775,0.343861553141402,0.139261002906831,82.16782,338.64851,703.66407,897.09381,1172.3237,8,327.26349,Menos de 1M€,Menos de 1M€,-0.215618186017803,Decrece,0.493158869597754,1.19259539924148,0.57395378306865,0.465084837996631,40.90793625,87.95800875,2024-12-31,2024,214.33275,30.77056,22.95275,98.32945,81.2640082644628,116.04086,66.93249,55.3161074380165,52.0172,51.39726,74.35001,147.43782,0.304595273707808,0.6954047262921921,1.84704551482986,0.562601334140381,0.201784867069376,Menos de 1M€,Menos de 1M€,,Metal,42.33106375,0.11677137359024171,1.4690839979208907
642,CONFECCIONES SILBE SL,B46900361,ONTINYENT,1330,Textil,Industria,Acabado de textiles,1991-02-08,1991,34,Entre 25 y 50 años,ESTRELLITA LA VALIENTE.COM,Sí,Sin auditor,No,0.0,No Grupo Corporativo,0,No participadas,,No consejo,No realiza actividad exterior,,,,,548.5931,480.94867,384.34946,22.6087917647059,0.546233302874406,0.140256685692912,76.94385,126.4401,703.63608,662.79664,551.28002,17,461.29333,Menos de 1M€,Menos de 1M€,0.0616168482688746,Crece,0.87669471234691,1.28261926735863,0.230480660438493,0.655585100184175,27.1349017647059,41.3903576470588,2024-12-31,2024,134.6998,51.7888,39.20607,115.45343,95.4160578512397,79.25656,4.80244,3.96895867768595,0.97986,25.15505,64.361119,189.90755,0.19143390145656,0.80856609854344,1.69954133765079,0.325349828953191,0.242602197393792,Menos de 1M€,Menos de 1M€,La Vall d'Albaida,Textil,7.437652941176471,0.10935176888598436,24.040577289877657
643,CESTERIA VICENT SL,B46301503,AIELO DE MALFERIT,1629,Madera,Industria,"Fabricación de otros productos de madera; artículos de corcho, cestería y espartería",1986-02-06,1986,39,Entre 25 y 50 años,Sin marca,No,Sin auditor,No,0.0,No Grupo Corporativo,0,No participadas,,No consejo,No realiza actividad exterior,,,,,1427.35322,759.70986,133.12889,44.3762966666667,0.18993029758187,0.0357323396096728,51.00267,744.58028,700.93551,792.63896,974.7022,3,186.26893,Menos de 1M€,Menos de 1M€,-0.115693846287848,Decrece,0.532250776720846,0.491073618063509,0.52165103183079,0.265743320665834,62.0896433333333,233.64517,2024-12-31,2024,378.02978,34.12334,21.26663,591.51965,488.859214876033,7.05548,146.62822,121.180347107438,359.11371,16.87933,38.14596,451.94691,0.539321770129751,0.460678229870249,53.5795977027785,28.8966434759025,0.534620293054628,Menos de 1M€,Menos de 1M€,La Vall d'Albaida,Madera,248.19342666666668,0.07276371259889515,4.034146019095097
644,PERLETTO EURO DESING SL,B96315411,BOCAIRENT,1392,Textil,Industria,"Fabricación de artículos confeccionados con textiles, excepto prendas de vestir",1994-06-30,1994,31,Entre 25 y 50 años,Sin marca,No,Sin auditor,No,4.0,Grupo Corporativo,0,No participadas,,No consejo,No realiza actividad exterior,,,,,279.15752,214.5472,605.78218,25.2409241666667,0.872292430052991,0.0984932449607662,27.49513,7.08308,694.47144,631.18839,760.1534,24,633.27752,Menos de 1M€,Menos de 1M€,0.100260161629399,Crece,0.76855246457269,2.48774039832422,0.0253730581930947,0.911884180579118,26.3865633333333,28.93631,2024-12-31,2024,,27.49513,21.63726,75.40836,62.320958677686,,0.0,0.0,0.0,,,75.40836,,1.0,,,,Menos de 1M€,Menos de 1M€,,Textil,0.2951283333333333,0.039591448137881666,
645,TEXTILES SAN JORGE SL,B03063369,BANYERES DE MARIOLA,1320,Textil,Industria,Fabricación de tejidos textiles,1978-02-20,1978,47,Entre 25 y 50 años,Sin marca,No,Sin auditor,No,0.0,No Grupo Corporativo,0,No participadas,,No consejo,Importador,0.0,0.0,0.0,0.0,1138.15658,945.72816,130.40835,32.6020875,0.187980487145034,0.10533442595394,119.88707,696.66389,693.73344,679.57519,740.38009,4,250.69792,Menos de 1M€,Menos de 1M€,0.0208339712931545,Se mantiene,0.830929747820814,0.609523726515731,0.612098460125759,0.361374997290025,62.67448,173.43336,2024-12-31,2024,307.60417,82.76297,62.37957,123.04835,101.692851239669,44.35797,40.78247,33.704520661157,0.0,37.1241,99.50367,126.62385,0.443403982371096,0.556596017628904,6.93458627615285,3.07482317094213,0.161944479104989,Menos de 1M€,Menos de 1M€,L'Alcoià,Textil,174.1659725,0.17281431611542325,3.017187286596412
647,FUSTERIA SOYCA SL,B96296512,ONTINYENT,1623,Madera,Industria,Fabricación de otras estructuras de madera y piezas de carpintería y ebanistería para la construcción,1994-04-27,1994,31,Entre 25 y 50 años,Sin marca,No,Sin auditor,No,0.0,No Grupo Corporativo,0,No participadas,,No consejo,No realiza actividad exterior,,,,,465.515,154.02639,201.46788,25.183485,0.294138637245894,0.0543142970688377,25.28412,92.54266,684.94191,721.86414,465.41325,8,226.752,Menos de 1M€,Menos de 1M€,-0.051148447407292,Decrece,0.330873097537136,1.47136377989968,0.198796300871078,0.331052891770048,28.344,85.61773875,2024-12-31,2024,349.70297,18.51999,10.02792,144.76387,119.639561983471,188.04796,60.18599,49.7404876033058,31.00971,6.76413,16.79205,272.625839,0.510558581529929,0.48944141847007105,1.85964777283412,0.94945912904348,0.376596950214603,Menos de 1M€,Menos de 1M€,La Vall d'Albaida,Madera,11.5678325,0.036914254524153735,2.4052752143812848
649,TUSSY XXI SL,B53373445,BANYERES DE MARIOLA,1392,Textil,Industria,"Fabricación de artículos confeccionados con textiles, excepto prendas de vestir",1999-06-15,1999,26,Entre 25 y 50 años,TUSSY XXI,Sí,Sin auditor,No,3.0,Grupo Corporativo,0,No participadas,,No consejo,Importador / Exportador,0.0,0.0,0.0,0.0,788.77457,263.76876,89.95404,22.48851,0.131657289585754,-0.0403966750601506,-31.86387,104.16312,683.2439,854.63257,814.941017,4,58.988388,Menos de 1M€,Menos de 1M€,-0.20054076572345,Decrece,0.334403224992408,0.866209340394937,0.132056894278425,0.0863357697009809,14.747097,170.810975,2024-12-31,2024,514.978,-35.99402,-58.59318,230.1823,190.233305785124,414.30689,45.93658,37.9641157024793,418.9472,4.130149,-54.463031,598.55261,0.753724987519098,0.246275012480902,1.2429868110569,0.936870218650262,0.829244256820507,Menos de 1M€,Menos de 1M€,L'Alcoià,Textil,26.04078,-0.046636157307807645,5.0108715102430414
650,BORDADOS VELASCO SAL,A53264008,COCENTAINA,1392,Textil,Industria,"Fabricación de artículos confeccionados con textiles, excepto prendas de vestir",1998-04-01,1998,27,Entre 25 y 50 años,Sin marca,No,Sin auditor,No,0.0,No Grupo Corporativo,0,No participadas,,No consejo,Importador / Exportador,0.0,0.0,0.0,0.0,946.68778,813.50233,338.12055,30.7382318181818,0.501144551406917,0.113987274664093,107.91036,253.97542,674.69665,710.2291,869.42016,11,452.50341,Menos de 1M€,Menos de 1M€,-0.0500295608839458,Decrece,0.859314282054005,0.712691833837762,0.268277911013069,0.670676829357312,41.1366736363636,61.3360590909091,2024-12-31,2024,158.17498,37.30815,33.5897,80.36627,66.4184049586777,8.93049,17.37789,14.3618925619835,1.74581,70.60221,104.19191,71.91887,0.234438662175068,0.765561337824932,17.7117918501672,4.15232878607648,0.0903917373781154,Menos de 1M€,Menos de 1M€,El comtat,Textil,23.08867454545455,0.15993907780630007,4.624627615895822
651,ETIQUETAS BOCHEVADA SL,B54523675,MURO DE ALCOY,1812,Artes gráficas,Industria,Otras actividades de impresión y artes gráficas,2010-10-14,2010,15,Entre 10 y 25 años,Sin marca,No,Sin auditor,No,0.0,No Grupo Corporativo,0,No participadas,,No consejo,No realiza actividad exterior,,,,,697.83603,488.54953,131.18598,65.59299,0.194838153060686,0.0845992861675543,59.03643,37.861,673.30745,650.85528,773.3663,2,190.22241,Menos de 1M€,Menos de 1M€,0.0344964090941999,Se mantiene,0.700092154886299,0.964850510799793,0.0542548655735073,0.282519389916152,95.111205,336.653725,2024-12-31,2024,419.27015,45.55029,35.16742,252.74644,208.881355371901,60.42563,151.02526,124.81426446281,0.0,13.48614,48.65356,162.14681,0.622702377643378,0.377297622356622,6.93861445879836,4.32069172104446,0.21460139927026,Menos de 1M€,Menos de 1M€,El comtat,Otros,18.9305,0.08768123685546625,1.6735375261065601
652,ACABADOS SANJUAN SL.,B54846365,IBI,2561,Metal,Industria,Tratamiento y revestimiento de metales,2015-03-09,2015,10,Mayor de 50 años,Sin marca,No,Sin auditor,No,2.0,Grupo Corporativo,0,No participadas,,No consejo,No realiza actividad exterior,,,,,694.47128,346.49773,335.25342,41.9066775,0.499913021240681,0.116960589068565,81.22577,248.88577,670.6235,670.51131,701.71866,8,416.48319,Menos de 1M€,Menos de 1M€,0.000167320071006838,Se mantiene,0.498937450660307,0.965660523787247,0.358381659785845,0.621038764671981,52.06039875,83.8279375,2023-12-31,2023,141.61834,66.31744,48.93915,202.50632,167.360595041322,,165.25094,136.571024793388,0.0,14.90833,63.84748,37.25538,0.21117413869332,0.78882586130668,,,,Menos de 1M€,Menos de 1M€,,Metal,31.11072125,0.12111977883268331,1.2254473106174177
653,TOP NIMBOS SL,B54625249,COCENTAINA,1419,Textil,Industria,Confección de otras prendas de vestir y accesorios,2012-03-23,2012,13,Entre 10 y 25 años,Sin marca,No,Sin auditor,No,0.0,No Grupo Corporativo,0,No participadas,,No consejo,No realiza actividad exterior,,,,,476.25762,57.97159,222.97458,37.16243,0.332555929282489,0.082024094438636,39.0646,153.94973,670.487459,531.91255,512.90069,6,262.06943,Menos de 1M€,Menos de 1M€,0.260521976779829,Crece,0.121723175788767,1.40782515773711,0.323248854265051,0.390864029568672,43.6782383333333,111.747909833333,2024-12-31,2024,251.59941,39.0646,20.52578,156.20487,129.094933884298,157.418,52.14605,43.0959090909091,205.79667,,,261.47682,0.375248495140011,0.624751504859989,1.59828869633714,0.599755428099802,0.363044858671083,Menos de 1M€,Menos de 1M€,El comtat,Textil,25.65828833333333,0.0582629838569434,2.9955264109170403
654,PRODINTEGRA-ONIL SL.,B54910252,ONIL,2229,Plástico,Industria,Fabricación de otros productos de plástico,2016-01-25,2016,9,Menor de 10 años,Sin marca,No,Sin auditor,No,0.0,No Grupo Corporativo,0,No participadas,,No consejo,No realiza actividad exterior,,,,,411.71877,249.83587,40.14604,40.14604,0.0604615683274831,0.0762234133751055,31.38261,,663.9927,496.68708,733.61527,1,71.12383,Menos de 1M€,Menos de 1M€,0.336843108542304,Crece,0.606811950788641,1.6127336142581,,0.107115379431129,71.12383,663.9927,2024-12-31,2024,572.92238,31.38261,23.8529,145.92932,120.602743801653,49.19992,78.4028,64.7957024793388,0.0,,,116.726439,0.862844395729049,0.13715560427095097,11.6447827557443,10.0476355402763,0.15814475267923,Menos de 1M€,Menos de 1M€,,Plástico,,0.047263486481101374,1.8612768931721857
655,MUROTUB SL,B54598081,MURO DE ALCOY,1729,Papel y cartón,Industria,Fabricación de otros artículos de papel y cartón,2011-11-16,2011,14,Entre 10 y 25 años,Sin marca,No,Sin auditor,No,0.0,No Grupo Corporativo,0,No participadas,,No consejo,No realiza actividad exterior,,,,,104.04223,48.36874,65.6397,32.81985,0.0997126230787744,0.341672799593011,35.5484,36.98974,658.28877,648.80301,327.15275,2,101.188099,Menos de 1M€,Menos de 1M€,0.0146204007284123,Se mantiene,0.464895264163407,6.3271305315159,0.355526212769565,0.15371384658438,50.5940495,329.144385,2024-12-31,2024,471.38573,25.19808,15.803619,28.26955,23.3632644628099,13.68484,1.0,0.826446280991736,0.0,10.35032,26.15394,40.95439,0.716077429058983,0.283922570941017,34.445834222395,24.6658844117645,0.0550239649110499,Menos de 1M€,Menos de 1M€,El comtat,Papel y cartón,18.49487,0.05400122502469547,28.269549999999963
656,GRANERO FORNITURAS SL,B53047544,IBI,2454,Metal,Industria,Fundición de otros metales no férreos,1995-07-21,1995,30,Entre 25 y 50 años,LXY ACCESSOIRES,Sí,Sin auditor,No,2.0,Grupo Corporativo,0,No participadas,,No consejo,No realiza actividad exterior,,,,,1106.40036,281.54196,290.11586,26.3741690909091,0.441146731462373,0.022941153056024,25.3821,339.69929,657.64028,708.21327,739.63189,11,315.49796,Menos de 1M€,Menos de 1M€,-0.0714092663075913,Decrece,0.254466620021707,0.594396299726439,0.307031073272608,0.479742451298756,28.6816327272727,59.78548,2024-12-31,2024,192.64138,18.11955,1.35681,102.09625,84.3770661157025,652.97192,165.40234,136.696148760331,149.25411,7.26255,8.61936,589.66583,0.292928194726759,0.707071805273241,0.295022456708399,0.0864203956474445,0.913345571465562,Menos de 1M€,Menos de 1M€,,Metal,30.881753636363637,0.03859571983638229,0.6172600097435121
657,GRAFICAS PAPERMURO SL,B03900255,MURO DE ALCOY,1812,Artes gráficas,Industria,Otras actividades de impresión y artes gráficas,1993-12-28,1993,32,Entre 25 y 50 años,Sin marca,No,Sin auditor,No,0.0,No Grupo Corporativo,0,No participadas,,No consejo,No realiza actividad exterior,,,,,521.04435,386.94851,241.42443,40.237405,0.367646062047959,0.168400290685428,87.74402,156.83721,656.67623,668.7634,652.34933,6,329.53136,Menos de 1M€,Menos de 1M€,-0.0180739107433212,Se mantiene,0.74264025701459,1.26030774539634,0.301005490223625,0.501817097902265,54.9218933333333,109.446038333333,2024-12-31,2024,278.41882,59.41078,45.70753,163.4315,135.067355371901,11.39722,0.0,0.0,2.544,28.33324,74.04077,174.82872,0.423981876121814,0.5760181238781861,24.4286606733923,10.357309383448,0.223039252344951,Menos de 1M€,Menos de 1M€,El comtat,Otros,26.139535,0.13361838908041487,
658,CARPINTERIA CHORI COOP V,F03896263,BENIARRES,2512,Metal,Industria,Fabricación de carpintería metálica,1994-01-01,1994,31,Entre 25 y 50 años,Sin marca,No,Sin auditor,No,0.0,No Grupo Corporativo,0,No participadas,,No consejo,No realiza actividad exterior,,,,,390.42934,268.99409,209.9271,52.481775,0.320301614069017,0.0667201650367772,26.04951,133.32431,655.40444,583.16172,582.79437,4,235.97661,Menos de 1M€,Menos de 1M€,0.123881107971216,Crece,0.68896996829183,1.67867619784927,0.341481278020755,0.360047316737738,58.9941525,163.85111,2022-12-31,2022,379.04405,20.03828,12.35496,37.12065,30.6782231404959,21.28518,46.24908,38.2223801652893,0.0,6.01123,18.36619,12.15675,0.57833610342951,0.42166389657048997,17.8078855804837,10.2989431569355,0.0209657154217732,Menos de 1M€,Menos de 1M€,,Metal,33.3310775,0.03974570266872162,0.8026246143707073
659,RIMAI SA,A03282829,ONIL,3240,Juguete,Industria,Fabricación de juegos y juguetes,1987-05-27,1987,38,Entre 25 y 50 años,DORO DOLLS,Sí,Sin auditor,No,0.0,No Grupo Corporativo,0,No participadas,,No consejo,Exportador,0.0,0.0,75.0,162.38142,515.73049,247.20093,316.58492,24.3526861538462,0.483074784713632,0.237316859043955,122.39154,110.142,655.35385,648.974769,187.83452,13,438.84529,Menos de 1M€,Menos de 1M€,0.00982947458778627,Se mantiene,0.479321922580144,1.2707293105746,0.213565034714159,0.66963105503996,33.75733,50.4118346153846,2023-12-31,2023,150.25502,106.29958,81.74064,227.99232,188.423404958678,20.64481,15.66956,12.9500495867769,0.0,16.09196,97.8326,232.96757,0.229273117110703,0.770726882889297,7.27810137269367,1.66867298836516,0.299255379932384,Menos de 1M€,Menos de 1M€,,Juguete,8.472461538461538,0.18675642174071308,14.55001416759626
660,ONTINYENT CORTETEXTIL SL.,B98756174,ONTINYENT,1392,Textil,Industria,"Fabricación de artículos confeccionados con textiles, excepto prendas de vestir",2015-07-30,2015,10,Mayor de 50 años,Sin marca,No,Sin auditor,No,0.0,No Grupo Corporativo,0,No participadas,,No consejo,No realiza actividad exterior,,,,,439.05836,364.61513,336.37119,30.5791990909091,0.514879643004166,0.0811503737225275,35.62975,143.38586,653.30062,586.28432,525.66628,11,371.99978,Menos de 1M€,Menos de 1M€,0.114306826421692,Crece,0.83044798418142,1.48795850282864,0.326575856567223,0.569415929836405,33.8181618181818,59.3909654545455,2024-12-31,2024,157.42555,7.31613,2.32924,91.01053,75.2153140495868,,0.0,0.0,4.75696,28.31362,30.64286,91.01053,0.240969540178915,0.759030459821085,,,,Menos de 1M€,Menos de 1M€,La Vall d'Albaida,Textil,13.035078181818182,0.05453806243135052,
661,NUTEXA INGREDIENTS SL.,B98742430,ONTINYENT,2014,Química,Industria,Fabricación de otros productos básicos de química orgánica,2015-06-08,2015,10,Mayor de 50 años,Sin marca,No,Sin auditor,No,0.0,No Grupo Corporativo,0,No participadas,,No consejo,No realiza actividad exterior,,,,,404.27006,289.24956,114.14919,38.04973,0.175444920755808,0.424897406451519,171.7733,167.10631,650.626929,435.51581,386.13791,3,286.1087,Menos de 1M€,Menos de 1M€,0.493922640833636,Crece,0.715485979842287,1.60938687618865,0.413353167929379,0.439743095847175,95.3695666666667,216.875643,2024-12-31,2024,180.05547,152.12196,113.43997,38.25281,31.6138925619835,30.93978,11.05324,9.13490909090909,6.24609,19.65134,133.09131,58.13935,0.276741496508209,0.723258503491791,5.81954590498058,1.61050984274254,0.0821035236785817,Menos de 1M€,Menos de 1M€,La Vall d'Albaida,Otros,55.70210333333333,0.26401197421079997,3.460778016219682
662,TALLERES MECTOR SL,B96348123,ONTINYENT,2812,Maquinaria,Industria,Fabricación de equipos de transmisión hidráulica y neumática,1994-10-18,1994,31,Entre 25 y 50 años,Sin marca,No,Sin auditor,No,0.0,No Grupo Corporativo,0,No participadas,,No consejo,No realiza actividad exterior,,,,,501.00399,393.42122,223.36422,31.9091742857143,0.343701602478445,0.131906194998567,66.08553,260.72261,649.87832,543.0479,500.65893,7,289.44975,Menos de 1M€,Menos de 1M€,0.196723751256565,Crece,0.785265642295583,1.29715198475765,0.520400266672527,0.445390684828508,41.3499642857143,92.83976,2024-12-31,2024,204.39448,62.53774,45.31069,133.89114,110.653834710744,50.751,84.99533,70.2440743801653,0.0,3.54779,48.85848,99.64681,0.314511922785792,0.685488077214208,4.02739808082599,1.26666471422439,0.140273582800206,Menos de 1M€,Menos de 1M€,La Vall d'Albaida,Otros,37.24608714285714,0.10168908235006209,1.5752764298932684
663,MUNDO PASTEL SL,B53349650,COCENTAINA,1073,Alimentación,Industria,"Fabricación de pastas alimenticias, cuscús y productos similares",1999-03-22,1999,26,Entre 25 y 50 años,JULIO VIDAL SELECCION GOURMET,Sí,Sin auditor,No,0.0,No Grupo Corporativo,0,No participadas,,No consejo,No realiza actividad exterior,,,,,749.80162,283.52532,220.15775,27.51971875,0.340387594050312,0.0813557311332563,61.000659,286.11621,646.78547,571.93664,628.05043,8,281.15528,Menos de 1M€,Menos de 1M€,0.130869094170991,Crece,0.378133778905412,0.862608792442993,0.381589212890738,0.434696345296687,35.14441,80.84818375,2024-12-31,2024,214.1464,9.17796,3.59379,198.09422,163.714231404959,244.94761,61.04408,50.449652892562,235.26398,51.8227,55.41649,381.997749,0.331093399485304,0.668906600514696,0.874253886371865,0.289459691252099,0.553834625432134,Menos de 1M€,Menos de 1M€,El comtat,Alimentación,35.76452625,0.09431358901739087,3.245101244870925
664,TEJIDOS JVR SL,B46950820,ALBAIDA,1320,Textil,Industria,Fabricación de tejidos textiles,1991-05-14,1991,34,Entre 25 y 50 años,JVR,Sí,Milla Martinez Y Asociados Auditores S.L.,Sí,0.0,No Grupo Corporativo,0,No participadas,,No consejo,Exportador,0.0,0.0,8.0,20.8368,1501.08607,1374.6325,231.36145,19.2801208333333,0.358212708767213,-0.0498636630476492,-74.84965,363.83961,645.87728,786.3654,1010.90136,12,385.41728,Menos de 1M€,Menos de 1M€,-0.178655012033846,Decrece,0.915758614694226,0.430273315373581,0.242384242497167,0.596734537557971,32.1181066666667,53.8231066666667,2024-12-31,2024,374.72443,-98.3219,99.1994,122.95554,101.616148760331,698.42897,53.06196,43.8528595041322,0.0,23.47225,122.67165,768.32255,0.580178993136281,0.41982100686371904,0.536524752116167,0.311280390475451,1.1707986682179,Menos de 1M€,Menos de 1M€,La Vall d'Albaida,Textil,30.3199675,-0.11588834646730412,2.3172069030243247
665,PLASTICOS CAPUCHINOS SL,B46103495,L'OLLERIA,2229,Plástico,Industria,Fabricación de otros productos de plástico,1977-04-21,1977,48,Entre 25 y 50 años,Sin marca,No,Sin auditor,No,0.0,No Grupo Corporativo,0,No participadas,,No consejo,No realiza actividad exterior,,,,,521.74187,451.2554,241.09725,48.21945,0.37515251734256,0.186920363512325,97.52418,70.77908,642.66462,659.6633,527.6248,5,338.63479,Menos de 1M€,Menos de 1M€,-0.0257687217099997,Se mantiene,0.864901641878962,1.23176738719474,0.135659191009531,0.526923031798452,67.726958,128.532924,2024-12-31,2024,213.83026,89.52875,68.94742,154.34768,127.560066115702,28.48962,21.47227,17.7456776859504,0.0,7.99543,76.94285,161.36503,0.332724493220118,0.667275506779882,7.50554974057218,2.49728023377027,0.215204017967804,Menos de 1M€,Menos de 1M€,,Plástico,14.155815999999998,0.15174972600794487,7.18823300936508
667,TALLERES MOVIA SL,B03136199,COCENTAINA,2822,Maquinaria,Industria,Fabricación de maquinaria de elevación y manipulación,1992-01-01,1992,33,Entre 25 y 50 años,Sin marca,No,Sin auditor,No,0.0,No Grupo Corporativo,0,No participadas,,No consejo,No realiza actividad exterior,,,,,297.76743,170.02111,179.30998,29.8849966666667,0.280356011366091,0.0567389791422118,16.89502,27.79933,639.57958,715.46886,791.91467,6,196.205,Menos de 1M€,Menos de 1M€,-0.10606929838987,Decrece,0.570986255951499,2.14791651323316,0.0933592031875347,0.306771832834313,32.7008333333333,106.596596666667,2024-12-31,2024,396.32332,11.00456,2.73175,138.51632,114.476297520661,109.85582,48.60998,40.1735371900826,33.25888,5.89046,8.62221,199.76216,0.619662247503274,0.38033775249672597,3.60766794148913,2.23553562486866,0.287936929335015,Menos de 1M€,Menos de 1M€,El comtat,Otros,4.633221666666667,0.02641582146822136,2.8495448876959006
668,TALLERES PEYMAC SL,B03817509,IBI,2229,Plástico,Industria,Fabricación de otros productos de plástico,1992-12-15,1992,33,Entre 25 y 50 años,Sin marca,No,Sin auditor,No,0.0,No Grupo Corporativo,0,No participadas,,No consejo,No realiza actividad exterior,,,,,309.94282,157.66669,215.40867,53.8521675,0.337238140192425,0.159824737995221,49.53653,52.45061,638.7435,622.7126,663.55509,4,264.9452,Menos de 1M€,Menos de 1M€,0.0257436576680801,Se mantiene,0.508696055614387,2.06084302904645,0.169226730272377,0.414791226838316,66.2363,159.685875,2024-12-31,2024,316.16839,33.79023,26.01848,115.12161,95.141826446281,50.8086,29.49518,24.3761818181818,0.0,15.7463,41.76478,136.43503,0.49498490395597,0.50501509604403,6.22273374979826,3.08015926748746,0.19033343529617,Menos de 1M€,Menos de 1M€,,Plástico,13.1126525,0.0775530866458915,3.9030651787851474
669,SUEÑOCOLOR SL,B96087648,ALFARRASI,1320,Textil,Industria,Fabricación de tejidos textiles,1992-02-18,1992,33,Entre 25 y 50 años,Sin marca,No,Sin auditor,No,0.0,No Grupo Corporativo,0,No participadas,,No consejo,Exportador,0.0,0.0,0.0,0.0,602.77245,519.56215,81.52607,40.763035,0.128435475887798,0.136462540714991,82.25586,5.13616,634.76286,674.44355,519.62489,2,166.37459,Menos de 1M€,Menos de 1M€,-0.0588347089982548,Decrece,0.861954042524671,1.0530721170153,0.00852089374688574,0.262105111190658,83.187295,317.38143,2024-12-31,2024,416.89033,81.63413,64.79492,110.36603,91.2115950413223,19.87462,64.36068,53.1906446280992,0.0,0.62173,65.41665,65.87997,0.656765473014599,0.343234526985401,20.9760151389058,13.7763225046649,0.0912081882251635,Menos de 1M€,Menos de 1M€,,Textil,2.56808,0.129585180834304,1.7148052195843786
670,METALIZADOS BERNABEU SL,B53448064,IBI,2561,Metal,Industria,Tratamiento y revestimiento de metales,2000-04-01,2000,25,Mayor de 50 años,Sin marca,No,Sin auditor,No,0.0,No Grupo Corporativo,0,No participadas,,No consejo,No realiza actividad exterior,,,,,557.67476,473.07476,252.57528,50.515056,0.398835778218024,0.205796887777385,114.76773,94.74659,633.2814,507.57227,286.64269,5,367.69602,Menos de 1M€,Menos de 1M€,0.247667450390858,Crece,0.848298675019827,1.13557479273403,0.169895782982898,0.580620274020364,73.539204,126.65628,2024-12-31,2024,93.15035,93.37785,72.85392,90.39293,74.7049008264463,1.65221,32.13953,26.5615950413223,0.0,21.38988,94.2438,59.90561,0.147091561508044,0.852908438491956,56.3792435586275,8.29291097168084,0.0786309463456908,Menos de 1M€,Menos de 1M€,,Metal,18.949317999999998,0.18122706588256027,2.8125156155052697
671,RIBETES COLOMER SA,A46126819,BOCAIRENT,1394,Textil,Industria,"Fabricación de cuerdas, cordeles, bramantes y redes",1979-03-29,1979,46,Entre 25 y 50 años,COLOMER RIBETES,Sí,Auditing Firm S.L.P.,Sí,0.0,No Grupo Corporativo,0,No participadas,,No consejo,Exportador,0.0,0.0,0.0,0.0,996.68182,908.10326,204.24107,22.6934522222222,0.323467801834628,0.00409193778612316,4.07836,176.37434,631.41082,697.70314,664.48621,9,208.38478,Menos de 1M€,Menos de 1M€,-0.0950150804825101,Decrece,0.911126541868698,0.633512929933848,0.176961530210313,0.330030422981982,23.1538644444444,70.1567577777778,2023-12-31,2023,336.08843,-8.72405,-17.479329,184.39506,152.392611570248,373.157,45.38887,37.5114628099174,0.0,12.80241,-4.676919,512.16319,0.532281708444591,0.467718291555409,0.900662268160587,0.479406050828097,0.772932824876727,Menos de 1M€,Menos de 1M€,,Textil,19.59714888888889,0.006459122762577937,4.0625611521062295
672,BZO ENGOMADOS SL.,B54886791,COCENTAINA,2219,Plástico,Industria,Fabricación de otros productos de caucho,2015-12-01,2015,10,Mayor de 50 años,Sin marca,No,Sin auditor,No,2.0,Grupo Corporativo,0,No participadas,,No consejo,No realiza actividad exterior,,,,,762.15758,432.77226,266.37249,38.0532128571429,0.424138917038586,0.189224936921837,144.21922,320.80622,628.03124,641.65077,597.79076,7,410.59171,Menos de 1M€,Menos de 1M€,-0.0212257674061546,Se mantiene,0.567825173371627,0.824017573898563,0.420918492997209,0.65377593318447,58.6559585714286,89.7187485714286,2024-12-31,2024,152.23494,88.59477,61.57229,133.14387,110.036256198347,5.5,30.06735,24.8490495867769,34.40815,55.62445,117.19674,108.576519,0.242400266585465,0.757599733414535,27.67908,6.7094163708404,0.144399196784495,Menos de 1M€,Menos de 1M€,El comtat,Plástico,45.82946,0.22963701614588472,4.428187718571795
673,MEDITERRAN SOCKS SOCIEDAD LIMITADA.,B01842277,EL PALOMAR,1399,Textil,Industria,Fabricación de otros productos textiles n.c.o.p.,2020-08-12,2020,5,Menor de 10 años,MEDITERRAN LINE,Sí,Sin auditor,No,0.0,No Grupo Corporativo,0,No participadas,,No consejo,No realiza actividad exterior,,,,,2362.76875,691.80671,164.08099,23.4401414285714,0.261809991906565,0.0552654380586335,130.57945,1992.30419,626.71783,924.16717,1243.49186,7,294.66043,Menos de 1M€,Menos de 1M€,-0.321856639854454,Decrece,0.292794929677312,0.265247214734832,0.843207440423444,0.470164427905298,42.0943471428571,89.5311185714286,2024-12-31,2024,268.61734,37.92885,24.0126,63.52462,52.4996859504132,243.16024,184.10986,152.156909090909,45.96604,92.6506,116.6632,122.575,0.428609698243307,0.571390301756693,1.10469269153543,0.473482001170585,0.228975481453119,Menos de 1M€,Menos de 1M€,,Textil,284.6148842857143,0.20835445195487737,0.34503649071266473
675,MJI ART AND TECHNIQUE SL.,B06913800,MURO DE ALCOY,2229,Plástico,Industria,Fabricación de otros productos de plástico,2021-06-16,2021,4,Menor de 10 años,Sin marca,No,Sin auditor,No,0.0,No Grupo Corporativo,0,No participadas,,No consejo,No realiza actividad exterior,,,,,213.02195,15.52105,277.37229,27.737229,0.443789671064282,0.07277991775026,15.50372,61.70398,625.00844,613.30607,,10,292.876009,Menos de 1M€,Menos de 1M€,0.019080799249223,Se mantiene,0.0728612708690349,2.93400957037526,0.28966019698909,0.468595286489251,29.2876009,62.500844,2024-12-31,2024,219.20146,-32.983879,-37.09119,98.58659,81.476520661157,5.74981,0.0,0.0,137.34483,48.4876,11.396409,104.3364,0.350717599909531,0.649282400090469,38.1232527683523,13.3704957116609,0.13956024443631,Menos de 1M€,Menos de 1M€,El comtat,Plástico,6.1703980000000005,0.024805617024947695,
676,ROVIRA SALUD SL.,B98409782,ONTINYENT,3299,Manufacturas,Industria,Otras industrias manufactureras n.c.o.p.,2012-01-13,2012,13,Entre 10 y 25 años,ROVIRA SALUD BY FARMACIA CENTRAL,Sí,Sin auditor,No,0.0,No Grupo Corporativo,0,No participadas,,No consejo,No realiza actividad exterior,,,,,214.60477,142.87144,84.05705,42.028525,0.134552810462013,0.128830827012839,27.64771,65.62359,624.71419,508.16401,398.99981,2,111.70476,Menos de 1M€,Menos de 1M€,0.229355439791968,Crece,0.665742145433207,2.91099862318997,0.305788123907963,0.178809384816439,55.85238,312.357095,2024-12-31,2024,346.86451,12.18487,9.82562,11.13047,9.19873553719008,46.2893,58.99684,48.7577190082645,0.0,15.46284,25.28846,-1.577069,0.555237123715727,0.444762876284273,7.49340581948744,4.1606170940469,0.0107734330941412,Menos de 1M€,Menos de 1M€,La Vall d'Albaida,Otros,32.811795,0.04425657435442598,0.1886621385145372
677,GBIBI INYECTADOS SL.,B42593186,IBI,2229,Plástico,Industria,Fabricación de otros productos de plástico,2018-08-01,2018,7,Menor de 10 años,VADEKASA,Sí,Sin auditor,No,0.0,No Grupo Corporativo,0,No participadas,,No consejo,Importador / Exportador,0.0,0.0,0.0,0.0,1062.88885,670.42677,176.23938,29.37323,0.283534746031191,0.162388258188991,172.600669,637.60657,621.57948,604.46689,623.09822,6,351.84827,Menos de 1M€,Menos de 1M€,0.0283102189435056,Se mantiene,0.630759058202558,0.584801957420101,0.599880758933542,0.566055156775767,58.6413783333333,103.59658,2024-12-31,2024,168.24662,126.7952,102.93411,132.65597,109.633033057851,29.8896,27.49191,22.7205867768595,55.31345,45.80547,148.73958,135.05366,0.270675956033812,0.729324043966188,5.62893514801135,1.5236174026403,0.187911683122152,Menos de 1M€,Menos de 1M€,,Plástico,106.26776166666667,0.27768077060716356,4.825272962118665
678,ACABADOS PLASTICOS OLLERIA SL,B96222898,L'OLLERIA,2016,Metal,Industria,Fabricación de plásticos en formas primarias,1993-11-03,1993,32,Entre 25 y 50 años,Sin marca,No,Sin auditor,No,0.0,No Grupo Corporativo,0,No participadas,,No consejo,No realiza actividad exterior,,,,,506.85366,-23.42928,255.05208,42.50868,0.414057434793142,0.0202115932239692,10.24432,41.76178,615.98237,496.54275,644.01077,6,265.296399,Menos de 1M€,Menos de 1M€,0.240542470915143,Crece,-0.0462249399560417,1.21530614970798,0.0823941569249002,0.430688298757641,44.2160665,102.663728333333,2023-12-31,2023,316.86412,8.9773,-0.99542,59.15998,48.8925454545455,180.7036,64.28928,53.1316363636364,0.0,1.26702,0.271599,175.5743,0.514404527519189,0.48559547248081103,1.75350197782446,0.902009356406754,0.286476557910106,Menos de 1M€,Menos de 1M€,,Metal,6.960296666666667,0.01663086558792259,0.920215314279457
679,TEXFELPA S.L.,B97094338,ONTINYENT,1391,Textil,Industria,Fabricación de tejidos de punto,2001-04-10,2001,24,Entre 10 y 25 años,Sin marca,No,Sin auditor,No,0.0,No Grupo Corporativo,0,No participadas,,No consejo,No realiza actividad exterior,,,,,253.73119,39.99571,61.44677,30.723385,0.0999353468076248,0.06082736615865,15.4338,19.35,614.86523,495.87744,579.22009,2,76.880569,Menos de 1M€,Menos de 1M€,0.239954029769937,Crece,0.157630246403684,2.4232938410134,0.076261810776988,0.12503645554978,38.4402845,307.432615,2024-12-31,2024,494.13898,7.7988,4.73815,66.95284,55.3329256198347,81.1463,174.30814,144.056314049587,0.0,7.635,12.37315,-26.209,0.803654127588252,0.19634587241174795,6.08948257653152,4.8938378075063,-0.0123231694687827,Menos de 1M€,Menos de 1M€,La Vall d'Albaida,Textil,9.675,0.025101110368527423,0.38410621557891605
680,HIERROS FELETE SL,B46439824,ONTINYENT,2511,Metal,Industria,Fabricación de estructuras metálicas y sus componentes,1988-01-28,1988,37,Entre 25 y 50 años,Sin marca,No,Sin auditor,No,0.0,No Grupo Corporativo,0,No participadas,,No consejo,No realiza actividad exterior,,,,,460.33079,279.7531,228.20483,38.0341383333333,0.371569161812584,0.122387878942445,56.338909,108.726,614.16515,540.32283,644.66859,6,284.54374,Menos de 1M€,Menos de 1M€,0.136663335139846,Crece,0.607721894944286,1.33418220840713,0.236191022547069,0.463301670568576,47.4239566666667,102.360858333333,2024-12-31,2024,246.99588,54.5787,39.79641,77.13059,63.7442892561983,105.37,73.49467,60.7393966942149,0.0,1.76021,41.55662,109.00592,0.402165248223544,0.597834751776456,2.34408161715858,0.942708165420828,0.176458876837905,Menos de 1M€,Menos de 1M€,La Vall d'Albaida,Metal,18.121,0.09173250712776522,1.0494718868728836
681,MEKA TROME SL.,B98504244,BENIGANIM,2512,Metal,Industria,Fabricación de carpintería metálica,2013-01-16,2013,12,Entre 10 y 25 años,Sin marca,No,Sin auditor,No,0.0,No Grupo Corporativo,0,No participadas,,No consejo,No realiza actividad exterior,,,,,354.82772,226.17736,306.28295,43.7547071428571,0.49872438804715,0.0811996847371451,28.811899,151.67806,614.13269,572.15901,594.08319,7,335.09485,Menos de 1M€,Menos de 1M€,0.0733601660839005,Crece,0.637428665381611,1.73079118508554,0.427469590030903,0.545639167978503,47.8706928571429,87.7332414285714,2024-12-31,2024,192.00365,5.45587,2.79823,172.80505,142.814090909091,27.0,42.68401,35.276041322314,0.0,23.35603,26.15426,157.121039,0.312641963416733,0.687358036583267,7.1112462962963,2.22327400441405,0.219070001935212,Menos de 1M€,Menos de 1M€,,Metal,21.668294285714286,0.046914778303040666,4.048472718472335
682,TACOME L'OLLERIA SL,B97006555,L'OLLERIA,2829,Maquinaria,Industria,Fabricación de otra maquinaria de uso general n.c.o.p.,2000-06-26,2000,25,Mayor de 50 años,Sin marca,No,Sin auditor,No,2.0,Grupo Corporativo,0,No participadas,,No consejo,Exportador,0.0,0.0,0.0,0.0,922.35882,732.40755,271.41866,33.9273325,0.445040403414343,0.0285452357901234,26.32895,148.22986,609.8742,1167.66502,1159.93102,8,297.74761,Menos de 1M€,Menos de 1M€,-0.477697636262153,Decrece,0.794059246920846,0.661211436130681,0.160707369828154,0.488211519687175,37.21845125,76.234275,2024-12-31,2024,169.31413,26.32895,16.12065,246.41977,203.652702479339,419.32446,36.65984,30.2973884297521,72.08187,,,629.08439,0.277621401266032,0.7223785987339679,0.40377832955416,0.112097505651683,0.971806602164162,Menos de 1M€,Menos de 1M€,,Otros,18.5287325,0.04317111627283135,6.721790657024142
683,STILO TEX SL,B03516861,COCENTAINA,1320,Textil,Industria,Fabricación de tejidos textiles,1990-09-21,1990,35,Entre 25 y 50 años,Sin marca,No,Sin auditor,No,0.0,No Grupo Corporativo,0,No participadas,,No consejo,Importador / Exportador,0.0,0.0,0.0,0.0,947.19563,752.0938,204.39333,25.54916625,0.335415113707465,0.0227438971609276,21.54292,390.86105,609.37424,551.9876,749.51228,8,227.49059,Menos de 1M€,Menos de 1M€,0.103963639762922,Crece,0.79402161093163,0.643345704624925,0.412650816389429,0.373318356877048,28.43632375,76.17178,2024-12-31,2024,294.6182,4.70663,3.2577,147.16709,121.625694214876,248.10223,55.72962,46.0575371900826,17.9116,16.83629,20.09399,339.5397,0.483476623494948,0.516523376505052,1.18748710964831,0.574122258216539,0.531152066790341,Menos de 1M€,Menos de 1M€,El comtat,Textil,48.85763125,0.03535252819351208,2.6407337785543867
684,ORONIK S.L.,B03892452,IBI,2561,Metal,Industria,Tratamiento y revestimiento de metales,1993-12-14,1993,32,Entre 25 y 50 años,Sin marca,No,Sin auditor,No,0.0,No Grupo Corporativo,0,No participadas,,No consejo,No realiza actividad exterior,,,,,396.02952,239.44517,332.62019,66.524038,0.549290305011838,0.0677247216318622,26.820989,103.09159,605.54535,596.70683,693.16951,5,358.97542,Menos de 1M€,Menos de 1M€,0.0148121649621473,Se mantiene,0.604614448943099,1.52904094119044,0.260312892836877,0.592813436681497,71.795084,121.10907,2024-12-31,2024,186.42098,10.84602,7.2111,140.87696,116.427239669421,44.72536,18.33758,15.1550247933884,0.0,15.97497,23.18607,167.26474,0.307856348001021,0.692143651998979,4.16812698656869,1.28318435208954,0.241100975964943,Menos de 1M€,Menos de 1M€,,Metal,20.618318,0.044292287935164563,7.682418290745
685,DISTRIBUCIONES Y REPRESENTACIONES SEMPERE SL,B53514428,ONIL,2229,Plástico,Industria,Fabricación de otros productos de plástico,2000-12-28,2000,25,Mayor de 50 años,Sin marca,No,Sin auditor,No,0.0,No Grupo Corporativo,0,No participadas,,No consejo,Importador,0.0,0.0,0.0,0.0,321.75311,80.05251,72.0,36.0,0.119250016769534,0.006821441446207,2.19482,114.48676,603.7735,726.88601,814.57783,2,77.26794,Menos de 1M€,Menos de 1M€,-0.169369761291733,Decrece,0.248801045,1.87651177637413,0.35582176657127,0.127975043621491,38.63397,301.88675,2024-12-31,2024,455.49221,2.19482,-0.628829,42.4098,35.0494214876033,81.29618,124.77671,103.121247933884,109.93239,,,-1.07073,0.754409078901277,0.24559092109872305,5.60287346834747,4.22685861245641,0.0219028386534338,Menos de 1M€,Menos de 1M€,,Plástico,57.24338,0.003635171136195941,0.3398855443455763
686,PEREZ TAMARIT SL,B53076543,IBI,1089,Alimentación,Industria,Elaboración de otros productos alimenticios n.c.o.p.,1993-12-21,1993,32,Entre 25 y 50 años,Sin marca,No,Sin auditor,No,0.0,No Grupo Corporativo,0,No participadas,,No consejo,No realiza actividad exterior,,,,,631.75108,113.59208,169.08686,33.817372,0.280390568148768,0.0650727166149047,41.109759,330.4136,603.04047,486.77008,440.75251,5,210.19662,Menos de 1M€,Menos de 1M€,0.238861003946668,Crece,0.179805121979372,0.954553920192744,0.523012323144742,0.348561382621634,42.039324,120.608094,2024-12-31,2024,277.25423,29.80617,6.83101,114.04518,94.2522148760331,100.2252,77.30225,63.8861570247934,255.156449,11.30359,18.1346,136.96813,0.459760569634738,0.540239430365262,2.76631256410563,1.27184144026094,0.216554716222014,Menos de 1M€,Menos de 1M€,,Alimentación,66.08272,0.06817081281460263,1.4753151428321947
687,DREAMPUNT SL,B96025176,AGULLENT,1391,Textil,Industria,Fabricación de tejidos de punto,1991-12-04,1991,34,Entre 25 y 50 años,Sin marca,No,Sin auditor,No,0.0,No Grupo Corporativo,0,No participadas,,No consejo,No realiza actividad exterior,,,,,368.78662,219.85538,116.87927,23.375854,0.194137047792229,0.0421932064671977,15.56029,128.67701,602.04516,526.848819,576.05885,5,132.43956,Menos de 1M€,Menos de 1M€,0.142728498742255,Crece,0.596158776042363,1.63250271932317,0.34891995268158,0.219982766741286,26.487912,120.409032,2024-12-31,2024,393.73684,15.56029,12.32204,131.3994,108.594545454545,97.01857,64.30925,53.1481404958678,0.0,,,164.10872,0.653998846199511,0.346001153800489,4.05836573348793,2.65416650715674,0.253245080416688,Menos de 1M€,Menos de 1M€,La Vall d'Albaida,Textil,25.735402,0.02584571894905691,2.0432426128433994
688,THE DOLL FACTORY EUROPE SL,B03823937,ONIL,3240,Juguete,Industria,Fabricación de juegos y juguetes,1993-01-08,1993,32,Entre 25 y 50 años,GAS COLLECTION,Sí,Sin auditor,No,2.0,Grupo Corporativo,0,No participadas,,No consejo,Exportador,0.0,0.0,95.0,352.0814855,532.35506,415.22859,147.31071,36.8276775,0.244822305748995,0.16187296125259,86.17389,336.18104,601.70461,540.63705,586.85924,4,231.09252,Menos de 1M€,Menos de 1M€,0.112954818764271,Crece,0.779984302206125,1.13026935444175,0.631497782701643,0.384063070415897,57.77313,150.4261525,2024-12-31,2024,274.73422,67.98705,51.732,22.48235,18.5804545454545,22.16724,39.76942,32.8672892561983,0.0,18.18684,69.91884,4.880169,0.456593177838541,0.543406822161459,12.393704403435,5.6588808787559,0.0130968005866802,Menos de 1M€,Menos de 1M€,,Juguete,84.04526,0.14321627018945393,0.565317522860529
689,ECO-TERMOPLASTICOS SL.,B54645726,IBI,2229,Plástico,Industria,Fabricación de otros productos de plástico,2012-06-29,2012,13,Entre 10 y 25 años,ECO TERMOPLÁSTICOS BY DR SOLUTIONS,Sí,Sin auditor,No,0.0,No Grupo Corporativo,0,No participadas,,No consejo,No realiza actividad exterior,,,,,641.03863,218.7806,370.76565,19.5139815789474,0.621756928238897,0.0728494942652676,46.69934,506.17498,596.31929,601.66241,486.59,19,417.47297,Menos de 1M€,Menos de 1M€,-0.00888059468431812,Se mantiene,0.341290820492363,0.930239243148264,0.789616968949282,0.700082953881972,21.9722615789474,31.3852257894737,2024-12-31,2024,6.13633,29.90847,6.774179,47.07695,38.9065702479339,74.85075,31.766,26.2528925619835,34.0435,16.79087,23.56505,90.1617,0.0102903429469806,0.9897096570530194,0.0819808752751308,0.000843611321674742,0.146740897290025,Menos de 1M€,Menos de 1M€,,Plástico,26.640788421052633,0.07831264355040402,1.4819917521878727
690,INVERSIONES ONIL SL,B03996774,ONIL,3240,Juguete,Industria,Fabricación de juegos y juguetes,1995-01-01,1995,30,Entre 25 y 50 años,Sin marca,No,Sin auditor,No,2.0,Grupo Corporativo,0,No participadas,,No consejo,No realiza actividad exterior,,,,,1463.85973,571.74149,248.23458,24.823458,0.417142539780352,0.174962419384267,256.12044,1002.26105,595.08335,390.34913,42.1791,10,504.355019,Menos de 1M€,Menos de 1M€,0.524490012312824,Crece,0.390571226383828,0.406516647602568,0.684670142541595,0.847536767748585,50.4355019,59.508335,2023-12-31,2023,37.55058,242.70312,185.61695,123.19656,101.815338842975,,3.01305,2.49012396694215,0.0,13.41732,199.03427,120.18351,0.0631013789916992,0.9368986210083008,,,,Menos de 1M€,Menos de 1M€,,Juguete,100.22610499999999,0.4303942296486702,40.88765868472136
691,TROQUELADOS NAVARRO SL,B03254919,IBI,2599,Metal,Industria,Fabricación de otros productos metálicos n.c.o.p.,1986-12-03,1986,39,Entre 25 y 50 años,Sin marca,No,Sin auditor,No,2.0,Grupo Corporativo,0,No participadas,,No consejo,No realiza actividad exterior,,,,,463.48486,393.7419,140.45898,35.114745,0.236543756374127,0.264376532169789,122.53452,103.56678,593.79703,586.76593,643.52537,4,262.9935,Menos de 1M€,Menos de 1M€,0.0119828020689612,Se mantiene,0.849524836690458,1.28115733920629,0.223452347504943,0.442901339536845,65.748375,148.4492575,2024-12-31,2024,262.15843,99.9763,78.99966,119.76612,98.9802644628099,18.9168,27.7877,22.965041322314,0.0,22.55822,101.55788,110.895219,0.441495017245203,0.558504982754797,13.8584977374609,6.11845769759289,0.159872849381709,Menos de 1M€,Menos de 1M€,,Metal,25.891695,0.2063575831627181,4.3100407734357375
692,CREACIONES TEXTILES LUCENA CANTOS SL,B46251666,ATZENETA D'ALBAIDA,1392,Textil,Industria,"Fabricación de artículos confeccionados con textiles, excepto prendas de vestir",1984-12-17,1984,41,Entre 25 y 50 años,LUCENA CANTOS EL CALOR QUE NO PESA,Sí,Sin auditor,No,2.0,Grupo Corporativo,0,No participadas,,No consejo,No realiza actividad exterior,,,,,395.82311,136.31932,159.10173,22.7288185714286,0.269168938350545,0.0875268753256979,34.64516,150.79421,591.08503,654.20029,760.94247,7,194.6725,Menos de 1M€,Menos de 1M€,-0.09647696732143,Decrece,0.34439454533112,1.49330601237507,0.380963632972314,0.329347708230743,27.8103571428571,84.4407185714286,2024-12-31,2024,214.14865,17.10223,11.219779,51.05964,42.1980495867769,85.83977,71.95301,59.4652975206612,0.0,17.54293,28.76271,64.9464,0.362297536109145,0.637702463890855,2.49474864622773,0.903841287739933,0.116011265022421,Menos de 1M€,Menos de 1M€,,Textil,21.54203,0.058612819208092616,0.7096247954046676
694,EXPORTACION DE PRODUCTOS AROMATICOS SL,B46281036,L'OLLERIA,1032,Alimentación,Industria,Elaboración de zumos de frutas y hortalizas,1985-10-18,1985,40,Entre 25 y 50 años,Sin marca,No,Sin auditor,No,0.0,No Grupo Corporativo,0,No participadas,,No consejo,No realiza actividad exterior,,,,,848.161,613.78122,131.595989,43.8653296666667,0.222940495181857,0.106642416946783,90.449939,52.31876,590.27405,558.10435,537.4203,3,222.045928,Menos de 1M€,Menos de 1M€,0.0576410128320985,Crece,0.723661215264555,0.695945757939825,0.0616849395338857,0.376174300733702,74.0153093333333,196.758016666667,2024-12-31,2024,207.49624,88.3763,64.845499,182.81887,151.089975206612,0.57095,83.33469,68.8716446280992,0.0,2.073639,66.919138,100.05513,0.351525261867771,0.648474738132229,363.422786583764,127.752290222573,0.140255666971151,Menos de 1M€,Menos de 1M€,,Alimentación,17.439586666666667,0.15323380555184496,2.1937907250870006
695,TOTEMPLAST SL,B53365144,IBI,2229,Plástico,Industria,Fabricación de otros productos de plástico,2000-01-01,2000,25,Mayor de 50 años,PREAIR,Sí,Sin auditor,No,0.0,No Grupo Corporativo,0,No participadas,,No consejo,No realiza actividad exterior,,,,,574.73281,424.2438,224.0057,32.0008142857143,0.37955059844965,0.187272706773083,107.631769,140.6262,590.18666,386.18751,418.901699,7,331.69306,Menos de 1M€,Menos de 1M€,0.528238600984273,Crece,0.738158310467781,1.0268887554897,0.244681002290438,0.562013821186673,47.3847228571429,84.31238,2024-12-31,2024,126.87418,70.98678,68.88549,118.69492,98.0949752066116,87.97715,16.97593,14.029694214876,13.17964,36.64499,105.53048,189.69614,0.214972971432462,0.785027028567538,1.44212650671225,0.310018220329449,0.291505116350369,Menos de 1M€,Menos de 1M€,,Plástico,20.089457142857146,0.18236903050299377,6.9919539017891985
696,PASATEX SL,B03738994,L'ALQUERIA D'ASNAR,1399,Textil,Industria,Fabricación de otros productos textiles n.c.o.p.,1991-12-27,1991,34,Entre 25 y 50 años,Sin marca,No,Pascual Y Jover Asesores,Sí,0.0,No Grupo Corporativo,0,No participadas,,No consejo,No realiza actividad exterior,,,,,416.94441,340.76318,228.57317,25.3970188888889,0.387736543449512,0.0726126055989095,30.27542,76.38155,589.50639,567.88176,622.93862,9,259.62343,Menos de 1M€,Menos de 1M€,0.0380794586535056,Se mantiene,0.817286841667934,1.41387287096618,0.183193606073289,0.4404081692821,28.8470477777778,65.50071,2024-12-31,2024,249.59232,12.88379,9.99941,81.14643,67.0631652892562,87.62949,19.1696,15.8426446280992,6.93032,17.39163,27.39104,149.606319,0.423392051780813,0.576607948219187,2.84826854521235,1.20593426338021,0.235536056973287,Menos de 1M€,Menos de 1M€,,Textil,8.48683888888889,0.05135723804452739,4.233078937484343
697,SERIPRINT SL,B46555694,ONTINYENT,1330,Textil,Industria,Acabado de textiles,1988-04-27,1988,37,Entre 25 y 50 años,Sin marca,No,Sin auditor,No,2.0,Grupo Corporativo,0,No participadas,,No consejo,Importador / Exportador,0.0,0.0,0.0,0.0,876.7801,522.98629,167.68412,27.9473533333333,0.285489661733198,0.0972001987727596,85.2232,347.01523,587.35619,743.487,944.39933,6,252.907319,Menos de 1M€,Menos de 1M€,-0.209998036280392,Decrece,0.596485127798863,0.669901369796144,0.395783652024037,0.430585943088469,42.1512198333333,97.8926983333333,2024-12-31,2024,274.30577,9.44187,2.35825,65.57183,54.1915950413223,422.18087,35.2965,29.1706611570248,58.67886,75.78133,78.13958,452.4562,0.467017756295375,0.532982243704625,0.649735195249373,0.303437873071499,0.761380932895757,Menos de 1M€,Menos de 1M€,La Vall d'Albaida,Textil,57.83587166666666,0.1450962830578154,1.8577431190061329
698,ETIQUETAJES LEVANTE SL,B53920641,BANYERES DE MARIOLA,1812,Artes gráficas,Industria,Otras actividades de impresión y artes gráficas,2004-09-20,2004,21,Entre 10 y 25 años,Sin marca,No,Sin auditor,No,0.0,No Grupo Corporativo,0,No participadas,,No consejo,No realiza actividad exterior,,,,,1417.1872,1121.22242,152.4261,38.106525,0.260159485275549,0.121141772942911,171.68057,1116.62893,585.89484,549.95632,647.42048,4,324.37941,Menos de 1M€,Menos de 1M€,0.0653479534520125,Crece,0.791160419738479,0.413420922796932,0.787919147167008,0.553647835505771,81.0948525,146.47371,2024-12-31,2024,159.41598,99.6714,75.11693,163.8622,135.423305785124,10.472,106.19548,87.7648595041322,0.0,72.00917,147.1261,68.13872,0.272089749075107,0.7279102509248929,15.2230691367456,4.14204106157012,0.0992165185837645,Menos de 1M€,Menos de 1M€,L'Alcoià,Otros,279.1572325,0.2930228400714367,1.5430242417097233
699,METUL SISTEM 14 SL.,B54761846,CASTALLA,3101,Mueble,Industria,Fabricación de muebles de oficina y de establecimientos comerciales,2014-01-29,2014,11,Entre 10 y 25 años,Sin marca,No,Sin auditor,No,0.0,No Grupo Corporativo,0,No participadas,,No consejo,No realiza actividad exterior,,,,,249.71979,164.96321,304.87679,38.10959875,0.520682959881526,0.14335339622062,35.79818,47.65804,585.53249,538.426559,496.93754,8,340.68198,Menos de 1M€,Menos de 1M€,0.0874881266769012,Crece,0.660593259348809,2.34475805862243,0.190846067906753,0.581832751928078,42.5852475,73.19156125,2024-12-31,2024,164.01614,28.32086,22.47933,132.90948,109.842545454545,18.33973,8.64648,7.14585123966942,3.0,7.47732,29.95665,142.60273,0.280114498855563,0.719885501144437,8.94321454023587,2.50512405909596,0.206711713324185,Menos de 1M€,Menos de 1M€,,Otros,5.957255,0.061137820037962365,15.371513031892688
700,DAVID BLASCO SL.,B02879815,BENIMARFULL,1072,Alimentación,Industria,Fabricación de galletas y productos de panadería y pastelería de larga duración,2020-12-14,2020,5,Menor de 10 años,Sin marca,No,Sin auditor,No,0.0,No Grupo Corporativo,0,No participadas,,No consejo,No realiza actividad exterior,,,,,325.95059,92.83786,184.84878,30.80813,0.316234283642589,0.265018725690909,86.38301,188.53243,584.53112,538.153239,391.76833,6,271.23179,Menos de 1M€,Menos de 1M€,0.086179693141269,Crece,0.284821880518762,1.7933120476941,0.578408003495254,0.464015996274073,45.2052983333333,97.4218533333333,2023-12-31,2023,230.45855,51.64878,36.39263,4.161069,3.4389,11.60193,1.29763,1.07242148760331,0.0,34.73423,71.12686,14.465368,0.394262242188235,0.605737757811765,19.8638114520601,7.83155084149356,0.023896774755802,Menos de 1M€,Menos de 1M€,,Alimentación,31.422071666666668,0.14778171263148487,3.206668310689475
701,TEXMAFER SL,B03972148,BANYERES DE MARIOLA,1392,Textil,Industria,"Fabricación de artículos confeccionados con textiles, excepto prendas de vestir",1994-09-28,1994,31,Entre 25 y 50 años,Sin marca,No,Sin auditor,No,0.0,No Grupo Corporativo,0,No participadas,,No consejo,No realiza actividad exterior,,,,,243.03229,96.89831,77.41294,38.70647,0.132900374857186,0.0619995392381811,15.06789,6.88746,582.4885,500.36027,567.04461,2,92.480829,Menos de 1M€,Menos de 1M€,0.164138191867232,Crece,0.398705497117276,2.39675353427316,0.0283396909933244,0.158768506159349,46.2404145,291.24425,2024-12-31,2024,434.31797,14.25488,6.861759,206.13841,170.36232231405,30.00642,73.02708,60.352958677686,0.0,0.81301,7.674769,163.11775,0.745624969419997,0.254375030580003,14.474168194673,10.792301217533,0.240375189615526,Menos de 1M€,Menos de 1M€,L'Alcoià,Textil,3.44373,0.025868133018935136,2.8227667051729353
702,SILLAS JUALMI SL,B96373485,L'OLLERIA,3109,Mueble,Industria,Fabricación de otros muebles,1995-01-03,1995,30,Entre 25 y 50 años,Sin marca,No,Sin auditor,No,0.0,No Grupo Corporativo,0,No participadas,,No consejo,Importador / Exportador,0.0,0.0,0.0,0.0,322.85163,135.745,140.09016,23.34836,0.241749594816649,0.0949442318132326,30.6529,121.10331,579.48457,710.753929,428.12381,6,170.74306,Menos de 1M€,Menos de 1M€,-0.18469030369581,Decrece,0.420456294428496,1.79489436060769,0.375105152791082,0.294646430361381,28.4571766666667,96.5807616666667,2024-12-31,2024,324.91517,20.7894,5.19529,153.54459,126.896355371901,40.18268,21.64862,17.8914214876033,83.01087,9.8635,15.05879,172.07865,0.560696844783978,0.43930315521602203,8.0859507130933,4.53376705191017,0.257448811595273,Menos de 1M€,Menos de 1M€,,Otros,20.183885,0.05289683554473245,7.092580958971069
703,LACADOS Y ARENADOS GALVAÑ SL.,B10535946,CASTALLA,3109,Mueble,Industria,Fabricación de otros muebles,2022-04-07,2022,3,Menor de 10 años,Sin marca,No,Sin auditor,No,2.0,Grupo Corporativo,0,No participadas,,No consejo,No realiza actividad exterior,,,,,264.458468,174.4726,243.57121,30.44640125,0.420922082468175,0.31884360004687,84.32089,85.21355,578.66104,515.61487,362.28504,8,327.892099,Menos de 1M€,Menos de 1M€,0.122273762197743,Crece,0.659735350202513,2.18809798141915,0.322219026089193,0.566639321354692,40.986512375,72.33263,2024-12-31,2024,136.98115,48.62347,37.05702,106.02992,87.6280330578512,19.23389,20.08315,16.5976446280992,0.89735,35.69742,72.75444,105.18066,0.236720878944952,0.763279121055048,7.12186406389971,1.68589392093281,0.155988173023973,Menos de 1M€,Menos de 1M€,,Otros,10.65169375,0.14571724061464378,5.279546286314636
704,IBI COATING SL.,B13709100,IBI,2561,Metal,Industria,Tratamiento y revestimiento de metales,2023-04-25,2023,2,Menor de 10 años,Sin marca,No,Sin auditor,No,4.0,Grupo Corporativo,0,No participadas,,No consejo,No realiza actividad exterior,,,,,312.74604,39.96895,302.07412,14.3844819047619,0.523867549665199,0.049683826532224,15.53842,119.50245,576.62308,,,21,317.61254,Menos de 1M€,Menos de 1M€,,Se mantiene,0.127800019466274,1.84374222612059,0.382106996462689,0.550814823437175,15.1244066666667,27.4582419047619,2023-12-31,2023,102.9384,14.67849,11.008869,0.0,0.0,160.394,201.82015,166.793512396694,0.0,0.85993,11.8688,-41.426149,0.178519389130244,0.821480610869756,0.64178460540918,0.114570995710842,-0.011098259189858,Menos de 1M€,Menos de 1M€,,Metal,5.690592857142857,0.02694727377197597,0.0
705,CALZADOS LUCHENTE SL,B46294807,LLUTXENT,1520,Textil,Industria,Fabricación de calzado,1985-12-19,1985,40,Entre 25 y 50 años,Sin marca,No,Sin auditor,No,0.0,No Grupo Corporativo,0,No participadas,,No consejo,No realiza actividad exterior,,,,,634.48935,214.71985,164.2821,23.4688714285714,0.291121405058554,0.127724507905452,81.03984,194.62806,564.30787,529.889939,469.26288,7,245.34858,Menos de 1M€,Menos de 1M€,0.0649529807358731,Crece,0.338413639251786,0.889389033874249,0.306747560065429,0.434777881088208,35.0497971428571,80.61541,2024-12-31,2024,256.43733,58.97813,42.01922,141.34064,116.810446280992,245.25,107.28462,88.6649752066116,111.3454,22.06171,64.08093,279.30602,0.454428058924643,0.545571941075357,1.04561602446483,0.475157260378056,0.48447928091873,Menos de 1M€,Menos de 1M€,,Textil,27.80400857142857,0.1436092677566237,1.317436180507516
706,ARGUSA SL,B46305124,RAFOL DE SALEM,1330,Textil,Industria,Acabado de textiles,1986-01-31,1986,39,Entre 25 y 50 años,Sin marca,No,Sin auditor,No,0.0,No Grupo Corporativo,0,No participadas,,No consejo,No realiza actividad exterior,,,,,284.77175,190.58843,497.05688,23.6693752380952,0.881896770200027,-0.210002533608056,-59.802789,43.56613,563.62252,594.80105,617.68896,21,437.25409,Menos de 1M€,Menos de 1M€,-0.0524184178894775,Decrece,0.669267334277364,1.97920797972411,0.152986137143168,0.775792439947219,20.8216233333333,26.8391676190476,2024-12-31,2024,73.5422,-61.87784,-47.67011,85.29549,70.4921404958678,13.56809,2.12852,1.75910743801653,0.0,2.07505,-45.59506,96.73506,0.130481301563323,0.869518698436677,5.42023232452025,0.707238968478998,0.146021708035817,Menos de 1M€,Menos de 1M€,,Textil,2.074577619047619,-0.10610432847857108,40.07267491026629
707,ALEMAR MUÑOZ PLASTIC SL.,B44986073,IBI,2229,Plástico,Industria,Fabricación de otros productos de plástico,2023-04-04,2023,2,Menor de 10 años,Sin marca,No,Sin auditor,No,0.0,No Grupo Corporativo,0,No participadas,,No consejo,No realiza actividad exterior,,,,,183.11951,134.38142,128.7616,32.1904,0.228775377565296,0.438635511857803,80.32272,38.44215,562.8298,145.71503,,4,209.084319,Menos de 1M€,Menos de 1M€,2.8625377217436,Crece,0.733845454260991,3.07356545460394,0.209929296992986,0.371487648663948,52.27107975,140.70745,2024-12-31,2024,153.87112,74.9757,64.42284,98.78748,81.6425454545455,2.00589,22.42992,18.5371239669421,0.0,5.34702,69.76986,78.36345,0.273388367140475,0.726611632859525,76.7096500805129,20.9715259794286,0.115685614883226,Menos de 1M€,Menos de 1M€,,Plástico,9.6105375,0.14271227287538793,4.404272507436509
709,CERRAJERIA CALABUIG SL,B96231782,ONTINYENT,2512,Metal,Industria,Fabricación de carpintería metálica,1993-12-03,1993,32,Entre 25 y 50 años,Sin marca,No,Sin auditor,No,0.0,No Grupo Corporativo,0,No participadas,,No consejo,No realiza actividad exterior,,,,,214.52794,142.79857,288.81789,36.10223625,0.514146759217818,0.0737958421639624,15.83127,65.70188,561.742119,631.33014,589.06597,8,304.64916,Menos de 1M€,Menos de 1M€,-0.110224455623171,Decrece,0.665640895074087,2.61850330078217,0.306262578198439,0.542329210674694,38.081145,70.217764875,2024-12-31,2024,217.66548,2.79425,2.12298,92.86499,76.7479256198347,24.03051,27.71997,22.9090661157025,0.0,13.03702,15.16,89.17553,0.387482926128956,0.6125170738710439,9.0578801698341,3.50977391273276,0.138621205123008,Menos de 1M€,Menos de 1M€,La Vall d'Albaida,Metal,8.212735,0.02818245145687571,3.3501114900196467
710,CREACIONES MARIOLA SL,B53249090,BANYERES DE MARIOLA,1396,Textil,Industria,Fabricación de otros productos textiles de uso técnico e industrial,1998-01-26,1998,27,Entre 25 y 50 años,CM SECRETBRA,Sí,Sin auditor,No,0.0,No Grupo Corporativo,0,No participadas,,No consejo,Importador,0.0,0.0,0.0,0.0,456.80112,240.85194,229.26445,28.65805625,0.409477229571491,0.0820332708466214,37.47289,11.50241,559.89548,603.02392,672.953,8,269.23235,Menos de 1M€,Menos de 1M€,-0.0715202806548701,Decrece,0.527257770296185,1.22568762528428,0.0251803454422353,0.48086180299223,33.65404375,69.986935,2024-12-31,2024,180.64313,34.37462,27.797519,109.68944,90.6524297520661,74.66091,4.04525,3.34318181818182,24.90689,3.09827,30.895789,180.3051,0.322637235792652,0.677362764207348,2.41951417415084,0.780625365109167,0.289286418125548,Menos de 1M€,Menos de 1M€,L'Alcoià,Textil,1.43780125,0.06692836670158508,27.115614609727437
711,INTAP DESIGN SOCIEDAD LIMITADA.,B06837470,ONTINYENT,2410,Metal,Industria,"Fabricación de productos básicos de hierro, acero y ferroaleaciones",2021-05-31,2021,4,Menor de 10 años,Sin marca,No,Sin auditor,No,0.0,No Grupo Corporativo,0,No participadas,,No consejo,No realiza actividad exterior,,,,,754.96562,331.24023,268.056789,44.6761315,0.480031601235268,0.197140063146187,148.83397,519.69072,558.41488,471.91179,18.37456,6,416.890758,Menos de 1M€,Menos de 1M€,0.183303515260765,Crece,0.438748760506472,0.739656038906778,0.68836342507888,0.746560976312093,69.481793,93.0691466666667,2023-12-31,2023,137.27512,66.98105,43.90759,13.6898,11.3138842975207,216.53666,31.97469,26.4253636363636,103.20847,81.85292,125.76051,198.25177,0.245829982180991,0.7541700178190089,0.633957871152164,0.155845852168835,0.360708834730831,Menos de 1M€,Menos de 1M€,La Vall d'Albaida,Metal,86.61512,0.2665293768676078,0.4281448858456506
712,BORDADOS REGISOL SL,B96075650,ONTINYENT,1399,Textil,Industria,Fabricación de otros productos textiles n.c.o.p.,1992-05-26,1992,33,Entre 25 y 50 años,Sin marca,No,Sin auditor,No,0.0,No Grupo Corporativo,0,No participadas,,No consejo,No realiza actividad exterior,,,,,369.34586,306.88929,211.91526,26.4894075,0.387320185524524,0.116638965440143,43.080119,24.856,547.13198,539.10382,536.802189,8,254.99541,Menos de 1M€,Menos de 1M€,0.0148916770799361,Se mantiene,0.830899498914107,1.48135403494167,0.0672973564669169,0.466058317409997,31.87442625,68.3914975,2024-12-31,2024,221.404,23.47257,17.08907,73.27109,60.5546198347107,11.405,21.25324,17.5646611570248,7.0194,19.60755,36.696619,63.422849,0.404662874942898,0.595337125057102,19.4128890837352,7.85567550757188,0.099418349988765,Menos de 1M€,Menos de 1M€,La Vall d'Albaida,Textil,3.107,0.07873807522638322,3.4475256478541585
713,SENMARELI SOCIEDAD LIMITADA.,B98530579,BELLUS,1310,Textil,Industria,Preparación e hilado de fibras textiles,2013-04-02,2013,12,Entre 10 y 25 años,Sin marca,No,Sin auditor,No,0.0,No Grupo Corporativo,0,No participadas,,No consejo,No realiza actividad exterior,,,,,529.95643,115.03427,367.74141,21.6318476470588,0.672998884634993,0.0431814177629659,22.88427,177.8628,546.42202,582.91745,614.64977,17,390.62568,Menos de 1M€,Menos de 1M€,-0.0626082303763595,Decrece,0.217063636721985,1.03106970510764,0.335617778993643,0.714879096563495,22.9779811764706,32.1424717647059,2024-12-31,2024,81.96598,2.80214,2.157649,123.28308,101.886842975207,138.8,34.54798,28.5520495867769,11.58326,20.08213,22.23978,227.5351,0.150004899143706,0.849995100856294,0.590532997118156,0.0885828426737392,0.38822519156243,Menos de 1M€,Menos de 1M€,,Textil,10.462517647058823,0.041880211928501714,3.568459863644714
714,JOYCLI S.L.,B53015087,IBI,2593,Metal,Industria,"Fabricación de productos de alambre, cadenas y muelles",1995-03-06,1995,30,Entre 25 y 50 años,Sin marca,No,Sin auditor,No,0.0,No Grupo Corporativo,0,No participadas,,No consejo,No realiza actividad exterior,,,,,414.14563,266.77074,122.68149,40.89383,0.22584570161646,0.0551558614780023,22.842559,98.99793,543.20932,634.23436,674.22719,3,145.52405,Menos de 1M€,Menos de 1M€,-0.143519565858904,Decrece,0.644147180787589,1.31163842052372,0.239041348812494,0.267896821063379,48.5080166666667,181.069773333333,2024-12-31,2024,336.41993,12.14616,4.039729,198.95601,164.426454545455,97.70908,99.60664,82.3195371900826,8.9812,10.6964,14.73613,197.05845,0.619319142020612,0.380680857979388,3.44307744991561,2.13236377219225,0.331025243372798,Menos de 1M€,Menos de 1M€,,Metal,32.99931,0.04205111760600867,1.997417140062155
715,IMPRESSIONAT GRAFICS 2014 S.COOP.V,F98581143,ONTINYENT,1812,Artes gráficas,Industria,Otras actividades de impresión y artes gráficas,2013-11-11,2013,12,Entre 10 y 25 años,Sin marca,No,Sin auditor,No,0.0,No Grupo Corporativo,0,No participadas,,No consejo,No realiza actividad exterior,,,,,345.28067,135.7635,95.8476,19.16952,0.178467658979145,0.226098379616791,78.0674,153.60732,537.05865,515.1132,385.57538,5,173.915,Menos de 1M€,Menos de 1M€,0.0426031598491359,Se mantiene,0.393197510882958,1.55542634344402,0.444876685393364,0.323828691708066,34.783,107.41173,2022-12-31,2022,289.13494,40.48282,28.55097,148.86649,123.030157024793,11.35025,55.1525,45.5805785123967,35.93578,37.58458,66.135551,105.064239,0.538367532112182,0.461632467887818,25.4738829541199,13.7143114993241,0.165344750545209,Menos de 1M€,Menos de 1M€,La Vall d'Albaida,Otros,30.721463999999997,0.14536103272892079,2.699179366302516
716,BORDERA TEIXITS SL,B96745781,ONTINYENT,1310,Textil,Industria,Preparación e hilado de fibras textiles,1998-04-01,1998,27,Entre 25 y 50 años,Sin marca,No,Sin auditor,No,0.0,No Grupo Corporativo,0,No participadas,,No consejo,No realiza actividad exterior,,,,,460.31294,130.8395,124.24354,31.060885,0.23420221122134,0.0942821420575315,43.39929,178.30897,530.49687,623.45387,658.56764,4,167.64283,Menos de 1M€,Menos de 1M€,-0.149100044883834,Decrece,0.284240325722757,1.15247003484195,0.387364669783126,0.316010969112787,41.9107075,132.6242175,2024-12-31,2024,263.3604,24.80165,18.63445,145.9451,120.615785123967,53.46577,68.53202,56.6380330578512,0.0,18.59764,37.23209,130.878849,0.496441006334307,0.503558993665693,4.9257758749196,2.44535713232234,0.221384005651373,Menos de 1M€,Menos de 1M€,La Vall d'Albaida,Textil,44.5772425,0.08180875789144619,2.129589934748752
717,MERAKY TECHNOLOGY S.L.,B67419176,ONTINYENT,2899,Maquinaria,Industria,Fabricación de otra maquinaria para usos específicos n.c.o.p.,2019-04-05,2019,6,Menor de 10 años,Sin marca,No,Sin auditor,No,0.0,No Grupo Corporativo,0,No participadas,,No consejo,No realiza actividad exterior,,,,,630.3321,64.73673,17.92095,17.92095,0.0339946968428473,0.0250043905426996,15.76107,22.29833,527.16899,673.76725,11.7,1,33.977139,Menos de 1M€,Menos de 1M€,-0.217579972906074,Decrece,0.102702575356705,0.836335306420219,0.035375526646985,0.0644520820543712,33.977139,527.16899,2024-12-31,2024,435.28297,8.20052,6.07116,343.78372,284.118776859504,,475.43989,392.92552892562,0.03361,7.56055,13.63171,-131.65617,0.825699117848339,0.17430088215166095,,,,Menos de 1M€,Menos de 1M€,La Vall d'Albaida,Otros,22.29833,0.029897566622801543,0.7230855618782844
718,PRODUCTOS METALICOS DE IBI SL.,B54487491,IBI,2599,Metal,Industria,Fabricación de otros productos metálicos n.c.o.p.,2010-03-23,2010,15,Entre 10 y 25 años,Sin marca,No,Sin auditor,No,2.0,Grupo Corporativo,0,No participadas,,No consejo,No realiza actividad exterior,,,,,597.65944,21.41738,244.92974,27.2144155555556,0.4672076024526,0.0472301734245175,28.227559,123.12522,524.241769,493.88985,493.19261,9,273.1573,Menos de 1M€,Menos de 1M€,0.0614548345142139,Crece,0.0358354249369842,0.87715801661227,0.206012340405767,0.521052148364775,30.3508111111111,58.2490854444444,2024-12-31,2024,189.42235,27.34494,5.81632,207.79991,171.735462809917,224.44337,122.63978,101.355190082645,11.28937,0.88262,6.69894,309.6035,0.361326321558327,0.638673678441673,0.843965005515645,0.304946770966921,0.56238106187085,Menos de 1M€,Menos de 1M€,,Metal,13.680579999999999,0.05384454400465752,1.6943923904625304
719,METALPRATS GERMANS SL,B97902001,BENICOLET,2511,Metal,Industria,Fabricación de estructuras metálicas y sus componentes,2007-05-11,2007,18,Entre 10 y 25 años,Sin marca,No,Sin auditor,No,0.0,No Grupo Corporativo,0,No participadas,,No consejo,No realiza actividad exterior,,,,,336.6882,211.24768,114.32283,28.5807075,0.218693031966288,0.139697411432893,47.03447,99.97514,522.75479,316.6892,730.27229,4,161.36431,Menos de 1M€,Menos de 1M€,0.650687140578207,Crece,0.62742822587783,1.55263769267827,0.296936869186387,0.308680691381135,40.3410775,130.6886975,2024-12-31,2024,304.67526,43.25742,30.90678,178.18396,147.25947107438,45.12,42.38162,35.026132231405,27.6163,3.77705,34.68383,180.92234,0.582826338138384,0.417173661861616,6.7525545212766,3.93556662471543,0.301007933075037,Menos de 1M€,Menos de 1M€,,Metal,24.993785,0.0899742496859761,4.204274400081912
720,VIPAR SL,B03066925,ONIL,2229,Plástico,Industria,Fabricación de otros productos de plástico,1978-12-20,1978,47,Entre 25 y 50 años,VIPAR,Sí,Sin auditor,No,0.0,No Grupo Corporativo,0,No participadas,,No consejo,Exportador,0.0,0.0,0.0,0.0,468.80788,327.27116,403.5102,31.0392461538462,0.776373789960161,-0.0340970569863288,-15.984969,91.53998,519.73702,595.88159,566.50248,13,387.52523,Menos de 1M€,Menos de 1M€,-0.127784733205132,Decrece,0.698092276093994,1.10863541798828,0.195261180336815,0.745617908841668,29.8096330769231,39.9797707692308,2024-12-31,2024,48.87547,-43.34078,-32.607019,152.3155,125.880578512397,204.94168,0.98095,0.810702479338843,0.0,27.35581,-5.251209,356.27623,0.0940388467998681,0.9059611532001319,0.23848477283879,0.0224268330170883,0.63495872592077,Menos de 1M€,Menos de 1M€,,Plástico,7.041536923076923,-0.03075587919444337,155.27345940160086
721,CARROSSERIES ONTINYENT SL,B96711411,ONTINYENT,2920,Motor,Industria,Fabricación de carrocerías para vehículos de motor; fabricación de remolques y semirremolques,1998-01-01,1998,27,Entre 25 y 50 años,Sin marca,No,Sin auditor,No,0.0,No Grupo Corporativo,0,No participadas,,No consejo,No realiza actividad exterior,,,,,148.60248,95.41564,225.13089,32.1615557142857,0.43441467162265,0.103231453472378,15.34045,13.55522,518.23961,500.41758,616.10857,7,240.47134,Menos de 1M€,Menos de 1M€,0.0356143163475591,Se mantiene,0.642086457776478,3.48742234988272,0.0912179931317432,0.464015747464768,34.3530485714286,74.03423,2024-12-31,2024,196.64657,12.87851,9.82456,89.84938,74.2556859504132,32.13622,25.39176,20.9849256198347,0.0,2.46194,12.2865,96.59384,0.379451061257166,0.620548938742834,6.11915682678299,2.32192055192184,0.164802108296158,Menos de 1M€,Menos de 1M€,La Vall d'Albaida,Otros,1.93646,0.02960107584211867,3.5385250963304635
722,UMBRITEX SL,B97169999,AIELO DE MALFERIT,1320,Textil,Industria,Fabricación de tejidos textiles,2001-12-18,2001,24,Entre 10 y 25 años,Sin marca,No,Sin auditor,No,0.0,No Grupo Corporativo,0,No participadas,,No consejo,No realiza actividad exterior,,,,,256.30755,112.58337,138.31713,27.663426,0.268233752880029,0.00736244406378197,1.88705,25.80011,515.65893,591.37383,695.63202,5,140.215539,Menos de 1M€,Menos de 1M€,-0.128032212720674,Decrece,0.439251087219241,2.01187569386856,0.100660749166382,0.271915273531673,28.0431078,103.131786,2024-12-31,2024,327.94248,0.81969,0.52676,93.43592,77.2197685950413,55.9403,89.59519,74.0456115702479,4.27947,1.06736,1.59412,59.78103,0.635967809187363,0.36403219081263705,5.86236541455802,3.72827568935223,0.114638676042696,Menos de 1M€,Menos de 1M€,La Vall d'Albaida,Textil,5.160022,0.0036594925254179148,1.042867591441014
723,SOPLADOS LUCAS SL,B53611075,TIBI,2229,Plástico,Industria,Fabricación de otros productos de plástico,2001-12-28,2001,24,Entre 10 y 25 años,Sin marca,No,Sin auditor,No,0.0,No Grupo Corporativo,0,No participadas,,No consejo,Importador,11.0,38.58851491,0.0,0.0,471.30554,388.95306,107.24308,21.448616,0.208393095974118,0.120031264644163,56.5714,5.29815,514.61916,474.02536,520.33461,5,163.814479,Menos de 1M€,Menos de 1M€,0.0856363465448347,Crece,0.825267320218642,1.09190135978457,0.011241433741687,0.318321764389806,32.7628958,102.923832,2024-12-31,2024,218.57525,54.69772,42.03257,120.9721,99.9769421487603,24.15123,40.85148,33.7615537190083,0.0,1.87368,43.90625,104.27185,0.424732048453074,0.575267951546926,9.05027404401349,3.84394143377553,0.175599016619887,Menos de 1M€,Menos de 1M€,,Plástico,1.0596299999999998,0.10992867035887277,2.961266030018982
724,ESTILMARBRE PROJECTES SL,B67957043,COCENTAINA,2370,Textil,Industria,"Corte, tallado y acabado de la piedra",2021-12-29,2021,4,Menor de 10 años,Sin marca,No,Sin auditor,No,2.0,Grupo Corporativo,0,No participadas,,No consejo,No realiza actividad exterior,,,,,246.24715,113.37762,210.79664,35.1327733333333,0.410978101946147,0.207992985908669,51.21768,88.68642,512.91453,593.2955,532.90907,6,262.01432,Menos de 1M€,Menos de 1M€,-0.135482183835879,Decrece,0.460422059707087,2.08292575162799,0.360152066734579,0.510834270965184,43.6690533333333,85.485755,2024-12-31,2024,180.60837,38.11898,28.27727,57.41189,47.4478429752066,15.32026,25.2356,20.855867768595,0.66565,13.0987,41.37597,47.496549,0.352121765784253,0.647878234215747,11.7888580219918,4.1511135032836,0.0817138777616839,Menos de 1M€,Menos de 1M€,El comtat,Textil,14.78107,0.09985616901903716,2.2750356639033784
725,TALLERES HIVERMOLD SL,B54300074,IBI,2599,Metal,Industria,Fabricación de otros productos metálicos n.c.o.p.,2008-01-01,2008,17,Entre 10 y 25 años,Sin marca,No,Sin auditor,No,0.0,No Grupo Corporativo,0,No participadas,,No consejo,Importador,0.0,0.0,0.0,0.0,369.34228,199.14116,213.36688,53.34172,0.416887192997912,0.200480186021487,74.045809,73.06142,511.80963,479.339589,533.70412,4,287.412689,Menos de 1M€,Menos de 1M€,0.0677391180389235,Crece,0.539177805476264,1.38573257846353,0.197814937407112,0.561561706058559,71.85317225,127.9524075,2024-12-31,2024,201.2038,66.077759,51.817399,148.70611,122.897611570248,19.0427,38.10372,31.4906776859504,0.0,7.96805,59.785449,129.64509,0.393122341211126,0.606877658788874,10.565928150945,4.15370241176803,0.215802179971286,Menos de 1M€,Menos de 1M€,,Metal,18.265355,0.1446745130606472,3.9026664588129494
727,SOPORTES GRAFICOS Y COMUNICACION SL.,B54763362,IBI,1812,Artes gráficas,Industria,Otras actividades de impresión y artes gráficas,2014-01-28,2014,11,Entre 10 y 25 años,Sin marca,No,Sin auditor,No,0.0,No Grupo Corporativo,0,No participadas,,No consejo,No realiza actividad exterior,,,,,378.57533,158.24228,94.10988,31.36996,0.186679663973003,0.049357680015758,18.6856,139.19508,504.12497,647.8116,549.37316,3,112.79548,Menos de 1M€,Menos de 1M€,-0.221803113744799,Decrece,0.417994167765765,1.33163714075082,0.367681327782241,0.223745076543223,37.5984933333333,168.041656666667,2024-12-31,2024,356.97708,10.8762,4.74757,99.34703,82.1049834710744,,135.89076,112.30641322314,9.38993,7.8094,12.55697,-36.54373,0.70811227620802,0.29188772379198,,,,Menos de 1M€,Menos de 1M€,,Otros,46.39836,0.03706541257022044,0.7310800969837866
728,DAURELA SL,B83064527,ONTINYENT,1392,Textil,Industria,"Fabricación de artículos confeccionados con textiles, excepto prendas de vestir",2001-07-25,2001,24,Entre 10 y 25 años,Sin marca,No,Sin auditor,No,0.0,No Grupo Corporativo,0,No participadas,,No consejo,No realiza actividad exterior,,,,,228.85821,70.62973,88.29821,17.659642,0.175565195687483,0.0713605161903521,16.33144,29.48744,502.93687,607.04721,533.67299,5,104.62965,Menos de 1M€,Menos de 1M€,-0.171502872074809,Decrece,0.308617855570923,2.19759155679842,0.128845891086887,0.208037342738463,20.92593,100.587374,2024-12-31,2024,335.9762,9.12686,4.56439,87.29062,72.1410082644628,103.6,12.20566,10.0873223140496,99.61244,7.20458,11.76897,178.68496,0.668028573844666,0.33197142615533404,3.24301351351351,2.16642569239141,0.329372722167721,Menos de 1M€,Menos de 1M€,La Vall d'Albaida,Textil,5.897488,0.032472147050980775,7.1516509553764305
729,ACOMUR ACOLCHADOS SL,B53033775,MURO DE ALCOY,1392,Textil,Industria,"Fabricación de artículos confeccionados con textiles, excepto prendas de vestir",1995-04-25,1995,30,Entre 25 y 50 años,Sin marca,No,Sin auditor,No,0.0,No Grupo Corporativo,0,No participadas,,No consejo,No realiza actividad exterior,,,,,770.62928,85.72847,133.72154,22.2869233333333,0.26731074514251,0.0329700423529197,25.40768,373.81837,500.24753,564.04446,515.75252,6,159.12922,Menos de 1M€,Menos de 1M€,-0.113106207975166,Decrece,0.11124476090501,0.649141608011572,0.4850819709316,0.318100960938278,26.5215366666667,83.3745883333333,2023-12-31,2023,271.7573,25.40768,0.96889,197.34215,163.092685950413,193.39,115.18871,95.1972809917355,263.5207,,,275.54344,0.543245660803163,0.45675433919683694,1.40522932933451,0.763384735594309,0.52231223402278,Menos de 1M€,Menos de 1M€,El comtat,Textil,62.30306166666667,0.050790215795768145,1.7132073968012995
730,INYECCION DE TERMOPLASTICOS LOPEZ SL.,B54647508,IBI,2229,Plástico,Industria,Fabricación de otros productos de plástico,2012-07-06,2012,13,Entre 10 y 25 años,Sin marca,No,Sin auditor,No,0.0,No Grupo Corporativo,0,No participadas,,No consejo,No realiza actividad exterior,,,,,388.27603,332.67383,164.61767,27.4362783333333,0.329390799281629,0.22675960707644,88.04532,,499.76402,342.34942,474.28163,6,252.96662,Menos de 1M€,Menos de 1M€,0.459806825435837,Crece,0.856797237779525,1.28713590689593,,0.506172132999891,42.1611033333333,83.2940033333333,2024-12-31,2024,166.59263,88.04532,68.02684,109.32092,90.347867768595,96.70766,0.0,0.0,0.0,,,206.02858,0.333342584366117,0.6666574156338829,1.72264151567725,0.57422977477222,0.374287704362141,Menos de 1M€,Menos de 1M€,,Plástico,,0.17617378698050332,
732,TALLER DE MATRICERIA KAYMI SL,B53596870,IBI,2550,Metal,Industria,"Forja, estampación y embutición de metales; metalurgia de polvos",2001-10-05,2001,24,Entre 10 y 25 años,Sin marca,No,Sin auditor,No,0.0,No Grupo Corporativo,0,No participadas,,No consejo,No realiza actividad exterior,,,,,415.64278,283.68953,174.58988,34.917976,0.349551654996784,0.224195570051764,93.18527,219.27731,499.46804,515.389,382.66991,5,267.77515,Menos de 1M€,Menos de 1M€,-0.0308911521200492,Se mantiene,0.682532077184163,1.20167620859431,0.527561936718833,0.536120689523998,53.55503,99.893608,2024-12-31,2024,153.34232,85.90038,67.07053,95.01951,78.528520661157,11.27,46.42019,38.3637933884297,0.0,7.28489,74.35542,59.869319,0.307011275436162,0.692988724563838,13.6062395740905,4.17726896553151,0.102979015980136,Menos de 1M€,Menos de 1M€,,Metal,43.855462,0.1865690345272142,2.046943582092191
734,TECNIFORRO SL,B53161576,MURO DE ALCOY,1320,Textil,Industria,Fabricación de tejidos textiles,1996-12-20,1996,29,Entre 25 y 50 años,Sin marca,No,Sin auditor,No,2.0,Grupo Corporativo,0,No participadas,,No consejo,Importador / Exportador,0.0,0.0,0.0,0.0,596.41071,569.70797,79.08269,39.541345,0.15992183671545,-0.0307893028949799,-18.36307,18.11036,494.50839,542.79226,682.6196,2,60.71962,Menos de 1M€,Menos de 1M€,-0.0889546030004187,Decrece,0.955227598109363,0.829140694002628,0.0303655848165436,0.122787845925122,30.35981,247.254195,2024-12-31,2024,365.06205,-18.36307,-13.89749,58.36644,48.2367272727273,310.957,3.69828,3.05642975206612,0.0,,,365.62516,0.738232267403997,0.26176773259600306,1.17399527909003,0.866681196804225,0.720184540287903,Menos de 1M€,Menos de 1M€,El comtat,Textil,9.05518,-0.03713399079032815,15.782050034069877
735,ONTIMOVE SL,B97302004,ONTINYENT,3109,Mueble,Industria,Fabricación de otros muebles,2003-02-03,2003,22,Entre 10 y 25 años,Sin marca,No,Sin auditor,No,0.0,No Grupo Corporativo,0,No participadas,,No consejo,No realiza actividad exterior,,,,,452.4965,209.44176,163.07147,32.614294,0.331079816823779,0.0362446118367766,16.40056,30.17391,492.54428,477.25894,386.00625,5,179.47203,Menos de 1M€,Menos de 1M€,0.0320273518606065,Se mantiene,0.462858298351479,1.0885040657773,0.0666831898147278,0.364377452520614,35.894406,98.508856,2024-12-31,2024,246.7783,16.40056,0.49174,236.93492,195.813983471074,156.93731,69.35502,57.3181983471074,139.83382,,,324.517209,0.501027643646577,0.49897235635342296,1.57246418968185,0.787848027674924,0.599810224420771,Menos de 1M€,Menos de 1M€,La Vall d'Albaida,Otros,6.034782,0.033297635696835214,3.4162620095848824
736,TEX SANTA SL,B96581277,ALBAIDA,1071,Alimentación,Industria,Fabricación de pan y de productos frescos de panadería y pastelería,1996-10-04,1996,29,Entre 25 y 50 años,PANILAND PANADERIA PASTELERIA,Sí,Sin auditor,No,0.0,No Grupo Corporativo,0,No participadas,,No consejo,No realiza actividad exterior,,,,,377.13977,127.88628,121.29271,40.4309033333333,0.246606793078726,0.143087773532873,53.96409,280.00485,491.846589,463.74298,494.338,3,175.2628,Menos de 1M€,Menos de 1M€,0.0606016914800522,Crece,0.339095184790509,1.30414935820744,0.742443179620118,0.35633631282538,58.4209333333333,163.948863,2024-12-31,2024,219.19795,22.55699,10.93835,40.57608,33.5339504132231,39.22881,45.71035,37.7771487603306,0.0,31.4071,42.34545,34.09454,0.445663251311071,0.554336748688929,5.5876777806923,2.49022264702196,0.0711311462462792,Menos de 1M€,Menos de 1M€,La Vall d'Albaida,Alimentación,93.33494999999999,0.10971732082094403,0.887678173542752
737,INTERFRELIMA PSJ S.L.,B54013073,IBI,2599,Metal,Industria,Fabricación de otros productos metálicos n.c.o.p.,2005-06-14,2005,20,Entre 10 y 25 años,Sin marca,No,Sin auditor,No,0.0,No Grupo Corporativo,0,No participadas,,No consejo,No realiza actividad exterior,,,,,720.79509,208.64963,179.84868,59.94956,0.366688144806772,0.116315317852678,83.83951,514.67548,490.46767,511.842519,511.2464,3,263.68819,Menos de 1M€,Menos de 1M€,-0.0417605966807145,Se mantiene,0.289471491821622,0.680453677896169,0.714038548736507,0.537626037614263,87.8960633333333,163.489223333333,2023-12-31,2023,141.23986,30.90013,6.98209,68.8252,56.8803305785124,86.57131,24.42076,20.1824462809917,0.0,52.93938,59.92147,130.97575,0.287969765672832,0.712030234327168,1.63148576589635,0.469818573703732,0.251329907835761,Menos de 1M€,Menos de 1M€,,Metal,171.55849333333333,0.17093789280749128,2.8183070469551366
738,CARPINTERIA METALICA ALMENARA SRL LABORAL,B97215008,BENISSODA,2512,Metal,Industria,Fabricación de carpintería metálica,2002-05-13,2002,23,Entre 10 y 25 años,Sin marca,No,Sin auditor,No,0.0,No Grupo Corporativo,0,No participadas,,No consejo,No realiza actividad exterior,,,,,337.09359,182.75433,167.57607,27.929345,0.34224449316656,0.0365594017969906,12.32394,64.90471,489.63847,541.53178,549.30362,6,179.900009,Menos de 1M€,Menos de 1M€,-0.0958268968074228,Decrece,0.542147152664635,1.45252975590547,0.192542106778121,0.367413959528139,29.9833348333333,81.6064116666667,2024-12-31,2024,239.8797,3.98532,2.71759,84.76935,70.0573140495868,116.082,29.06417,24.0199752066116,0.08191,8.33862,11.05621,171.78718,0.489911873141831,0.510088126858169,2.06646766940611,1.01238704670578,0.33110008460523,Menos de 1M€,Menos de 1M€,,Metal,10.817451666666665,0.02516946840390217,2.916627242408777
739,CONSTRUCCIONES MECANICAS DUPRA SL,B03263423,CASTALLA,2896,Plástico,Industria,Fabricación de maquinaria para la industria del plástico y el caucho,1987-01-14,1987,38,Entre 25 y 50 años,Sin marca,No,Sin auditor,No,0.0,No Grupo Corporativo,0,No participadas,,No consejo,No realiza actividad exterior,,,,,360.51671,299.80287,233.87967,29.23495875,0.477819602374588,0.150491859309378,54.25483,39.44175,489.47274,482.0364,409.05564,8,288.1345,Menos de 1M€,Menos de 1M€,0.0154269262653193,Se mantiene,0.831592161151143,1.35769778882094,0.109403389374101,0.58866301727038,36.0168125,61.1840925,2024-12-31,2024,158.56803,44.34061,34.699289,65.00798,53.7256033057851,47.445,20.10188,16.6131239669422,0.0,9.91422,44.613509,92.3511,0.323956815245727,0.6760431847542729,3.34214416693013,1.08271038041077,0.172752172753978,Menos de 1M€,Menos de 1M€,,Plástico,4.93021875,0.11084341489579175,3.2339253840934163
740,CARROSSES EL LLOMBO SL,B97076921,ONTINYENT,3099,Maquinaria,Industria,Fabricación de otro material de transporte n.c.o.p.,2001-02-16,2001,24,Entre 10 y 25 años,Sin marca,No,Sin auditor,No,0.0,No Grupo Corporativo,0,No participadas,,No consejo,No realiza actividad exterior,,,,,610.3786,318.84019,181.71998,30.2866633333333,0.373042009088045,0.274012489952957,167.25136,424.49122,487.13007,397.53373,113.64143,6,349.01189,Menos de 1M€,Menos de 1M€,0.2253804727463,Crece,0.522364627462365,0.798078553212711,0.695455607388595,0.716465501708815,58.1686483333333,81.188345,2023-12-31,2023,70.98364,138.11425,102.19775,21.39937,17.6854297520661,12.56434,23.24878,19.213867768595,30.02376,29.13711,131.334859,10.71493,0.145718042000569,0.854281957999431,5.64961151958638,0.823250328697986,0.0226549389231321,Menos de 1M€,Menos de 1M€,La Vall d'Albaida,Otros,70.74853666666667,0.3433402499665028,0.9204513097031338
741,METALICAS ONIL SL,B53009528,ONIL,2512,Metal,Industria,Fabricación de carpintería metálica,1995-02-17,1995,30,Entre 25 y 50 años,Sin marca,No,Sin auditor,No,2.0,Grupo Corporativo,0,No participadas,,No consejo,No realiza actividad exterior,,,,,314.32419,196.76025,135.37577,27.075154,0.278110465279911,0.0828138935154816,26.03041,67.1387,486.76978,518.76796,491.30973,5,161.40618,Menos de 1M€,Menos de 1M€,-0.0616811030503889,Decrece,0.625978706888579,1.54862334966965,0.213596987237921,0.331586278835962,32.281236,97.353956,2024-12-31,2024,261.66903,18.69791,13.63866,98.01457,81.0037768595041,23.171,67.6538,55.9122314049587,0.0,7.3325,20.97116,53.53177,0.537562192131155,0.46243780786884503,11.2929536921151,6.07066494236904,0.0991486066668836,Menos de 1M€,Menos de 1M€,,Metal,13.42774,0.05347581355605107,1.4487666620352428
742,LAYCER ELECTROTECNICA SL,B54253398,IBI,2712,Metal,Industria,Fabricación de aparatos de distribución y control eléctrico,2007-06-19,2007,18,Entre 10 y 25 años,Sin marca,No,Sin auditor,No,0.0,No Grupo Corporativo,0,No participadas,,No consejo,No realiza actividad exterior,,,,,296.04925,139.7219,131.41912,43.8063733333333,0.271512320114136,0.142675551449632,42.23899,106.19245,484.02636,347.42875,535.752329,3,173.658109,Menos de 1M€,Menos de 1M€,0.393167260913209,Crece,0.47195491966286,1.63495215745353,0.35869859491284,0.358778205798544,57.8860363333333,161.34212,2024-12-31,2024,239.69915,21.07438,8.920199,118.50797,97.9404710743802,47.51208,54.57499,45.1032975206612,25.29201,21.16461,30.084809,111.44506,0.495219206656431,0.5047807933435691,5.04501486779783,2.49838826040074,0.207321877167432,Menos de 1M€,Menos de 1M€,,Metal,35.397483333333334,0.08726588775041096,2.1714703016894723
743,MUÑECAS BERBESA SL,B03060555,ONIL,3240,Juguete,Industria,Fabricación de juegos y juguetes,1978-04-05,1978,47,Entre 25 y 50 años,Sin marca,No,Sin auditor,No,2.0,Grupo Corporativo,0,No participadas,,No consejo,Exportador,0.0,0.0,0.0,0.0,360.90558,169.46654,114.94163,38.3138766666667,0.237680850922601,0.0355153278594363,12.81768,122.56698,483.59651,545.43387,566.89049,3,125.68178,Menos de 1M€,Menos de 1M€,-0.113372790728966,Decrece,0.469559212689369,1.33995298714971,0.339609545521574,0.259889758096062,41.8939266666667,161.198836666667,2024-12-31,2024,272.85219,10.32757,6.17897,117.97799,97.5024710743802,32.13952,136.78907,113.048818181818,4.74764,2.49011,8.66908,13.32844,0.564214555642678,0.435785444357322,8.48961621082082,4.78996503796515,0.0343120195233873,Menos de 1M€,Menos de 1M€,,Juguete,40.85566,0.0265049059183657,0.8624811178261554
744,PERCHADOS GONZALO BENEYTO SL,B97033245,AGULLENT,1330,Textil,Industria,Acabado de textiles,2000-10-11,2000,25,Mayor de 50 años,Sin marca,No,Sin auditor,No,2.0,Grupo Corporativo,0,No participadas,,No consejo,No realiza actividad exterior,,,,,664.39389,624.34963,287.93622,28.793622,0.597220566941788,0.081098548332526,53.88138,89.00236,482.1271,589.22386,445.66182,10,341.8176,Menos de 1M€,Menos de 1M€,-0.181759034673172,Decrece,0.93972813326143,0.725664560220444,0.133960232536154,0.708978192679897,34.18176,48.21271,2024-12-31,2024,22.30827,41.63586,32.52486,161.05399,133.10247107438,,0.0,0.0,0.008,12.24552,44.77038,161.05399,0.0462705166334769,0.9537294833665231,,,,Menos de 1M€,Menos de 1M€,La Vall d'Albaida,Textil,8.900236,0.11175762573810931,
745,MOLDEADOS ROCA SL,B03427697,IBI,2222,Plástico,Industria,Fabricación de envases y embalajes de plástico,1989-02-16,1989,36,Entre 25 y 50 años,Sin marca,No,Sin auditor,No,0.0,No Grupo Corporativo,0,No participadas,,No consejo,No realiza actividad exterior,,,,,547.93602,478.50346,162.55621,54.1854033333333,0.337480002400781,0.033696543622009,18.46355,38.94918,481.67657,443.12549,503.35683,3,181.05758,Menos de 1M€,Menos de 1M€,0.0869981097228236,Crece,0.873283453787178,0.879074476614989,0.071083445107332,0.375890361451461,60.3525266666667,160.558856666667,2024-12-31,2024,214.81124,7.30714,5.37968,145.29882,120.081669421488,207.55076,0.11495,0.095,0.0,11.15641,16.53609,352.73463,0.445965723431389,0.554034276568611,1.03498170760733,0.461566365971359,0.679994522925389,Menos de 1M€,Menos de 1M€,,Plástico,12.98306,0.038331841633899695,1264.0175728577685
746,H&M INDUSTRIA AUXILIAR Y ACABADOS DE ONIL SL.,B54892799,ONIL,3240,Juguete,Industria,Fabricación de juegos y juguetes,2015-11-03,2015,10,Mayor de 50 años,Sin marca,No,Sin auditor,No,2.0,Grupo Corporativo,0,No participadas,,No consejo,No realiza actividad exterior,,,,,863.65387,730.7442,29.89572,29.89572,0.0622889334743334,0.172544239279562,149.0185,528.73273,479.95235,383.53028,547.67455,1,178.91422,Menos de 1M€,Menos de 1M€,0.25140666859472,Crece,0.84610771210925,0.555723035201591,0.612204435557036,0.372774964014657,178.91422,479.95235,2024-12-31,2024,296.19522,148.93894,111.591189,140.04353,115.738454545455,155.50202,3.04415,2.51582644628099,54.64874,0.07956,111.670749,292.501399,0.61713463846984,0.38286536153016004,1.90476766796984,1.17549810614161,0.559898598473731,Menos de 1M€,Menos de 1M€,,Juguete,528.73273,0.31048603054032337,46.00414894141243
747,ENGEPUNT SL,B53693438,BANYERES DE MARIOLA,1330,Textil,Industria,Acabado de textiles,2002-09-17,2002,23,Entre 10 y 25 años,Sin marca,No,Sin auditor,No,0.0,No Grupo Corporativo,0,No participadas,,No consejo,No realiza actividad exterior,,,,,494.78854,330.94984,235.39071,26.1545233333333,0.494679505640578,0.0508876175668903,25.17861,365.62923,475.84488,527.36874,510.37423,9,260.70812,Menos de 1M€,Menos de 1M€,-0.0976998750437882,Decrece,0.668871271755809,0.961713624167609,0.738960587082312,0.547884680402572,28.9675688888889,52.8716533333333,2024-12-31,2024,190.02579,7.63573,1.3794,68.45591,56.575132231405,39.7401,65.08368,53.7881652892562,23.72196,17.54288,18.92228,43.11233,0.399343983694855,0.600656016305145,4.78171393630112,1.90954869221169,0.0893717022701784,Menos de 1M€,Menos de 1M€,L'Alcoià,Textil,40.62547,0.05291348306616223,1.0518137573044433
748,CRIMADER SL,B96518154,L'OLLERIA,1629,Madera,Industria,"Fabricación de otros productos de madera; artículos de corcho, cestería y espartería",1996-03-01,1996,29,Entre 25 y 50 años,Sin marca,No,Sin auditor,No,2.0,Grupo Corporativo,0,No participadas,,No consejo,No realiza actividad exterior,,,,,291.897,19.39071,205.98234,20.598234,0.435053546873358,0.0755148220091334,22.04255,74.07135,473.464339,403.21068,456.97211,10,228.0388,Menos de 1M€,Menos de 1M€,0.174235610524999,Crece,0.0664299735865733,1.62202536853753,0.253758517559276,0.481638808282032,22.80388,47.3464339,2024-12-31,2024,163.50687,11.99672,9.85115,117.43179,97.0510661157025,92.892,51.34046,42.430132231405,23.24538,10.04583,19.89698,158.98333,0.34534146826209,0.65465853173791,1.76018246996512,0.607863998586947,0.311560811941736,Menos de 1M€,Menos de 1M€,,Madera,7.407134999999999,0.04655588221608386,2.28731472215091
749,AMR ANAGRAMAS METALICOS SL.,B72427461,CASTALLA,1812,Artes gráficas,Industria,Otras actividades de impresión y artes gráficas,2022-08-12,2022,3,Menor de 10 años,AMR ANAGRAMAS METALICOS,Sí,Sin auditor,No,2.0,Grupo Corporativo,0,No participadas,,No consejo,Importador / Exportador,0.0,0.0,0.0,0.0,242.56888,140.36625,70.35348,14.070696,0.14861549806163,0.474035210122585,114.98619,207.86025,473.39262,224.98503,,5,185.346679,Menos de 1M€,Menos de 1M€,1.10410719326526,Crece,0.578665532033623,1.9515801862135,0.856912271681347,0.39152845052802,37.0693358,94.678524,2024-12-31,2024,202.36669,99.50491,76.32447,19.06359,15.7550330578512,,28.45822,23.5191900826446,0.0,15.48128,91.80575,-9.39463,0.427481716973112,0.572518283026888,,,,Menos de 1M€,Menos de 1M€,,Otros,41.572050000000004,0.2428981465744016,0.6698799151879484
750,CARPINTERIA METALICA BENIMETAL SOCIEDAD LIMITADA,B98165582,ALBAIDA,2512,Metal,Industria,Fabricación de carpintería metálica,2009-07-01,2009,16,Entre 10 y 25 años,Sin marca,No,Sin auditor,No,0.0,No Grupo Corporativo,0,No participadas,,No consejo,Importador,1.0,2.9119111,0.0,0.0,164.29575,42.37701,214.5841,35.7640166666667,0.45402415172758,-0.203240132504949,-33.39149,85.37812,472.62706,636.66389,437.69555,6,181.43595,Menos de 1M€,Menos de 1M€,-0.257650594884532,Decrece,0.257931261155569,2.87668463730803,0.51966115982915,0.383888197176014,30.239325,78.7711766666667,2024-12-31,2024,217.30248,-43.39108,-38.86576,44.95429,37.152305785124,30.45,9.97036,8.23996694214876,16.67018,9.99959,-28.86617,65.43393,0.459775790239349,0.540224209760651,7.13637044334975,3.28113036003186,0.125600804242938,Menos de 1M€,Menos de 1M€,La Vall d'Albaida,Metal,14.229686666666666,-0.07065082138970206,4.508793062637662
752,JESANPUNT SL,B96741947,AGULLENT,1391,Textil,Industria,Fabricación de tejidos de punto,1998-03-17,1998,27,Entre 25 y 50 años,SOOL,Sí,Sin auditor,No,0.0,No Grupo Corporativo,0,No participadas,,No consejo,No realiza actividad exterior,,,,,177.68749,80.74957,175.12345,58.3744833333333,0.371872877107333,0.0153710314665371,2.73124,6.5664,470.92289,490.91409,432.69864,3,177.86948,Menos de 1M€,Menos de 1M€,-0.0407224001250402,Se mantiene,0.454447130746233,2.650287254325,0.036954768171918,0.377704044073967,59.2898266666667,156.974296666667,2024-12-31,2024,228.18854,0.20042,0.16571,15.57188,12.8693223140496,132.35075,38.02418,31.4249421487603,0.0,2.53082,2.69653,109.89845,0.484556059698011,0.515443940301989,1.72411973487117,0.835432665176752,0.241642809431687,Menos de 1M€,Menos de 1M€,La Vall d'Albaida,Textil,2.1888,0.005799760551032039,0.40952572810248716
753,DESUCRE OBRADOR SL.,B54997499,COCENTAINA,1072,Alimentación,Industria,Fabricación de galletas y productos de panadería y pastelería de larga duración,2017-04-17,2017,8,Menor de 10 años,Sin marca,No,Sin auditor,No,2.0,Grupo Corporativo,0,No participadas,,No consejo,No realiza actividad exterior,,,,,196.98266,26.65698,162.38148,18.0423866666667,0.347605962284861,0.168550165786166,33.20146,93.59844,467.14239,335.4233,291.93075,9,195.58294,Menos de 1M€,Menos de 1M€,0.392695110924018,Crece,0.135326530771795,2.37148990677657,0.475160808570663,0.418679495132095,21.7314377777778,51.90471,2024-12-31,2024,171.68994,13.54408,7.05707,69.91014,57.7769752066116,2.89636,23.68436,19.5738512396694,68.31595,19.65738,26.71445,49.12214,0.367532349183725,0.632467650816275,59.2778314850364,21.7865206602124,0.0879806346988595,Menos de 1M€,Menos de 1M€,El comtat,Alimentación,10.399826666666666,0.07107353284723315,2.9517428378896504
754,CLISPORT SA,A46149043,LA POBLA DEL DUC,3230,Textil,Industria,Fabricación de artículos de deporte,1980-12-19,1980,45,Entre 25 y 50 años,Sin marca,No,Sin auditor,No,0.0,No Grupo Corporativo,0,No participadas,,No consejo,No realiza actividad exterior,,,,,409.02076,324.9878,77.88882,38.94441,0.166766109076194,0.332380561808159,135.95055,11.87564,467.05425,441.57187,591.299169,2,223.0136,Menos de 1M€,Menos de 1M€,0.0577083408868415,Crece,0.794550868273777,1.14188397185512,0.0290343208985285,0.477489713454058,111.5068,233.527125,2024-12-31,2024,122.37953,133.48288,109.8444,99.38045,82.1326033057851,,34.82474,28.7807768595041,0.0,2.46767,112.312069,64.55571,0.262024229519376,0.737975770480624,,,,Menos de 1M€,Menos de 1M€,,Textil,5.93782,0.2910808540977841,2.853731284138807
755,MECANIZADOS Y MANTENIMIENTOS LA VALL SL.,B40580698,ALBAIDA,2894,Textil,Industria,"Fabricación de maquinaria para las industrias textil, de la confección y del cuero",2019-05-02,2019,6,Menor de 10 años,Sin marca,No,Sin auditor,No,0.0,No Grupo Corporativo,0,No participadas,,No consejo,No realiza actividad exterior,,,,,273.42245,56.73424,220.36988,31.4814114285714,0.471967054252982,0.15720018235518,42.982059,138.84299,466.91793,424.13772,409.30372,7,263.365039,Menos de 1M€,Menos de 1M€,0.100863959942068,Crece,0.207496641186559,1.70767956325459,0.507796598267626,0.564049958415604,37.623577,66.7025614285714,2024-12-31,2024,129.30101,10.04493,1.86039,48.81625,40.3440082644628,41.96268,13.97934,11.553173553719,50.64645,32.937129,34.797519,76.79959,0.276924490777212,0.7230755092227881,3.08133346106588,0.853296699620454,0.151533085719676,Menos de 1M€,Menos de 1M€,La Vall d'Albaida,Textil,19.834712857142854,0.0920548478401761,3.4920282359539163
756,GRAMAGE TEXTIL SOCIEDAD LIMITADA.,B98818214,ONTINYENT,1392,Textil,Industria,"Fabricación de artículos confeccionados con textiles, excepto prendas de vestir",2016-04-05,2016,9,Menor de 10 años,Sin marca,No,Sin auditor,No,0.0,No Grupo Corporativo,0,No participadas,,No consejo,No realiza actividad exterior,,,,,286.13737,44.89998,249.2825,24.92825,0.537065868641211,0.275257160572909,78.76136,240.4751,464.156288,450.68643,645.48575,10,328.05087,Menos de 1M€,Menos de 1M€,0.0298874274958756,Se mantiene,0.156917567251003,1.62214494387783,0.84041836269062,0.706768126342823,32.805087,46.4156288,2024-12-31,2024,74.0045,40.59133,28.83234,32.12073,26.5460578512397,1.143,1.46664,1.21209917355372,0.0,38.17003,67.002369,31.797089,0.159438753526054,0.840561246473946,64.7458442694663,10.3229967063157,0.0570431972208593,Menos de 1M€,Menos de 1M€,La Vall d'Albaida,Textil,24.04751,0.16968715502998852,21.900895925380464
757,TALLERES MAQBOX SL.,B54819446,CASTALLA,2895,Papel y cartón,Industria,Fabricación de maquinaria para la industria del papel y del cartón,2014-11-04,2014,11,Entre 10 y 25 años,Sin marca,No,Sin auditor,No,0.0,No Grupo Corporativo,0,No participadas,,No consejo,No realiza actividad exterior,,,,,197.74149,36.23662,106.83814,35.6127133333333,0.232335941525827,0.117882696241441,23.3103,42.80997,459.84336,277.29823,229.89058,3,130.14844,Menos de 1M€,Menos de 1M€,0.658298936852212,Crece,0.183252487882032,2.32547736946859,0.216494626393277,0.28302776841227,43.3828133333333,153.28112,2022-12-31,2022,93.31191,10.6893,5.81822,67.92915,56.1397933884298,61.33493,44.805,37.0289256198347,23.95042,12.621,18.43922,84.459079,0.202921077299018,0.797078922700982,1.52135023224124,0.308714028075502,0.174941740527894,Menos de 1M€,Menos de 1M€,,Papel y cartón,14.26999,0.05069182688644237,1.5161064613324422
758,IMPRIMINT LA VALL SOCIEDAD LIMITADA,B98281355,AGULLENT,1812,Artes gráficas,Industria,Otras actividades de impresión y artes gráficas,2010-09-02,2010,15,Entre 10 y 25 años,Sin marca,No,Sin auditor,No,2.0,Grupo Corporativo,0,No participadas,,No consejo,No realiza actividad exterior,,,,,343.20899,81.06174,226.19029,25.1322544444444,0.492031788271242,0.114779277780573,39.39328,226.98135,459.70666,414.99775,385.48397,9,265.58357,Menos de 1M€,Menos de 1M€,0.107732897347034,Crece,0.236187694267566,1.33943653399056,0.661350246099323,0.577723999038865,29.5092855555556,51.0785177777778,2024-12-31,2024,159.02335,12.60756,3.65167,25.88945,21.3962396694215,83.69409,38.60879,31.9080909090909,53.53043,26.78572,30.43739,70.97475,0.345923528712854,0.6540764712871461,1.90005471115105,0.657273630428853,0.159193340292983,Menos de 1M€,Menos de 1M€,La Vall d'Albaida,Otros,25.22015,0.08569221076762298,0.6705584401893978
759,FORJAMURO 2001 SL,B54063946,MURO DE ALCOY,2512,Metal,Industria,Fabricación de carpintería metálica,2005-02-15,2005,20,Entre 10 y 25 años,Sin marca,No,Sin auditor,No,0.0,No Grupo Corporativo,0,No participadas,,No consejo,No realiza actividad exterior,,,,,140.6468,63.13788,284.65191,28.465191,0.622169134406623,-0.0624108049383278,-8.77788,47.24939,457.515319,516.46429,559.67996,10,275.874049,Menos de 1M€,Menos de 1M€,-0.114139490650941,Decrece,0.448910888836433,3.25293799076836,0.335943583501366,0.602983195410775,27.5874049,45.7515319,2024-12-31,2024,104.38087,-8.77788,-6.84483,28.21898,23.3214710743802,6.12983,6.17864,5.10631404958678,0.0,,,28.17017,0.228147267785803,0.771852732214197,17.0283466262523,3.88497075768905,0.0532113046575242,Menos de 1M€,Menos de 1M€,El comtat,Metal,4.724939,-0.01918598052451223,4.567183069413337
760,MECANICA Y DISEÑO SA,A03093325,IBI,2829,Maquinaria,Industria,Fabricación de otra maquinaria de uso general n.c.o.p.,1981-07-23,1981,44,Entre 25 y 50 años,Sin marca,No,Sin auditor,No,4.0,Grupo Corporativo,0,No participadas,,No consejo,No realiza actividad exterior,,,,,738.34858,654.60485,280.94156,40.1345085714286,0.621700891965653,0.0211298557654164,15.601199,73.84606,451.89184,449.68012,508.76202,7,296.54823,Menos de 1M€,Menos de 1M€,0.00491842957166977,Se mantiene,0.886579683000135,0.612030485654892,0.100015171695732,0.656237187199486,42.3640328571429,64.5559771428571,2024-12-31,2024,106.42567,-8.24185,-6.258191,216.59056,179.000462809917,44.93291,8.26332,6.82919008264463,0.0,23.84305,17.584859,253.26015,0.235511378120924,0.7644886218790761,2.36854612799394,0.55781956274683,0.480433952353007,Menos de 1M€,Menos de 1M€,,Otros,10.549437142857142,0.03452418835445225,26.21108222845049
761,TEXVICO SERVICIOS TEXTILES SL.,B54781471,COCENTAINA,1419,Textil,Industria,Confección de otras prendas de vestir y accesorios,2014-04-15,2014,11,Entre 10 y 25 años,Sin marca,No,Sin auditor,No,0.0,No Grupo Corporativo,0,No participadas,,No consejo,No realiza actividad exterior,,,,,504.38991,235.1288,158.40577,14.4005245454545,0.352854961555914,-0.00796587901609689,-4.017909,205.04612,448.92601,665.14494,568.15977,11,154.38786,Menos de 1M€,Menos de 1M€,-0.325070397438489,Decrece,0.466164757340209,0.890037649642912,0.406523040875263,0.343904912081169,14.03526,40.8114554545455,2023-12-31,2023,238.30421,-37.75302,-43.35949,47.02423,38.863,130.2005,118.94512,98.3017520661157,24.54025,33.73511,-9.624379,58.27961,0.530831817920285,0.469168182079715,1.8302864428324,0.971574279763575,0.157624522432737,Menos de 1M€,Menos de 1M€,El comtat,Textil,18.640556363636364,-0.008950047247206728,0.3953439199523276
762,DOSGRAFIC ONTINYENT SOCIEDAD LIMITADA.,B40528598,ONTINYENT,1812,Artes gráficas,Industria,Otras actividades de impresión y artes gráficas,2018-09-28,2018,7,Menor de 10 años,Sin marca,No,Sin auditor,No,0.0,No Grupo Corporativo,0,No participadas,,No consejo,No realiza actividad exterior,,,,,626.46822,187.26177,76.08981,15.217962,0.169506979398802,0.196677462745038,123.21218,163.12431,448.88895,412.21568,426.07122,5,199.30199,Menos de 1M€,Menos de 1M€,0.0889662178789512,Crece,0.298916631397519,0.716539060832168,0.260387206872202,0.44398952123905,39.860398,89.77779,2024-12-31,2024,213.29562,92.54559,71.60612,427.77267,353.531132231405,4.59212,20.05105,16.5711157024793,0.0,30.66659,102.27271,412.31374,0.475163445212897,0.524836554787103,46.4481807966691,22.0704776112168,0.760883368879821,Menos de 1M€,Menos de 1M€,La Vall d'Albaida,Otros,32.624862,0.274482541840248,21.334178010627927
763,FUNCERDA SL,B53178018,CASTALLA,2454,Metal,Industria,Fundición de otros metales no férreos,1997-03-06,1997,28,Entre 25 y 50 años,Sin marca,No,Sin auditor,No,0.0,No Grupo Corporativo,0,No participadas,,No consejo,No realiza actividad exterior,,,,,571.0096,533.71625,185.00815,37.00163,0.412934839453878,0.00928646383528403,5.30266,42.67262,448.03231,572.32028,717.45776,5,190.31081,Menos de 1M€,Menos de 1M€,-0.217165063589919,Decrece,0.934688751292448,0.7846318345611,0.0747318784132526,0.424770280518385,38.062162,89.606462,2024-12-31,2024,129.83374,-10.27518,-7.929559,96.40967,79.6774132231405,79.074,2.52005,2.08268595041322,0.0,15.57784,7.64828,172.96362,0.289786555795496,0.710213444204504,1.64192705566937,0.475808386329867,0.349681761283527,Menos de 1M€,Menos de 1M€,,Metal,8.534524000000001,0.011835441064507157,38.257046487172936
764,FILMURO SL,B03964061,MURO DE ALCOY,1310,Textil,Industria,Preparación e hilado de fibras textiles,1994-08-31,1994,31,Entre 25 y 50 años,Sin marca,No,Sin auditor,No,0.0,No Grupo Corporativo,0,No participadas,,No consejo,Exportador,0.0,0.0,0.0,0.0,500.48926,375.04029,51.24229,51.24229,0.114701444631919,0.0102573629651913,5.1337,0.47666,446.74494,562.89166,1161.14662,1,56.37599,Menos de 1M€,Menos de 1M€,-0.206339386872422,Decrece,0.749347328651968,0.892616436964102,0.0009523880692265,0.126192789111389,56.37599,446.74494,2024-12-31,2024,519.82195,5.1337,3.986419,73.23374,60.5237520661157,376.7753,70.68608,58.4182479338843,0.0,,,379.322959,1.16357658130386,-0.1635765813038601,1.37966037051792,1.60534049728766,0.848091987638923,Menos de 1M€,Menos de 1M€,El comtat,Textil,0.47666,0.01149134447946965,1.0360418911333036
765,WATAFIL SL.,B44851228,ONTINYENT,1396,Textil,Industria,Fabricación de otros productos textiles de uso técnico e industrial,2023-03-13,2023,2,Menor de 10 años,Sin marca,No,Sin auditor,No,0.0,No Grupo Corporativo,0,No participadas,,No consejo,No realiza actividad exterior,,,,,1336.11832,11.07347,115.30196,23.060392,0.258665094093381,0.0562024402150253,75.09311,1026.57834,445.75771,,,5,190.39507,Menos de 1M€,Menos de 1M€,,Se mantiene,0.00828779145846904,0.333621434065809,0.768328915660703,0.427126812904706,38.079014,89.151542,2024-12-31,2024,80.36124,1.4313,1.07347,267.125229,220.764652066116,17.89619,16.24385,13.4246694214876,0.0,73.66181,74.73528,268.777569,0.180280089827274,0.8197199101727259,4.49041052872148,0.809531613479245,0.505288338466716,Menos de 1M€,Menos de 1M€,La Vall d'Albaida,Textil,205.31566800000002,0.16846171881132466,16.444699316972297
766,ALMAZARA Y BODEGA AGROBLAN SL.,B54644117,IBI,1043,Alimentación,Industria,Fabricación de aceite de oliva,2012-06-28,2012,13,Entre 10 y 25 años,RO BLAN,Sí,Sin auditor,No,0.0,No Grupo Corporativo,0,No participadas,,No consejo,Importador / Exportador,0.0,0.0,0.0,0.0,6777.78364,4702.07641,176.60066,29.4334433333333,0.399797783670635,0.0220066288513158,149.156169,4015.54576,441.72496,477.65667,554.67969,6,325.76384,Menos de 1M€,Menos de 1M€,-0.0752249727822287,Decrece,0.693748378489107,0.0651724787131151,0.592457058720747,0.737481169277824,54.2939733333333,73.6208266666667,2024-12-31,2024,153.52848,55.75617,20.19738,100.55989,83.107347107438,2400.07293,22.34708,18.4686611570248,77.59215,93.4,113.59738,2478.28574,0.347565779393585,0.652434220606415,0.0639682561646158,0.0222331768103032,5.5797426886414,Menos de 1M€,Menos de 1M€,,Alimentación,669.2576266666666,0.33766751373977144,4.499911845305961
767,ROSES TEXTIL MODA HOGAR SL,B97304760,ALFARRASI,1320,Textil,Industria,Fabricación de tejidos textiles,2003-02-13,2003,22,Entre 10 y 25 años,ROSES,Sí,Sin auditor,No,0.0,No Grupo Corporativo,0,No participadas,,No consejo,No realiza actividad exterior,,,,,164.91883,53.90101,405.17939,28.941385,0.917591995920702,0.0799006335419673,13.177119,5.67628,441.568139,418.385529,362.09968,14,418.35651,Menos de 1M€,Menos de 1M€,0.0554096841145764,Crece,0.326833570187225,2.67748770107088,0.0344186288491132,0.947433641719336,29.8826078571429,31.5405813571429,2024-12-31,2024,15.19535,12.47296,9.03605,90.4835,74.7797520661157,8.58684,29.46502,24.3512561983471,8.53389,0.70416,9.74021,69.605319,0.0344122427727966,0.9655877572272034,1.7696090762143,0.0608962171436308,0.133649443099355,Menos de 1M€,Menos de 1M€,,Textil,0.40544857142857144,0.02984164353397789,3.0708786214976276
768,ALCARAZ REIG SOCIEDAD LIMITADA.,B98415128,ONTINYENT,1071,Alimentación,Industria,Fabricación de pan y de productos frescos de panadería y pastelería,2012-02-01,2012,13,Entre 10 y 25 años,Sin marca,No,Sin auditor,No,0.0,No Grupo Corporativo,0,No participadas,,No consejo,No realiza actividad exterior,,,,,113.81168,17.49724,174.07339,24.8676271428571,0.394272891776226,0.226149284502258,25.73843,71.3424,441.50484,404.87205,339.31464,7,199.81182,Menos de 1M€,Menos de 1M€,0.0904799182852953,Crece,0.153738526660884,3.8792577352342,0.626846031971411,0.452569942381606,28.5445457142857,63.07212,2024-12-31,2024,166.42815,8.5467,3.965069,27.36041,22.6119090909091,0.25,34.83114,28.7860661157025,0.0,17.19173,21.1568,-7.22073,0.376956569717333,0.6230434302826671,665.7126,250.944738113607,-0.0134181021091261,Menos de 1M€,Menos de 1M€,La Vall d'Albaida,Alimentación,10.191771428571428,0.05829705060537955,0.785515776974282
769,GRAFISTEC SODAD COOP VALENCIANA LTDA,F03358835,CASTALLA,1812,Artes gráficas,Industria,Otras actividades de impresión y artes gráficas,1989-07-20,1989,36,Entre 25 y 50 años,Sin marca,No,Sin auditor,No,0.0,No Grupo Corporativo,0,No participadas,,No consejo,No realiza actividad exterior,,,,,1042.42506,244.32215,144.68717,24.1145283333333,0.33156097095619,0.0176468886885739,18.395559,737.82594,436.38179,314.31074,433.85565,6,163.08273,Menos de 1M€,Menos de 1M€,0.388376960965445,Crece,0.234378622862348,0.41862173766237,0.707797584988987,0.373715708897935,27.180455,72.7302983333333,2022-12-31,2022,235.41991,17.51689,1.45516,141.13787,116.642867768595,129.92129,18.11035,14.9672314049587,159.76877,0.87867,2.33383,252.948809,0.539481516861645,0.460518483138355,1.81201949272517,0.977551024518245,0.530720877155842,Menos de 1M€,Menos de 1M€,,Otros,122.97098999999999,0.04215473565017458,7.793216033925337
770,BROTHERS AJM DISTRIBUTION SOCIEDAD LIMITADA.,B98642440,ATZENETA D'ALBAIDA,1512,Textil,Industria,"Fabricación de artículos de marroquinería, viaje y de guarnicionería y talabartería",2014-05-29,2014,11,Entre 10 y 25 años,Sin marca,No,Sin auditor,No,0.0,No Grupo Corporativo,0,No participadas,,No consejo,No realiza actividad exterior,,,,,226.2933,145.22547,31.71111,10.57037,0.0733637947840098,0.0274947159283991,6.22187,,432.24468,978.24474,643.12894,3,37.93298,Menos de 1M€,Menos de 1M€,-0.558142597321811,Decrece,0.64175771001616,1.91010816493462,,0.0877581188506473,12.6443266666667,144.08156,2024-12-31,2024,351.95994,6.22187,4.49249,133.31767,110.179892561983,82.56576,74.93298,61.9280826446281,0.0,,,140.95045,0.814260895009743,0.18573910499025703,4.26278326512104,3.47101771669001,0.30264703296604,Menos de 1M€,Menos de 1M€,,Textil,,0.014394324066637442,1.779158789627737
771,RUT & GEM SL,B54355698,CASTALLA,3240,Juguete,Industria,Fabricación de juegos y juguetes,2008-06-16,2008,17,Entre 10 y 25 años,Sin marca,No,Sin auditor,No,2.0,Grupo Corporativo,0,No participadas,,No consejo,No realiza actividad exterior,,,,,251.11719,98.0872,203.67756,20.367756,0.473792899962716,0.074669081794042,18.75069,164.96008,429.88732,441.84255,395.61433,10,222.63347,Menos de 1M€,Menos de 1M€,-0.0270576702040127,Se mantiene,0.390603287652271,1.7118992132717,0.656904770238947,0.517887966549002,22.263347,42.988732,2022-12-31,2022,127.80203,12.35261,4.28801,43.74188,36.1503140495868,11.00524,28.70673,23.7245702479339,0.0,6.39808,10.68609,26.040389,0.297291927568368,0.702708072431632,11.612834431598,3.4524019327021,0.0545049428339801,Menos de 1M€,Menos de 1M€,,Juguete,16.496008,0.04361768567633025,1.5237500056606932
772,PRENVES PLASTICS SL,B97296404,ONTINYENT,2229,Plástico,Industria,Fabricación de otros productos de plástico,2003-01-24,2003,22,Entre 10 y 25 años,Sin marca,No,Sin auditor,No,2.0,Grupo Corporativo,0,No participadas,,No consejo,No realiza actividad exterior,,,,,366.44414,324.4677,222.86028,74.28676,0.52121687499139,-0.0321097207339705,-11.766419,94.31313,427.57687,549.49818,679.55409,3,211.09524,Menos de 1M€,Menos de 1M€,-0.221877550167682,Decrece,0.885449280209529,1.16682687298533,0.257373825107423,0.493701261249235,70.36508,142.525623333333,2024-12-31,2024,156.70826,-34.35274,-26.51287,80.77213,66.753826446281,10.16412,18.23741,15.0722396694215,0.53575,22.58632,-3.92655,72.69884,0.366503127262239,0.633496872737761,15.4177892429448,5.65066797300938,0.144642311397386,Menos de 1M€,Menos de 1M€,La Vall d'Albaida,Plástico,31.43771,-0.027518838893226382,4.4289254888714975
773,MAYANS SELECCIO SL,B03332616,MURO DE ALCOY,3109,Mueble,Industria,Fabricación de otros muebles,1987-07-02,1987,38,Entre 25 y 50 años,Sin marca,No,Sin auditor,No,0.0,No Grupo Corporativo,0,No participadas,,No consejo,No realiza actividad exterior,,,,,708.5027,656.267,154.5291,38.632275,0.362423247289461,0.0583580556573743,41.34684,63.02786,426.37745,359.81863,327.2657,4,195.87835,Menos de 1M€,Menos de 1M€,0.184978804460458,Crece,0.926273110885816,0.601800741196893,0.0889592375583043,0.459401288693856,48.9695875,106.5943625,2022-12-31,2022,143.30648,27.76493,21.2523,0.0,0.0,20.56032,24.96548,20.6326280991736,0.0,13.58191,34.83421,-4.40516,0.336102390030242,0.663897609969758,6.97005104978911,2.34265081646692,-0.000169587062293173,Menos de 1M€,Menos de 1M€,El comtat,Otros,15.756965,0.09697238913549486,0.0
774,HR-TEC ACABADOS SL.,B54847173,CASTALLA,2561,Metal,Industria,Tratamiento y revestimiento de metales,2015-03-11,2015,10,Mayor de 50 años,Sin marca,No,Sin auditor,No,2.0,Grupo Corporativo,0,No participadas,,No consejo,No realiza actividad exterior,,,,,536.78512,340.57289,198.77019,28.3957414285714,0.466437926058032,0.132118639950377,70.91932,42.94937,426.145,405.8172,358.67613,7,269.68951,Menos de 1M€,Menos de 1M€,0.0500910262058878,Crece,0.634467829510624,0.793883779788829,0.0800122216502574,0.632858557533234,38.5270728571429,60.8778571428571,2024-12-31,2024,65.76234,52.93298,41.53379,118.1231,97.6223966942149,7.732,14.38608,11.8893223140496,0.0,17.98634,59.52013,111.46902,0.15431916366495,0.84568083633505,8.50521727884118,1.31251801725945,0.219326929519683,Menos de 1M€,Menos de 1M€,,Metal,6.135624285714286,0.1664206314752021,8.210930288167443
775,PROGRAMAS Y DISEÑO PARA EL BORDADO SL,B96525530,MONTAVERNER,1330,Textil,Industria,Acabado de textiles,1996-03-05,1996,29,Entre 25 y 50 años,Sin marca,No,Sin auditor,No,0.0,No Grupo Corporativo,0,No participadas,,No consejo,No realiza actividad exterior,,,,,402.95177,101.74707,239.80217,34.2574528571429,0.566960261788577,0.0720362364954992,29.027129,179.00008,422.96116,395.95075,423.18256,7,268.8293,Menos de 1M€,Menos de 1M€,0.0682165900683354,Crece,0.252504338174268,1.04965703463717,0.444222096356594,0.63558862000473,38.4041857142857,60.4230228571429,2024-12-31,2024,83.49495,12.95305,1.45545,150.82511,124.648851239669,6.28441,22.0239,18.2015702479339,74.16578,16.07408,17.52953,135.08562,0.197405714510524,0.802594285489476,13.2860443542035,2.62274107876005,0.266529652490398,Menos de 1M€,Menos de 1M€,,Textil,25.57144,0.06862835585187065,6.848247131525268
776,CESTERIA APARICI SOCIEDAD LIMITADA.,B06954622,AIELO DE MALFERIT,1629,Madera,Industria,"Fabricación de otros productos de madera; artículos de corcho, cestería y espartería",2021-06-25,2021,4,Menor de 10 años,APARICI EVOCADORES DE RECUERDOS HECHOS A MANO 1982 A,Sí,Sin auditor,No,0.0,No Grupo Corporativo,0,No participadas,,No consejo,Importador,72.0,215.24803272,0.0,0.0,352.86052,130.8146,86.91614,28.9720466666667,0.205744668995103,0.0982417046826321,34.665619,166.44636,422.44662,454.56317,492.97532,3,123.491019,Menos de 1M€,Menos de 1M€,-0.0706536563443977,Decrece,0.370726087463681,1.19720568342415,0.471705817358088,0.292323368571395,41.163673,140.81554,2024-12-31,2024,143.42152,13.30271,9.27289,23.96001,19.8016611570248,160.76343,0.0,0.0,112.53894,21.36291,30.6358,184.72344,0.339502112716631,0.660497887283369,0.892127768112437,0.302879262087345,0.427426999314197,Menos de 1M€,Menos de 1M€,La Vall d'Albaida,Madera,55.48212,0.08205916998460065,
777,VEGATEX COOP.V.,F16734170,BUFALI,1310,Textil,Industria,Preparación e hilado de fibras textiles,2021-01-01,2021,4,Menor de 10 años,Sin marca,No,Sin auditor,No,0.0,No Grupo Corporativo,0,No participadas,,No consejo,No realiza actividad exterior,,,,,233.37059,112.95024,56.75097,56.75097,0.134380005051655,0.49578290906322,115.70115,10.04634,422.31707,58.30848,,1,172.45212,Menos de 1M€,Menos de 1M€,6.24280704967785,Crece,0.483995176941533,1.80964135198013,0.0430488691827021,0.40834750061133,172.45212,422.31707,2022-12-31,2022,136.81322,115.535,90.34502,192.24211,158.877776859504,3.08584,0.0,0.0,0.0,0.16615,90.51117,195.327949,0.323958536651147,0.676041463348853,44.3358113187981,14.3629645560792,0.383511888021728,Menos de 1M€,Menos de 1M€,,Textil,10.04634,0.2739674955596751,
778,JIM JEFD SL,B53134979,BANYERES DE MARIOLA,1399,Textil,Industria,Fabricación de otros productos textiles n.c.o.p.,1996-08-09,1996,29,Entre 25 y 50 años,Sin marca,No,Sin auditor,No,0.0,No Grupo Corporativo,0,No participadas,,No consejo,No realiza actividad exterior,,,,,3675.74733,1716.15802,18.76173,18.76173,0.0444801564722617,0.104928809130088,385.69179,3593.40329,421.8,385.0,341.6,1,404.45352,Menos de 1M€,Menos de 1M€,0.0955844155844157,Crece,0.466886830330636,0.114752174763873,0.977598014061538,0.958875106685633,404.45352,421.8,2023-12-31,2023,,216.645,122.58557,67.07355,55.4326859504132,,0.0,0.0,0.0,169.04679,291.63236,67.07355,,1.0,,,,Menos de 1M€,Menos de 1M€,L'Alcoià,Textil,3593.40329,0.9143949502133712,
780,PINTATOTAL ONIL SL.,B54690482,IBI,3240,Juguete,Industria,Fabricación de juegos y juguetes,2013-02-21,2013,12,Entre 10 y 25 años,Sin marca,No,Sin auditor,No,0.0,No Grupo Corporativo,0,No participadas,,No consejo,No realiza actividad exterior,,,,,329.24731,225.13535,96.12933,24.0323325,0.230939119646637,0.129383681221268,42.599229,102.37884,416.25399,432.39904,500.17668,4,138.72856,Menos de 1M€,Menos de 1M€,-0.0373383113894056,Se mantiene,0.683787970811364,1.26425934960562,0.310948144116956,0.333278631154983,34.68214,104.0634975,2024-12-31,2024,128.69396,18.43704,14.16087,139.22157,115.059148760331,35.3642,45.0806,37.256694214876,0.0,24.16219,38.32306,129.50517,0.309171715086743,0.690828284913257,3.63910282149745,1.12510766069937,0.271869236726006,Menos de 1M€,Menos de 1M€,,Juguete,25.59471,0.10233950910596677,3.088281211873858
781,NOU RAYPE BENISSODA SL.,B40528770,BENISSODA,2370,Textil,Industria,"Corte, tallado y acabado de la piedra",2018-10-01,2018,7,Menor de 10 años,Sin marca,No,Sin auditor,No,0.0,No Grupo Corporativo,0,No participadas,,No consejo,No realiza actividad exterior,,,,,230.94104,112.67592,174.86184,29.14364,0.420144130073293,0.132122770383298,30.51257,73.96963,416.19489,420.1743,399.15602,6,206.620129,Menos de 1M€,Menos de 1M€,-0.00947085530933245,Se mantiene,0.487899075885343,1.80216946282047,0.32029660037904,0.496450422541228,34.4366881666667,69.365815,2024-12-31,2024,148.93831,16.25868,11.882849,35.09298,29.0024628099174,92.20106,5.8497,4.83446280991736,25.79733,14.25389,26.136739,121.44434,0.357857132748554,0.642142867251446,1.6153644003659,0.578069672659027,0.279602327649914,Menos de 1M€,Menos de 1M€,,Textil,12.328271666666666,0.0733131778720301,5.99910764654598
782,ISIDRO NACHER Y REMEDIO SOLER SL,B96782081,ATZENETA D'ALBAIDA,1320,Textil,Industria,Fabricación de tejidos textiles,1998-07-15,1998,27,Entre 25 y 50 años,Sin marca,No,Sin auditor,No,2.0,Grupo Corporativo,1,Participadas,,No consejo,No realiza actividad exterior,,,,,2024.12157,1635.3613,96.13684,48.06842,0.231400668263,0.147229106401944,298.00961,1989.70888,415.45619,322.61976,385.03844,2,394.146449,Menos de 1M€,Menos de 1M€,0.287758040611028,Crece,0.807936303944432,0.205252587669425,0.982998703976066,0.948707609820424,197.0732245,207.728095,2024-12-31,2024,,287.29414,270.37774,12.87638,10.6416363636364,,0.0,0.0,83.6037,10.71547,281.093209,12.87638,,1.0,,,,Menos de 1M€,Menos de 1M€,,Textil,994.85444,0.7173069439644166,
783,BERSAL SL,B03221561,IBI,2732,Construcción,Industria,Fabricación de otros hilos y cables electrónicos y eléctricos,1986-03-20,1986,39,Entre 25 y 50 años,Sin marca,No,Sin auditor,No,0.0,No Grupo Corporativo,0,No participadas,,No consejo,No realiza actividad exterior,,,,,670.36928,608.81812,161.38031,32.276062,0.38860579090867,0.064362361592703,43.14655,66.50257,415.28025,410.37602,433.44826,5,204.57846,Menos de 1M€,Menos de 1M€,0.0119505764493746,Se mantiene,0.908183203144392,0.619479833562779,0.0992028900847008,0.492627472652504,40.915692,83.05605,2024-12-31,2024,174.79701,36.71675,30.7125,153.95441,127.235049586777,22.10868,40.65817,33.6017933884298,0.10289,6.4298,37.1423,135.404919,0.420913371151168,0.579086628848832,7.90626170354811,3.32785126684381,0.278708019941587,Menos de 1M€,Menos de 1M€,,Otros,13.300514000000002,0.10389742830293518,3.786555322091475
785,QUADIBO SYSTEMS SL.,B42700971,CASTALLA,2599,Metal,Industria,Fabricación de otros productos metálicos n.c.o.p.,2020-02-21,2020,5,Menor de 10 años,Sin marca,No,Sin auditor,No,0.0,No Grupo Corporativo,0,No participadas,,No consejo,No realiza actividad exterior,,,,,155.41977,44.87286,93.86146,31.2871533333333,0.227366282133912,0.183984894585805,28.59489,78.56171,412.82049,278.871069,294.22623,3,122.45635,Menos de 1M€,Menos de 1M€,0.480327419693722,Crece,0.288720411824056,2.65616459218798,0.505480802088434,0.296633410807685,40.8187833333333,137.60683,2024-12-31,2024,264.10513,14.70768,7.499959,15.1509,12.5214049586777,50.42687,7.79362,6.44100826446281,14.42433,13.88721,21.38717,57.78415,0.639757803688475,0.360242196311525,5.23738891586965,3.35066042987913,0.136880964155182,Menos de 1M€,Menos de 1M€,,Metal,26.187236666666667,0.06926712867377295,1.9440131800113447
786,VINUESA VALLAS Y CERCADOS SL.,B42516443,IBI,2511,Metal,Industria,Fabricación de estructuras metálicas y sus componentes,2017-06-27,2017,8,Menor de 10 años,Sin marca,No,Sin auditor,No,0.0,No Grupo Corporativo,0,No participadas,,No consejo,No realiza actividad exterior,,,,,194.26838,19.62002,66.07036,33.03518,0.160222858669658,0.0422924718886316,8.21609,50.30166,412.36538,393.1463,414.62551,2,74.28645,Menos de 1M€,Menos de 1M€,0.0488853131773084,Se mantiene,0.100994407839299,2.12265825246497,0.258928704712522,0.180147154933326,37.143225,206.18269,2024-12-31,2024,307.30853,7.45031,0.38993,88.12161,72.8277768595041,55.039,42.97153,35.5136611570248,62.85783,0.76578,1.15571,100.189079,0.745233583866812,0.25476641613318796,5.58346863133414,4.16098833853707,0.223959430596427,Menos de 1M€,Menos de 1M€,,Metal,25.15083,0.01992429626366791,2.0506975199626343
787,DULCES RICO SL,B03444403,CASTALLA,1071,Alimentación,Industria,Fabricación de pan y de productos frescos de panadería y pastelería,1989-05-11,1989,36,Entre 25 y 50 años,Sin marca,No,Sin auditor,No,0.0,No Grupo Corporativo,0,No participadas,,No consejo,No realiza actividad exterior,,,,,143.76921,104.82367,185.30393,37.060786,0.449926030864174,0.0176249838195536,2.53393,66.09969,411.85421,423.786209,355.27835,5,187.83786,Menos de 1M€,Menos de 1M€,-0.0281557038586878,Se mantiene,0.729110704579931,2.86468994299962,0.459762490174357,0.456078523514425,37.567572,82.370842,2024-12-31,2024,170.66624,-3.37696,-3.485679,0.88126,0.728314049586777,41.91027,6.3803,5.27297520661157,0.0,5.91089,2.42521,36.411229,0.414385080584705,0.585614919415295,4.07218183037236,1.68745139593442,0.0907253293416017,Menos de 1M€,Menos de 1M€,,Alimentación,13.219937999999999,0.006152492650251164,0.13812203187937874
788,MOLDES TEIXERETA SL,B54321138,IBI,2599,Metal,Industria,Fabricación de otros productos metálicos n.c.o.p.,2008-02-20,2008,17,Entre 10 y 25 años,Sin marca,No,Sin auditor,No,2.0,Grupo Corporativo,0,No participadas,,No consejo,Importador,2.0,1.8937356,0.0,0.0,466.41936,192.181,285.59783,47.5996383333333,0.69419615278722,0.0667282764591933,31.12336,268.234468,411.40797,450.64806,416.47092,6,316.72119,Menos de 1M€,Menos de 1M€,-0.0870748006770516,Decrece,0.412034783461819,0.882055946391248,0.575092912095244,0.769846996401163,52.786865,68.567995,2024-12-31,2024,77.11956,9.64411,0.2488,106.867,88.3198347107438,83.18035,23.9553,19.7977685950413,40.45357,21.47925,21.72805,166.09205,0.187452761306496,0.812547238693504,0.927136757659712,0.173794345332064,0.368739614149192,Menos de 1M€,Menos de 1M€,,Metal,44.70574466666667,0.07565084361394361,4.461100466285128
789,FRANCISCO LEAL VIDAL SL,B03138302,CASTALLA,2512,Metal,Industria,Fabricación de carpintería metálica,1984-01-05,1984,41,Entre 25 y 50 años,FRANCISCO LEAL VIDAL,Sí,Sin auditor,No,0.0,No Grupo Corporativo,0,No participadas,,No consejo,No realiza actividad exterior,,,,,619.41189,392.86612,183.20891,36.641782,0.44590944589124,0.0404049395952022,25.0273,410.3688,410.86573,498.69092,546.44493,5,208.271259,Menos de 1M€,Menos de 1M€,-0.176111468001062,Decrece,0.634256665625195,0.663315859177324,0.66251359818101,0.506908325014111,41.6542518,82.173146,2024-12-31,2024,136.99699,4.67258,-4.14487,67.03917,55.4042727272727,120.88152,27.75253,22.9359752066116,35.19658,20.35472,16.20985,160.16816,0.333434939925508,0.666565060074492,1.133316242218,0.377887233140561,0.373235844032699,Menos de 1M€,Menos de 1M€,,Metal,82.07376000000001,0.06091357388215367,2.415605712344059
790,ARTPI RUSTIC SL,B96605720,L'OLLERIA,1629,Madera,Industria,"Fabricación de otros productos de madera; artículos de corcho, cestería y espartería",1997-01-01,1997,28,Entre 25 y 50 años,Sin marca,No,Sin auditor,No,0.0,No Grupo Corporativo,0,No participadas,,No consejo,No realiza actividad exterior,,,,,829.83828,697.3787,79.17741,79.17741,0.195253247652544,0.124478024802616,103.29663,413.17477,405.51136,444.56678,523.41228,1,184.6635,Menos de 1M€,Menos de 1M€,-0.0878505137068496,Decrece,0.840379043492667,0.488663116384556,0.497897939825095,0.455384283192461,184.6635,405.51136,2024-12-31,2024,157.79621,85.68558,68.5611,123.02365,101.672438016529,107.78236,101.70064,84.0501157024793,4.97785,17.61105,86.17215,129.10537,0.389128950666142,0.610871049333858,1.46402630263431,0.56969501889172,0.309250725587687,Menos de 1M€,Menos de 1M€,,Madera,413.17477,0.25473177866089863,1.2096644622885377
791,JORDA CONFECCIONES SOCIEDAD LIMITADA.,B96603006,ONTINYENT,1392,Textil,Industria,"Fabricación de artículos confeccionados con textiles, excepto prendas de vestir",1996-12-23,1996,29,Entre 25 y 50 años,Sin marca,No,Sin auditor,No,0.0,No Grupo Corporativo,0,No participadas,,No consejo,No realiza actividad exterior,,,,,357.87689,294.54764,259.03164,21.58597,0.645831367299598,0.0773854634760015,27.694469,215.10109,401.08247,362.61342,419.45779,12,286.72611,Menos de 1M€,Menos de 1M€,0.106088324033898,Crece,0.823041800771209,1.12072749374792,0.601047723422432,0.71488068276831,23.8938425,33.4235391666667,2024-12-31,2024,66.73496,24.93794,20.90266,39.63059,32.7525537190083,0.9874,26.84685,22.187479338843,0.0,2.75653,23.65919,13.77114,0.166387127315736,0.833612872684264,67.5865505367632,11.2455319889919,0.028803239344181,Menos de 1M€,Menos de 1M€,La Vall d'Albaida,Textil,17.925090833333332,0.06904931297545865,1.4761728098454752
792,INVENTOS DE DISEÑO SL.,B54771886,IBI,2229,Plástico,Industria,Fabricación de otros productos de plástico,2014-03-13,2014,11,Entre 10 y 25 años,Sin marca,No,Sin auditor,No,2.0,Grupo Corporativo,0,No participadas,,No consejo,No realiza actividad exterior,,,,,368.80207,264.65539,72.27084,24.09028,0.18068947722919,0.179032536341241,66.02757,2.11915,399.9726,359.80795,261.34848,3,138.29841,Menos de 1M€,Menos de 1M€,0.111628022671539,Crece,0.71760820106026,1.08451831628819,0.00574603607837667,0.34576971022515,46.09947,133.3242,2024-12-31,2024,173.70053,65.42865,49.83337,25.33198,20.935520661157,11.685,15.35224,12.6878016528926,23.92932,0.59892,50.43229,21.664739,0.434281073253518,0.5657189267464819,14.8652571673085,6.45569983680829,0.0498352112326306,Menos de 1M€,Menos de 1M€,,Plástico,0.7063833333333333,0.16508023299596022,1.6500510674663693
794,CARPINTERIA LA IBENSE SL,B03122462,IBI,1623,Madera,Industria,Fabricación de otras estructuras de madera y piezas de carpintería y ebanistería para la construcción,1983-01-21,1983,42,Entre 25 y 50 años,Sin marca,No,Sin auditor,No,2.0,Grupo Corporativo,0,No participadas,,No consejo,No realiza actividad exterior,,,,,225.66658,177.81713,105.48518,35.1617266666667,0.265315001574004,0.0776157018908161,17.51527,72.98748,397.58468,279.902519,366.82073,3,122.953979,Menos de 1M€,Menos de 1M€,0.42043980676001,Crece,0.787963951064442,1.76182348312276,0.323430611657251,0.309252305697493,40.9846596666667,132.528226666667,2024-12-31,2024,228.97705,5.35776,4.03449,128.38207,106.100884297521,7.11377,36.1292,29.8588429752066,0.96598,12.15751,16.192,99.36664,0.575920203967618,0.424079796032382,32.1878624133195,18.5376402863606,0.209655491057437,Menos de 1M€,Menos de 1M€,,Madera,24.32916,0.04405418739977607,3.553415796640957
795,CONFECCIONES CONEJERO GALIANA SL,B96471263,ONTINYENT,1392,Textil,Industria,"Fabricación de artículos confeccionados con textiles, excepto prendas de vestir",1995-10-01,1995,30,Entre 25 y 50 años,Sin marca,No,Sin auditor,No,2.0,Grupo Corporativo,0,No participadas,,No consejo,No realiza actividad exterior,,,,,136.14333,64.21483,376.13933,23.508708125,0.95035230355864,0.079360700226739,10.80443,39.77291,395.78936,422.35479,416.74723,16,387.44326,Menos de 1M€,Menos de 1M€,-0.0628983750841324,Decrece,0.471670775204338,2.90715204336489,0.292139982179076,0.97891277319835,24.21520375,24.736835,2024-12-31,2024,-9.6998,4.92994,3.05189,8.09491,6.69000826446281,12.95,0.0,0.0,0.0,5.87449,8.92638,21.04491,-0.024507480443638,1.024507480443638,-0.749019305019305,0.0183565759696679,0.049622375559724,Menos de 1M€,Menos de 1M€,La Vall d'Albaida,Textil,2.485806875,0.027298434702741882,
796,ONDUMAQUINAS SA,A46389482,ONTINYENT,2894,Textil,Industria,"Fabricación de maquinaria para las industrias textil, de la confección y del cuero",1987-04-15,1987,38,Entre 25 y 50 años,Sin marca,No,Sin auditor,No,2.0,Grupo Corporativo,0,No participadas,,No consejo,No realiza actividad exterior,,,,,1426.02077,1352.9537,90.06522,45.03261,0.228406728179057,0.0213864206199465,30.49748,3.26467,394.31947,493.79093,500.59684,2,140.13562,Menos de 1M€,Menos de 1M€,-0.20144448582723,Decrece,0.948761566775777,0.276517339926262,0.00228935655684735,0.355386002116507,70.06781,197.159735,2024-12-31,2024,223.44067,30.24312,40.66204,80.28801,66.3537272727273,32.93926,55.17779,45.601479338843,0.0,0.25436,40.9164,58.049479,0.566648839328172,0.433351160671828,6.78341498867916,3.84381423001637,0.136162457141374,Menos de 1M€,Menos de 1M€,La Vall d'Albaida,Textil,1.632335,0.0773420597263432,1.4550783929548463
797,MATADERO DE ONTINYENT SL,B46431102,ONTINYENT,1011,Alimentación,Industria,Procesado y conservación de carne,1988-01-07,1988,37,Entre 25 y 50 años,Sin marca,No,Sin auditor,No,0.0,No Grupo Corporativo,0,No participadas,,No consejo,No realiza actividad exterior,,,,,298.71101,176.34371,270.75666,30.0840733333333,0.691535766997486,-0.0207129593248002,-6.187189,147.38471,391.52951,398.12818,321.49683,9,264.575539,Menos de 1M€,Menos de 1M€,-0.0165742349612127,Se mantiene,0.590348879339935,1.31073009327644,0.493402335588501,0.675748653019794,29.3972821111111,43.5032788888889,2023-12-31,2023,40.6344,-23.04414,-18.22527,103.25383,85.3337438016529,,0.63602,0.525636363636364,6.70473,16.85695,-1.368319,102.61781,0.103783747998969,0.896216252001031,,,,Menos de 1M€,Menos de 1M€,La Vall d'Albaida,Alimentación,16.37607888888889,-0.01580261217091912,162.34368416087534
798,TRENZADOS ALBERT CORDONES SOCIEDAD LIMITADA.,B98717093,ALBAIDA,1399,Textil,Industria,Fabricación de otros productos textiles n.c.o.p.,2015-03-05,2015,10,Mayor de 50 años,Sin marca,No,Sin auditor,No,0.0,No Grupo Corporativo,0,No participadas,,No consejo,No realiza actividad exterior,,,,,284.90138,73.06956,95.22228,19.044456,0.243420026229529,0.0178393309291798,5.08245,3.29883,391.18507,279.16365,262.72303,5,100.30473,Menos de 1M€,Menos de 1M€,0.401275094375647,Crece,0.25647316976843,1.37305431795381,0.011578848793221,0.256412469933988,20.060946,78.237014,2022-12-31,2022,182.66631,3.45285,1.811319,147.95709,122.27858677686,34.46,31.8989,26.3627272727273,0.0,1.6296,3.440919,150.51819,0.466956241453694,0.5330437585463059,5.30082153221126,2.47525169929818,0.333284344170222,Menos de 1M€,Menos de 1M€,La Vall d'Albaida,Textil,0.6597660000000001,0.012992443704459374,4.638313233371697
799,BORDADOS TORMO SL,B96104831,ALBAIDA,1330,Textil,Industria,Acabado de textiles,1992-10-01,1992,33,Entre 25 y 50 años,ABOTA,Sí,Sin auditor,No,0.0,No Grupo Corporativo,0,No participadas,,No consejo,No realiza actividad exterior,,,,,280.12439,199.57004,158.59478,19.8243475,0.409600695135403,0.136602528612378,38.2657,109.82248,387.19363,315.30435,445.40242,8,196.86048,Menos de 1M€,Menos de 1M€,0.227999645421955,Crece,0.712433644210702,1.38222034147044,0.392048975099955,0.508429025549826,24.60756,48.39920375,2023-12-31,2023,94.37675,25.84568,17.91579,76.9823,63.6217355371901,66.02919,11.0685,9.14752066115703,16.39179,12.42002,30.33581,131.942989,0.243745616372873,0.7562543836271269,1.42931860893644,0.34839014532843,0.311222591332489,Menos de 1M€,Menos de 1M€,La Vall d'Albaida,Textil,13.72781,0.0988283304144234,6.955079730767491
800,TORMO TUB SL.,B98721103,BOCAIRENT,1721,Papel y Cartón,Industria,Fabricación de papel y cartón ondulados; fabricación de envases y embalajes de papel y cartón,2015-03-17,2015,10,Mayor de 50 años,Sin marca,No,Sin auditor,No,2.0,Grupo Corporativo,0,No participadas,,No consejo,Importador,51.0,94.4568858,0.0,0.0,466.33453,402.7248,66.70049,66.70049,0.172548005438611,0.234070357174709,109.15509,44.03637,386.56193,375.78575,378.07443,1,201.35235,Menos de 1M€,Menos de 1M€,0.0286763933970355,Se mantiene,0.863596354316718,0.82893696505811,0.0944308584654883,0.520879927312035,201.35235,386.56193,2024-12-31,2024,175.97352,93.76595,92.1131,194.63725,160.857231404959,31.39,33.98682,28.0882809917355,0.69161,15.38914,107.50224,192.04043,0.455227238750593,0.544772761249407,5.60603759158968,2.55202101315139,0.424664038730413,Menos de 1M€,Menos de 1M€,,Papel y cartón,44.03637,0.28237413342798656,5.726844994618522
801,MATRICERIA IBENSE SL,B03901634,IBI,2896,Plástico,Industria,Fabricación de maquinaria para la industria del plástico y el caucho,1993-12-30,1993,32,Entre 25 y 50 años,Sin marca,No,Sin auditor,No,0.0,No Grupo Corporativo,0,No participadas,,No consejo,No realiza actividad exterior,,,,,387.54428,237.15087,93.31555,31.1051833333333,0.241620874884832,0.152673622224537,59.167789,167.36613,386.20649,455.110579,453.40604,3,152.48351,Menos de 1M€,Menos de 1M€,-0.151400763197816,Decrece,0.611932319062998,0.996548033169268,0.43186324411755,0.394823789729686,50.8278366666667,128.735496666667,2024-12-31,2024,198.65246,18.2118,12.193029,64.65464,53.4335867768595,23.62736,40.7432,33.6720661157025,23.02684,40.95599,53.14902,47.5388,0.514368518250431,0.48563148174956905,8.40772985217138,4.32467154591131,0.112346327119353,Menos de 1M€,Menos de 1M€,,Plástico,55.78871,0.15320247207653087,1.5868817373205826
802,RUBEN FRANCES SOCIEDAD LIMITADA.,B97711956,RAFOL DE SALEM,3109,Mueble,Industria,Fabricación de otros muebles,2006-03-08,2006,19,Entre 10 y 25 años,Sin marca,No,Sin auditor,No,2.0,Grupo Corporativo,0,No participadas,,No consejo,No realiza actividad exterior,,,,,601.40062,145.19147,115.85785,57.928925,0.30012722874378,0.0918581194678516,55.24353,368.23632,386.02912,420.62446,487.4699,2,171.10138,Menos de 1M€,Menos de 1M€,-0.0822475706714727,Decrece,0.241422215361201,0.641883475278093,0.612297872256932,0.443234386048389,85.55069,193.01456,2024-12-31,2024,140.94196,23.2503,6.89833,85.21043,70.4218429752066,139.8803,18.44028,15.2399008264463,31.35317,31.99323,38.89156,206.650449,0.365107067570447,0.634892932429553,1.00758977497189,0.367878148053952,0.5053044758612,Menos de 1M€,Menos de 1M€,,Otros,184.11816,0.14310715730460957,4.620885908456915
803,MAQUINARIA Y TEXTILES EL COMTAT 2011 SL,B54563358,COCENTAINA,1310,Textil,Industria,Preparación e hilado de fibras textiles,2011-04-29,2011,14,Entre 10 y 25 años,Sin marca,No,Sin auditor,No,0.0,No Grupo Corporativo,0,No participadas,,No consejo,No realiza actividad exterior,,,,,242.12158,204.72485,149.10084,24.85014,0.386436963194847,0.119132586199049,28.84457,77.63905,385.83483,369.56895,282.74801,6,179.11572,Menos de 1M€,Menos de 1M€,0.0440131131146164,Se mantiene,0.845545655203473,1.59355820327953,0.320661421423072,0.464229007007999,29.85262,64.305805,2023-12-31,2023,0.01904,24.06344,19.807719,0.0,0.0,2.67225,8.1182,6.70925619834711,0.02312,4.78113,24.58885,-5.44595,4.93475407598635e-05,0.9999506524592401,0.00712508185985593,3.51605267496604e-07,-0.0104630424328128,Menos de 1M€,Menos de 1M€,El comtat,Textil,12.939841666666666,0.07475885471511216,0.0
804,SERVICIOS INTEGRALES DE IMPRESION DIGITAL Y CORTE SL.,B54739800,IBI,1812,Artes gráficas,Industria,Otras actividades de impresión y artes gráficas,2013-10-18,2013,12,Entre 10 y 25 años,Sin marca,No,Sin auditor,No,0.0,No Grupo Corporativo,0,No participadas,,No consejo,No realiza actividad exterior,,,,,559.97439,301.35043,135.21764,135.21764,0.352066440726259,0.119721010812655,67.0407,279.72551,384.068529,406.28267,450.15636,1,203.20877,Menos de 1M€,Menos de 1M€,-0.0546765654562622,Decrece,0.538150378627137,0.685868025143078,0.49953268398578,0.529095082403901,203.20877,384.068529,2024-12-31,2024,131.99107,21.53687,11.66032,141.63692,117.055305785124,64.40091,39.94917,33.0158429752066,22.63624,45.50383,57.16415,166.08866,0.343665413939709,0.6563345860602909,2.04952181576316,0.704349763192711,0.386494496688942,Menos de 1M€,Menos de 1M€,,Otros,279.72551,0.17455400517859146,3.545428353079678
805,GOMEZ SOLA SL,B03419157,CASTALLA,2229,Plástico,Industria,Fabricación de otros productos de plástico,1989-01-05,1989,36,Entre 25 y 50 años,Sin marca,No,Sin auditor,No,0.0,No Grupo Corporativo,0,No participadas,,No consejo,No realiza actividad exterior,,,,,199.67931,124.55065,207.13545,51.7838625,0.542943675446651,0.0515188579127202,10.28725,37.39173,381.50449,435.27312,395.30453,4,218.92895,Menos de 1M€,Menos de 1M€,-0.123528487125509,Decrece,0.623753407401097,1.91058597908817,0.18725891029972,0.5738568109644,54.7322375,95.3761225,2024-12-31,2024,30.80525,7.93281,4.33122,50.59177,41.8113801652893,55.14,7.17604,5.93061157024793,0.0,2.35444,6.68566,98.55573,0.0807467560866715,0.9192532439133285,0.558673376858905,0.0451110628933431,0.238583741426061,Menos de 1M€,Menos de 1M€,,Plástico,9.3479325,0.02696495131682461,7.050095874604948
806,BETONWIN SMART CONSTRUCTION SOCIEDAD LIMITADA.,B02912772,LA POBLA DEL DUC,2511,Metal,Industria,Fabricación de estructuras metálicas y sus componentes,2020-12-11,2020,5,Menor de 10 años,Sin marca,No,Sin auditor,No,0.0,No Grupo Corporativo,0,No participadas,,No consejo,No realiza actividad exterior,,,,,190.67293,51.4104,110.29425,27.5735625,0.290057405168966,0.340699017946596,64.96208,34.7691,380.24973,399.48189,346.5438,4,175.25633,Menos de 1M€,Menos de 1M€,-0.0481427581110123,Se mantiene,0.269626107911595,1.99425125527782,0.18234942946542,0.460897973550172,43.8140825,95.0624325,2024-12-31,2024,159.03593,64.19487,63.51611,70.23972,58.0493553719008,77.1218,79.81459,65.9624710743802,1.25662,0.76721,64.28332,67.54693,0.41824074404997,0.58175925595003,2.0621397581488,0.862470866783178,0.182008503457769,Menos de 1M€,Menos de 1M€,,Metal,8.692275,0.17084056838120568,0.8800360936515483
808,NEINOX EXPORT SL.,B42517110,IBI,2512,Metal,Industria,Fabricación de carpintería metálica,2017-06-29,2017,8,Menor de 10 años,Sin marca,No,Sin auditor,No,0.0,No Grupo Corporativo,0,No participadas,,No consejo,No realiza actividad exterior,,,,,313.79156,215.0271,106.69702,35.5656733333333,0.281281372349775,0.370809399717443,116.35686,1.055,379.32487,348.79657,186.81172,3,223.05388,Menos de 1M€,Menos de 1M€,0.0875246565641399,Crece,0.685254568351042,1.20884344371786,0.00336210444920826,0.588028620427656,74.3512933333333,126.441623333333,2024-12-31,2024,144.48189,116.24048,88.85194,40.79598,33.7156859504132,2.44,14.6398,12.0990082644628,0.0,0.11638,88.96832,28.59618,0.38089221516111,0.61910778483889,59.2138893442623,22.5541094806409,0.0634197216911995,Menos de 1M€,Menos de 1M€,,Metal,0.3516666666666666,0.3067472480778811,2.7866487247093548
809,ECOPLAST MATRICERIA SL,B53092383,ONIL,2229,Plástico,Industria,Fabricación de otros productos de plástico,1996-02-08,1996,29,Entre 25 y 50 años,Sin marca,No,Sin auditor,No,3.0,Grupo Corporativo,1,Participadas,,No consejo,No realiza actividad exterior,,,,,874.56168,408.54945,241.1882,34.4554571428571,0.637784560167459,0.053613508426301,46.88832,685.7777,378.16563,394.26532,514.48392,7,288.15229,Menos de 1M€,Menos de 1M€,-0.0408346592594042,Se mantiene,0.467147668761339,0.432405899604474,0.784138747080709,0.761973767949245,41.1646128571429,54.0236614285714,2024-12-31,2024,42.05438,20.39022,1.216959,84.18086,69.570958677686,101.10692,28.64022,23.6696033057851,0.0,26.4981,27.715059,156.64756,0.111206245792353,0.888793754207647,0.415939680488734,0.0462550903432229,0.388740445216824,Menos de 1M€,Menos de 1M€,,Plástico,97.96824285714285,0.12398884583985065,2.939253259926081
810,BRILLONTEX SL,B97955710,AGULLENT,1392,Textil,Industria,"Fabricación de artículos confeccionados con textiles, excepto prendas de vestir",2007-10-15,2007,18,Entre 10 y 25 años,Sin marca,No,Sin auditor,No,0.0,No Grupo Corporativo,0,No participadas,,No consejo,No realiza actividad exterior,,,,,230.58118,164.93684,32.53941,32.53941,0.0861828507478511,0.024632322551216,5.67975,64.9657,377.56247,337.55086,319.47197,1,38.219159,Menos de 1M€,Menos de 1M€,0.11853505572464,Crece,0.715309202598408,1.63743836335645,0.281747625716895,0.101226054061994,38.219159,377.56247,2023-12-31,2023,294.66909,-5.10118,-5.20892,58.04544,47.9714380165289,68.22072,53.09424,43.8795371900826,0.0,10.78093,5.57201,73.17192,0.780451219105543,0.21954878089445695,4.31934887230742,3.37104109313448,0.191524917257921,Menos de 1M€,Menos de 1M€,La Vall d'Albaida,Textil,64.9657,0.015043205962711283,1.0932530534385656
811,METALES CLOVAN S.L.,B53258422,MURO DE ALCOY,2599,Metal,Industria,Fabricación de otros productos metálicos n.c.o.p.,1998-02-25,1998,27,Entre 25 y 50 años,Sin marca,No,Sin auditor,No,2.0,Grupo Corporativo,0,No participadas,,No consejo,Importador,39.0,107.5576671,0.0,0.0,373.11053,237.37475,72.2869,36.14345,0.193043342505756,0.0620804242646274,23.16286,20.36727,374.45943,360.72683,361.45263,2,98.67054,Menos de 1M€,Menos de 1M€,0.0380692503521294,Se mantiene,0.63620490689448,1.00361528258128,0.0545877651858285,0.26350128236856,49.33527,187.229715,2024-12-31,2024,242.53274,18.80434,9.76229,150.10416,124.053024793388,150.2483,31.57123,26.0919256198347,74.46927,4.35852,14.12081,268.78123,0.647687628002852,0.35231237199714804,1.61421287295763,1.0455057067776,0.66284723868098,Menos de 1M€,Menos de 1M€,El comtat,Metal,10.183635,0.06185679447303543,4.7544603108589545
812,TEJIDOS VALE SL,B96366877,EL PALOMAR,1399,Textil,Industria,Fabricación de otros productos textiles n.c.o.p.,1995-01-02,1995,30,Entre 25 y 50 años,Sin marca,No,Sin auditor,No,2.0,Grupo Corporativo,0,No participadas,,No consejo,No realiza actividad exterior,,,,,467.56064,63.9102,114.78237,22.956474,0.308826782989199,0.0597946824608675,27.95764,162.45869,371.67233,353.57688,330.39249,5,142.74001,Menos de 1M€,Menos de 1M€,0.0511782614293106,Crece,0.136688580116581,0.794917916957253,0.347460149767953,0.384047986569245,28.548002,74.334466,2024-12-31,2024,166.94062,19.59098,15.04456,75.14019,62.0993305785124,118.84514,50.35858,41.6186611570248,0.0,8.36666,23.41122,143.62675,0.449160743281589,0.550839256718411,1.40469033904121,0.630931756764217,0.374861936645883,Menos de 1M€,Menos de 1M€,,Textil,32.491738,0.0752212035800459,1.49210303388221
814,WORK GROUP DDG SL.,B02654879,CASTALLA,2599,Metal,Industria,Fabricación de otros productos metálicos n.c.o.p.,2020-10-08,2020,5,Menor de 10 años,Sin marca,No,Sin auditor,No,0.0,No Grupo Corporativo,0,No participadas,,No consejo,No realiza actividad exterior,,,,,110.1315,89.59302,300.23588,27.2941709090909,0.812650080048106,-0.00900332783990048,-0.99155,22.00238,369.45284,426.8327,509.42013,11,299.24433,Menos de 1M€,Menos de 1M€,-0.134431734026001,Decrece,0.813509486386728,3.35465184801805,0.199782805101174,0.809966246300881,27.20403,33.5866218181818,2024-12-31,2024,33.03532,-5.72181,-5.72181,6.18046,5.10781818181818,0.01487,13.32621,11.0133966942149,0.06566,4.73026,-0.99155,-7.130879,0.0894168792964212,0.9105831207035788,2221.60860793544,198.649308739654,-0.015944412586994,Menos de 1M€,Menos de 1M€,,Metal,2.0002163636363637,-0.0026838337472246798,0.46378227568078123
815,DUKA BAG SL.,B10616555,L'OLLERIA,2229,Plástico,Industria,Fabricación de otros productos de plástico,2022-04-29,2022,3,Menor de 10 años,DUKA,Sí,Sin auditor,No,0.0,No Grupo Corporativo,0,No participadas,,No consejo,No realiza actividad exterior,,,,,352.34295,-113.6915,196.54175,32.7569583333333,0.535273177940634,-0.20633275052048,-72.69989,69.83917,367.18027,166.12026,,6,123.84186,Menos de 1M€,Menos de 1M€,1.21032804788531,Crece,-0.322672839062056,1.04211044949246,0.198213615456191,0.337278089587984,20.64031,61.1967116666667,2023-12-31,2023,131.26088,-77.8531,-96.73444,109.58085,90.5626859504132,52.0013,0.0,0.0,5.63707,5.15321,-91.58123,161.58215,0.35748347807468,0.6425165219253199,2.524184587693,0.902354285710995,0.388267011052672,Menos de 1M€,Menos de 1M€,,Plástico,11.639861666666667,-0.1979950883526503,
816,JUGUETES DYAL SL,B53274098,TIBI,3240,Juguete,Industria,Fabricación de juegos y juguetes,1998-03-27,1998,27,Entre 25 y 50 años,Sin marca,No,Sin auditor,No,0.0,No Grupo Corporativo,0,No participadas,,No consejo,No realiza actividad exterior,,,,,194.89349,152.99725,98.01918,49.00959,0.267312006118393,0.0139989796478066,2.72831,8.43363,366.68454,415.00592,707.47421,2,100.747489,Menos de 1M€,Menos de 1M€,-0.116435399282979,Decrece,0.785030069501039,1.88146120221871,0.043273020561128,0.274752486156084,50.3737445,183.34227,2024-12-31,2024,230.48311,1.40329,0.78023,59.32984,49.0329256198347,35.9074,0.0,0.0,0.0,1.32502,2.10525,95.237239,0.628559660573636,0.371440339426364,6.41881924060222,4.03461084315646,0.23164414190965,Menos de 1M€,Menos de 1M€,,Juguete,4.216815,0.007440482764831045,
817,INNOVACIONES FERRE 2016 SL.,B98818982,BOCAIRENT,1071,Alimentación,Industria,Fabricación de pan y de productos frescos de panadería y pastelería,2016-04-08,2016,9,Menor de 10 años,NINUC,Sí,Sin auditor,No,0.0,No Grupo Corporativo,0,No participadas,,No consejo,No realiza actividad exterior,,,,,161.3769,57.93779,121.11095,40.3703166666667,0.331680294363062,0.0952887928817569,15.37741,17.76562,365.14364,331.742779,284.15696,3,136.48836,Menos de 1M€,Menos de 1M€,0.100683008385843,Crece,0.359021582395002,2.26267600877201,0.110087751096966,0.373793611741396,45.49612,121.714546666667,2024-12-31,2024,157.01268,8.08504,2.88004,6.70215,5.53896694214876,124.96915,8.19586,6.77343801652893,31.28513,7.29237,10.17241,123.475439,0.430002505315442,0.5699974946845581,1.25641152236372,0.540260102323588,0.338865765060621,Menos de 1M€,Menos de 1M€,,Alimentación,5.921873333333333,0.04211331737833363,0.8177482289839011
819,TECNOLOGIA APLICADA A LA MAQUINARIA SL,B96103452,ONTINYENT,2511,Metal,Industria,Fabricación de estructuras metálicas y sus componentes,1992-09-25,1992,33,Entre 25 y 50 años,TM S.L. TECNOLOGIA APLICADA A LA MAQUINARIA,Sí,Sin auditor,No,0.0,No Grupo Corporativo,0,No participadas,,No consejo,No realiza actividad exterior,,,,,1664.06557,902.15958,27.27236,27.27236,0.0750516023177617,0.123966010546087,206.28757,1547.19529,363.381449,429.114089,1275.50075,1,236.39633,Menos de 1M€,Menos de 1M€,-0.153182199524565,Decrece,0.542141846009109,0.218369669772087,0.929768224217271,0.650545950131868,236.39633,363.381449,2024-12-31,2024,116.84229,80.75283,44.84822,55.45178,45.8279173553719,35.61186,11.57463,9.56580991735537,63.97558,125.53474,170.38296,79.48901,0.32154170313741,0.6784582968625901,3.28099374758858,1.05497631758283,0.197792065708936,Menos de 1M€,Menos de 1M€,La Vall d'Albaida,Metal,1547.19529,0.5676887759892223,4.790803680117637
822,BERSIL INYECCION Y SOPLADO SL,B54079413,TIBI,2229,Plástico,Industria,Fabricación de otros productos de plástico,2005-12-22,2005,20,Entre 10 y 25 años,Sin marca,No,Sin auditor,No,0.0,No Grupo Corporativo,0,No participadas,,No consejo,No realiza actividad exterior,,,,,309.92027,72.47176,120.94883,30.2372075,0.33732242222098,0.125674129026798,38.94896,168.95533,358.55556,346.7341,343.91163,4,159.89779,Menos de 1M€,Menos de 1M€,0.0340937334978013,Se mantiene,0.233840013110469,1.15692839322836,0.545157404515684,0.445949827134182,39.9744475,89.63889,2024-12-31,2024,125.25932,19.6613,9.418949,69.97235,57.8283884297521,27.84452,21.71714,17.9480495867769,32.04739,19.28766,28.70661,76.09973,0.349344241098925,0.6506557589010751,4.49852681963992,1.57153443787027,0.188882467316851,Menos de 1M€,Menos de 1M€,,Plástico,42.2388325,0.10862740491320229,3.221987333507077
823,MITE PRECINTOS IMPRESOS SL,B54411996,BANYERES DE MARIOLA,1729,Papel y cartón,Industria,Fabricación de otros artículos de papel y cartón,2009-03-18,2009,16,Entre 10 y 25 años,Sin marca,No,Sin auditor,No,0.0,No Grupo Corporativo,0,No participadas,,No consejo,No realiza actividad exterior,,,,,261.31673,157.00449,64.16031,32.080155,0.179857140410309,0.075979750703294,19.85478,45.56173,356.72929,399.70089,487.30685,2,84.01509,Menos de 1M€,Menos de 1M€,-0.107509392836228,Decrece,0.600820659281937,1.36512227900602,0.174354431880423,0.235514975515467,42.007545,178.364645,2024-12-31,2024,203.52006,17.13959,13.19748,147.34134,121.769702479339,22.26228,39.05046,32.2731074380165,49.53468,2.71519,15.91267,130.55316,0.570516819630931,0.42948318036906896,9.14192346875522,5.2156211027036,0.31328763343577,Menos de 1M€,Menos de 1M€,L'Alcoià,Papel y cartón,22.780865,0.05565783510515776,3.7731012643641155
824,BRODAT-D'OR SL,B98145592,ALBAIDA,1320,Textil,Industria,Fabricación de tejidos textiles,2009-04-30,2009,16,Entre 10 y 25 años,U&P UNIC&PERSONAL,Sí,Sin auditor,No,0.0,No Grupo Corporativo,0,No participadas,,No consejo,No realiza actividad exterior,,,,,126.17641,62.06813,239.81375,19.9844791666667,0.673332396861597,-0.0585037250623948,-7.38179,8.71654,356.15953,372.13578,298.82819,12,232.43196,Menos de 1M€,Menos de 1M€,-0.042931238700025,Se mantiene,0.491915485628415,2.82271091719918,0.0690821683704585,0.652606319420963,19.36933,29.6799608333333,2024-12-31,2024,84.42181,-8.81942,-7.73882,61.73693,51.0222561983471,52.37069,6.11022,5.04976859504132,0.0,1.43763,-6.30119,107.9974,0.237033696669579,0.762966303330421,1.61200492107322,0.382099485491539,0.276121146058638,Menos de 1M€,Menos de 1M€,La Vall d'Albaida,Textil,0.7263783333333333,-0.020726077440634535,10.103880056691906
825,BENALCO SL,B03313426,ALCOCER DE PLANES,1392,Textil,Industria,"Fabricación de artículos confeccionados con textiles, excepto prendas de vestir",1988-01-11,1988,37,Entre 25 y 50 años,Sin marca,No,Sin auditor,No,0.0,No Grupo Corporativo,0,No participadas,,No consejo,No realiza actividad exterior,,,,,259.19858,100.48759,246.55325,24.655325,0.692802223996487,0.136191371110135,35.30061,115.66464,355.87826,366.9462,334.21967,10,281.71854,Menos de 1M€,Menos de 1M€,-0.0301622962712244,Se mantiene,0.387685727290636,1.37299463600456,0.44623948171321,0.79161491910183,28.171854,35.587826,2024-12-31,2024,7.02273,31.54157,18.39479,16.77841,13.8664545454545,6.05205,1.87531,1.54984297520661,0.0,3.75904,22.15383,20.955149,0.019733517860855,0.980266482139145,1.16038862864649,0.0228985497289286,0.051615014556517,Menos de 1M€,Menos de 1M€,,Textil,11.566464,0.0991929374949737,8.947006094992274
826,CANALVAL L'OLLERIA SL.,B98561772,L'OLLERIA,2512,Metal,Industria,Fabricación de carpintería metálica,2013-08-02,2013,12,Entre 10 y 25 años,Sin marca,No,Sin auditor,No,0.0,No Grupo Corporativo,0,No participadas,,No consejo,No realiza actividad exterior,,,,,128.42774,33.38005,194.57297,32.4288283333333,0.552510200070837,0.12174495946125,15.63543,25.01557,352.16177,408.38716,352.28944,6,210.2084,Menos de 1M€,Menos de 1M€,-0.137676684056374,Decrece,0.259913084198165,2.74210049947153,0.194783229853613,0.596908630939696,35.0347333333333,58.6936283333333,2024-12-31,2024,93.37491,6.58181,4.68891,66.027429,54.5681231404959,10.36742,49.62373,41.011347107438,3.52934,9.05362,13.74253,26.771119,0.265147775694108,0.7348522243058919,9.00657154817689,2.38807241262894,0.067935244740103,Menos de 1M€,Menos de 1M€,,Metal,4.169261666666666,0.04439843086885893,1.3305615881756585
827,TRIUMFILIPPOV INSTALACION SL.,B88482278,ONTINYENT,2511,Metal,Industria,Fabricación de estructuras metálicas y sus componentes,2019-09-25,2019,6,Menor de 10 años,Sin marca,No,Sin auditor,No,2.0,Grupo Corporativo,0,No participadas,,No consejo,No realiza actividad exterior,,,,,141.59134,58.2664,201.0111,40.20222,0.577188512653269,0.437662147981649,61.96917,41.67485,348.25901,287.11239,300.99357,5,262.98027,Menos de 1M€,Menos de 1M€,0.212971025040055,Crece,0.411511042977628,2.4596067104104,0.294331913237067,0.755128402851659,52.596054,69.651802,2024-12-31,2024,21.76757,53.26934,37.81583,63.8113,52.7366115702479,,2.57591,2.12885123966942,0.14293,8.69983,46.51566,61.23539,0.0625039679518988,0.9374960320481012,,,,Menos de 1M€,Menos de 1M€,La Vall d'Albaida,Metal,8.33497,0.17793989019839,24.772332884301086
828,PASTISSERIA MERCEDES SL,B53573556,CASTALLA,1071,Alimentación,Industria,Fabricación de pan y de productos frescos de panadería y pastelería,2001-06-28,2001,24,Entre 10 y 25 años,Sin marca,No,Sin auditor,No,0.0,No Grupo Corporativo,0,No participadas,,No consejo,No realiza actividad exterior,,,,,135.34318,74.43225,199.14345,28.4490642857143,0.572719936002805,0.108871019581482,14.73495,80.57059,347.71524,296.96355,280.23779,7,213.8784,Menos de 1M€,Menos de 1M€,0.170902085457963,Crece,0.549951981326285,2.5691375065962,0.59530587355787,0.615096422003246,30.5540571428571,49.6736057142857,2024-12-31,2024,104.24363,4.39444,2.37767,12.17499,10.0619752066116,20.50145,11.62595,9.60822314049587,0.0,10.34051,12.71818,21.05049,0.299795976730844,0.700204023269156,5.08469547275924,1.52437124563476,0.0602654116227857,Menos de 1M€,Menos de 1M€,,Alimentación,11.510084285714285,0.04237648600044105,1.0472253880328086
829,MOLDES GARCIA UCLES SL.,B54978812,IBI,2410,Metal,Industria,"Fabricación de productos básicos de hierro, acero y ferroaleaciones",2017-01-03,2017,8,Menor de 10 años,Sin marca,No,Sin auditor,No,0.0,No Grupo Corporativo,0,No participadas,,No consejo,No realiza actividad exterior,,,,,244.19028,140.86034,128.39487,32.0987175,0.369688921408481,0.314158081967882,76.71435,178.50785,347.30516,313.587899,345.70391,4,205.10922,Menos de 1M€,Menos de 1M€,0.107520925097942,Crece,0.576846629603766,1.42227266376041,0.731019473829998,0.59057348874402,51.277305,86.82629,2024-12-31,2024,105.68232,28.8715,20.16055,22.93839,18.957347107438,19.8951,6.12096,5.05864462809917,24.09515,47.84285,68.0034,36.71253,0.304292398074362,0.6957076019256381,5.3119773210489,1.6163943175386,0.0973029092897406,Menos de 1M€,Menos de 1M€,,Metal,44.6269625,0.22088456733553857,3.7475150956712664
830,OVERLOOK BUSINESS SL,B97154058,ONTINYENT,1413,Textil,Industria,Confección de otras prendas de vestir exteriores,2001-11-14,2001,24,Entre 10 y 25 años,Sin marca,No,Sin auditor,No,3.0,Grupo Corporativo,3,Participadas,,No consejo,Importador / Exportador,0.0,0.0,0.0,0.0,2072.1272,1317.62726,104.4694,52.2347,0.305533531525234,0.572324174886561,1185.92849,782.34681,341.9245,276.56589,646.47391,2,1291.53715,Menos de 1M€,Menos de 1M€,0.236322020766914,Crece,0.635881455539988,0.165011346793768,0.377557328526936,3.77725828362694,645.768575,170.96225,2024-12-31,2024,29.93803,1183.95682,887.08015,989.58808,817.841388429752,125.66383,7.6369,6.31148760330579,24.98159,1.97167,889.05182,1107.61501,0.0875574286136267,0.9124425713863733,0.238239038233993,0.0208595975831519,2.74093763630991,Menos de 1M€,Menos de 1M€,La Vall d'Albaida,Textil,391.173405,3.4683928469589045,129.5798137987926
831,ABELJOY SL,B53105623,ONIL,3299,Manufacturas,Industria,Otras industrias manufactureras n.c.o.p.,1996-04-11,1996,29,Entre 25 y 50 años,Sin marca,No,Sin auditor,No,0.0,No Grupo Corporativo,0,No participadas,,No consejo,No realiza actividad exterior,,,,,236.54117,209.65904,187.88765,26.8410928571429,0.549688687236654,-0.162961018582938,-38.54699,160.68544,341.80738,521.10638,676.78557,7,149.37851,Menos de 1M€,Menos de 1M€,-0.344073699500666,Decrece,0.88635327203294,1.44502278398302,0.679312780942108,0.437025408872096,21.3397871428571,48.8296257142857,2024-12-31,2024,95.32283,-71.15027,-57.11439,27.20347,22.4822066115702,3.9935,0.0,0.0,13.73257,32.60328,-24.51111,31.19697,0.278878794249557,0.721121205750443,23.8694954300739,6.6566961048843,0.0774579724158391,Menos de 1M€,Menos de 1M€,,Otros,22.955062857142856,-0.11277401324687605,
832,PANADERIA HEMA SL,B53419941,COCENTAINA,1071,Alimentación,Industria,Fabricación de pan y de productos frescos de panadería y pastelería,2000-01-01,2000,25,Mayor de 50 años,Sin marca,No,Sin auditor,No,0.0,No Grupo Corporativo,0,No participadas,,No consejo,No realiza actividad exterior,,,,,124.04714,98.56519,171.77247,21.47155875,0.505090424941164,0.0766885072884389,9.51299,20.29211,340.08261,294.54367,302.21554,8,181.28546,Menos de 1M€,Menos de 1M€,0.154608449062918,Crece,0.794578496529626,2.74155945876705,0.163583860135752,0.533063010778469,22.6606825,42.51032625,2024-12-31,2024,113.79238,4.62255,3.2526,31.89284,26.3577190082645,13.2,0.0,0.0,7.60852,4.89044,8.143039,45.09284,0.334602172101655,0.665397827898345,8.62063484848485,2.88448314519825,0.116317970531526,Menos de 1M€,Menos de 1M€,El comtat,Alimentación,2.53651375,0.027972585837305827,
834,INDUSTRIAS NON WOVEN TECNICAS SL,B96362025,ONTINYENT,1395,Textil,Industria,"Fabricación de telas no tejidas y artículos confeccionados con ellas, excepto prendas de vestir",1994-12-16,1994,31,Entre 25 y 50 años,JM DESIGN,Sí,Sin auditor,No,0.0,No Grupo Corporativo,0,No participadas,,No consejo,No realiza actividad exterior,,,,,3909.08875,2448.21295,68.97775,34.488875,0.203415648287177,0.0470577036655921,183.95274,3724.00374,339.09756,296.80293,281.47235,2,252.930919,Menos de 1M€,Menos de 1M€,0.142500715879051,Crece,0.626287379635471,0.0867459353538596,0.95265264570931,0.74589424648175,126.4654595,169.54878,2024-12-31,2024,25.63067,74.3071,34.71627,114.89775,94.9568181818182,,0.0,0.0,0.0,109.64564,144.36191,114.89775,0.0755849437548297,0.9244150562451703,,,,Menos de 1M€,Menos de 1M€,La Vall d'Albaida,Textil,1862.00187,0.5424773330719337,
835,JORGE BORONAT TEJADA SL,B96324132,BENISSODA,3291,Metal,Industria,"Fabricación de escobas, brochas y cepillos",1994-07-21,1994,31,Entre 25 y 50 años,Sin marca,No,Sin auditor,No,0.0,No Grupo Corporativo,0,No participadas,,No consejo,No realiza actividad exterior,,,,,182.68642,135.1953,94.75008,31.58336,0.279460535147449,0.0493401753671674,9.01378,18.58628,339.04637,404.23152,364.64311,3,103.763859,Menos de 1M€,Menos de 1M€,-0.161256969768216,Decrece,0.740040228496459,1.85589257263895,0.101738706139186,0.306046217218017,34.587953,113.015456666667,2024-12-31,2024,199.31339,1.84152,1.19436,31.669,26.1727272727273,40.0253,33.54494,27.7230909090909,0.0,7.17226,8.36662,38.14936,0.587864692372315,0.412135307627685,4.97968509917477,2.92738104893738,0.113479865198487,Menos de 1M€,Menos de 1M€,,Metal,6.195426666666666,0.026585685020016583,0.9440768115846994
836,CORCHO MANIPULADO SOCIEDAD LIMITADA.,B96352869,L'OLLERIA,1629,Madera,Industria,"Fabricación de otros productos de madera; artículos de corcho, cestería y espartería",1994-10-31,1994,31,Entre 25 y 50 años,Sin marca,No,Sin auditor,No,0.0,No Grupo Corporativo,0,No participadas,,No consejo,Importador / Exportador,100.0,255.90628,0.0,0.0,178.51494,145.66781,79.80112,79.80112,0.235589992017804,0.0169253060836253,3.02142,0.4459,338.72882,425.31948,466.62158,1,82.82254,Menos de 1M€,Menos de 1M€,-0.203589687450949,Decrece,0.815997865500781,1.89748163375009,0.00249783015359947,0.24450987075738,82.82254,338.72882,2024-12-31,2024,213.02556,1.10786,0.85305,71.61346,59.1846776859504,64.02276,4.64735,3.84078512396694,0.07892,1.91356,2.766609,130.98887,0.628897062848092,0.371102937151908,3.32734108932511,2.09255503817033,0.352395915298803,Menos de 1M€,Menos de 1M€,,Madera,0.4459,0.008919878739576987,15.409525858822773
837,GUIBESOL SL,B03507084,COCENTAINA,1396,Textil,Industria,Fabricación de otros productos textiles de uso técnico e industrial,1990-07-11,1990,35,Entre 25 y 50 años,Sin marca,No,Sin auditor,No,0.0,No Grupo Corporativo,0,No participadas,,No consejo,No realiza actividad exterior,,,,,241.90599,171.9664,130.66725,21.777875,0.38799903554956,-0.0030690434742852,-0.74242,9.06477,336.7721,292.85537,371.86984,6,129.92483,Menos de 1M€,Menos de 1M€,0.14996047366316,Crece,0.710881115428353,1.39216106223744,0.0374722841712187,0.385794518013814,21.6541383333333,56.1286833333333,2024-12-31,2024,176.89803,-0.74242,-0.69217,65.12441,53.821826446281,60.053,46.68802,38.5851404958678,0.0,,,78.48939,0.525275193521078,0.474724806478922,2.94569846635472,1.54730233196922,0.223562717785747,Menos de 1M€,Menos de 1M€,El comtat,Textil,1.5107949999999999,-0.0022045175357459836,1.3948848119924546
838,VABERTEX ENCONADOS SL.,B06914022,BANYERES DE MARIOLA,1310,Textil,Industria,Preparación e hilado de fibras textiles,2021-06-14,2021,4,Menor de 10 años,Sin marca,No,Sin auditor,No,0.0,No Grupo Corporativo,0,No participadas,,No consejo,No realiza actividad exterior,,,,,297.23134,119.8963,104.23766,52.11883,0.310747795404472,0.122240104290483,36.33359,94.62451,335.44135,305.23971,342.97307,2,140.57125,Menos de 1M€,Menos de 1M€,0.0989440069904404,Crece,0.403377046310123,1.12855309941408,0.318353071382042,0.419063571023668,70.285625,167.720675,2024-12-31,2024,111.78055,23.92189,17.94757,37.34041,30.8598429752066,10.0753,16.0733,13.2837190082645,0.0,12.4117,30.35927,31.34241,0.333234259878813,0.6667657401211871,11.09451331474,3.69707193315303,0.0824329617292029,Menos de 1M€,Menos de 1M€,L'Alcoià,Textil,47.312255,0.10831577561919543,2.3231327729837608
839,MANUFACTURAS Y TRANSFORMADOS LUZ SL.,B54620968,TIBI,2229,Plástico,Industria,Fabricación de otros productos de plástico,2012-03-08,2012,13,Entre 10 y 25 años,Sin marca,No,Sin auditor,No,2.0,Grupo Corporativo,0,No participadas,,No consejo,No realiza actividad exterior,,,,,496.96415,195.39853,156.45061,22.3500871428571,0.467680112116042,0.0723791243291895,35.96983,401.2099,334.52483,342.04662,220.49849,7,193.368109,Menos de 1M€,Menos de 1M€,-0.0219905403538266,Se mantiene,0.393184357463209,0.673136744370796,0.807321614647656,0.578038135465161,27.6240155714286,47.7892614285714,2024-12-31,2024,66.96538,18.39309,8.51338,27.0015,22.3152892561983,52.27197,8.09846,6.69294214876033,41.69438,17.57674,26.09012,71.17501,0.200180596459761,0.7998194035402391,1.28109539395588,0.25645044008394,0.202957481833077,Menos de 1M€,Menos de 1M€,,Plástico,57.3157,0.10752514245355121,3.3341524191018967
840,CONFECCIONES TEXGO BENIGANIM SL,B96474978,BENIGANIM,1419,Textil,Industria,Confección de otras prendas de vestir y accesorios,1995-10-05,1995,30,Entre 25 y 50 años,Sin marca,No,Sin auditor,No,2.0,Grupo Corporativo,0,No participadas,,No consejo,No realiza actividad exterior,,,,,188.51643,113.13664,256.29086,21.3575716666667,0.769297539961075,0.105411926164738,19.87188,77.94597,333.1492,281.55591,281.22115,12,276.16274,Menos de 1M€,Menos de 1M€,0.183243498600331,Crece,0.600142067192764,1.76721572756284,0.413470433319791,0.828946129842125,23.0135616666667,27.7624333333333,2024-12-31,2024,4.48777,11.77252,7.74991,60.40717,49.9232809917355,17.44,0.22782,0.188280991735537,20.63363,8.09936,15.84927,77.619349,0.0134707512429866,0.9865292487570134,0.25732626146789,0.00346637805652168,0.201636383938488,Menos de 1M€,Menos de 1M€,,Textil,6.4954975,0.05964858988105029,265.1530594328857
841,BOHIMATEC 2014 SL.,B54834403,MONTAVERNER,1310,Textil,Industria,Preparación e hilado de fibras textiles,2015-01-01,2015,10,Mayor de 50 años,Sin marca,No,Sin auditor,No,2.0,Grupo Corporativo,0,No participadas,,No consejo,No realiza actividad exterior,,,,,190.67473,59.79558,176.42367,25.2033814285714,0.532586124285784,0.39279247438819,74.895599,98.54694,331.25848,317.31037,285.57391,7,251.31927,Menos de 1M€,Menos de 1M€,0.0439573090535934,Se mantiene,0.313599919611791,1.73729617972974,0.516832723455279,0.758680260804191,35.9027528571429,47.32264,2024-12-31,2024,3.09787,67.017149,47.23635,75.22779,62.1717272727273,,0.0,0.0,43.41964,7.87845,55.1148,75.22779,0.00935182097074164,0.9906481790292584,,,,Menos de 1M€,Menos de 1M€,,Textil,14.078134285714286,0.22609413349961638,
842,CERDA TEXTIL SL.,B54659578,BANYERES DE MARIOLA,1310,Textil,Industria,Preparación e hilado de fibras textiles,2012-09-27,2012,13,Entre 10 y 25 años,Sin marca,No,Sin auditor,No,2.0,Grupo Corporativo,0,No participadas,,No consejo,No realiza actividad exterior,,,,,693.01635,304.1203,82.38241,20.5956025,0.250819195430998,0.0178294350486825,12.35609,100.42053,328.45337,331.291,386.77084,4,95.01956,Menos de 1M€,Menos de 1M€,-0.00856537002212554,Se mantiene,0.438835678263579,0.473947504990322,0.144903550976828,0.289293911035226,23.75489,82.1133425,2024-12-31,2024,198.26362,12.35609,7.11996,80.3132,66.3745454545455,483.852,24.25276,20.0436033057851,86.15143,,,539.91244,0.603627906146921,0.39637209385307903,0.409760877293057,0.247343100381333,1.61418024771297,Menos de 1M€,Menos de 1M€,L'Alcoià,Textil,25.1051325,0.03761900814109473,3.3115076387182385
843,CONFECCIONES BERGIS SL,B53007001,CASTALLA,1413,Textil,Industria,Confección de otras prendas de vestir exteriores,1995-02-09,1995,30,Entre 25 y 50 años,Sin marca,No,Sin auditor,No,0.0,No Grupo Corporativo,0,No participadas,,No consejo,No realiza actividad exterior,,,,,165.06081,84.06546,280.90463,31.2116255555556,0.864068939076177,0.0478606642000606,7.89992,13.14924,325.09516,314.40327,275.53795,9,288.80455,Menos de 1M€,Menos de 1M€,0.034006930016981,Se mantiene,0.509299936187154,1.96954782906978,0.0796630041982709,0.888369270093101,32.0893944444444,36.1216844444444,2023-12-31,2023,4.76774,4.77675,3.6551,28.53284,23.5808595041322,3.48636,0.03687,0.0304710743801653,0.15142,3.12317,6.77827,31.98233,0.0146656751210938,0.9853343248789062,1.3675409309423,0.0200559110079979,0.0831656442678263,Menos de 1M€,Menos de 1M€,,Textil,1.4610266666666667,0.024300331016924397,773.8768646596136
844,SUCH IMPRESORES SL,B96720354,L'OLLERIA,1812,Artes gráficas,Industria,Otras actividades de impresión y artes gráficas,1998-01-16,1998,27,Entre 25 y 50 años,Sin marca,No,Sin auditor,No,2.0,Grupo Corporativo,0,No participadas,,No consejo,No realiza actividad exterior,,,,,256.04145,78.39503,85.81295,85.81295,0.264312364400575,0.131708010558447,33.72271,73.78476,324.66491,347.828959,309.435459,1,119.66015,Menos de 1M€,Menos de 1M€,-0.0665960909827522,Decrece,0.306181010926161,1.26801699490454,0.288175059155461,0.36856508453593,119.66015,324.66491,2024-12-31,2024,177.8857,23.76537,14.89885,34.82951,28.7847190082645,51.26664,27.65578,22.8560165289256,8.9306,9.95734,24.85619,58.440369,0.547905531275308,0.45209446872469194,3.46981389847277,1.90113022746917,0.176167305790265,Menos de 1M€,Menos de 1M€,,Otros,73.78476,0.10386927863562465,1.2593935155689
845,TALLERES SATORRE SL,B03872207,MURO DE ALCOY,2894,Textil,Industria,"Fabricación de maquinaria para las industrias textil, de la confección y del cuero",1993-08-15,1993,32,Entre 25 y 50 años,Sin marca,No,Sin auditor,No,0.0,No Grupo Corporativo,0,No participadas,,No consejo,No realiza actividad exterior,,,,,332.22389,145.81733,138.13605,27.62721,0.428199248847481,0.126166694393952,41.91559,95.35674,322.5976,255.09066,236.45954,5,180.051639,Menos de 1M€,Menos de 1M€,0.264639011087274,Crece,0.43891283676198,0.971024690608493,0.28702553570124,0.558130745548014,36.0103278,64.51952,2023-12-31,2023,100.16783,36.69368,25.580929,115.98667,95.8567520661157,3.54286,55.84502,46.1529090909091,0.0,5.22191,30.802839,63.68451,0.310503952912235,0.689496047087765,28.2731550216492,8.77892639552247,0.165056103874321,Menos de 1M€,Menos de 1M€,El comtat,Textil,19.071348,0.1299314998003705,2.0769384629103897
846,DURA CARTONAJES FOTOGRAFICOS SL,B53474987,CASTALLA,1712,Papel y Cartón,Industria,Fabricación de papel y cartón,2000-07-01,2000,25,Mayor de 50 años,Sin marca,No,Sin auditor,No,0.0,No Grupo Corporativo,0,No participadas,,No consejo,No realiza actividad exterior,,,,,245.76956,208.74181,146.87486,29.374972,0.456115810018508,-0.0111893433832896,-2.75,33.96426,322.01221,312.388149,323.90739,5,144.19175,Menos de 1M€,Menos de 1M€,0.0308080221058578,Se mantiene,0.849339560196145,1.31022006956435,0.138195551963392,0.447783486222464,28.83835,64.402442,2023-12-31,2023,109.46279,-7.77388,-9.04598,31.92339,26.3829669421488,82.06421,15.28229,12.6299917355372,0.0,5.02388,-4.022099,98.70531,0.339933662763906,0.660066337236094,1.33386758978122,0.453426495436393,0.2975576149942,Menos de 1M€,Menos de 1M€,,Papel y cartón,6.792852000000001,-0.00854004883852075,2.088914030554323
847,JOLUCA AUXILIARES DE LA MUÑECA SL.,B42563502,ONIL,3240,Juguete,Industria,Fabricación de juegos y juguetes,2018-03-06,2018,7,Menor de 10 años,Sin marca,No,Sin auditor,No,0.0,No Grupo Corporativo,0,No participadas,,No consejo,No realiza actividad exterior,,,,,161.06736,46.39563,161.50816,26.9180266666667,0.501684986199856,0.116187786277741,18.71406,2.0,321.93142,254.10761,242.22981,6,180.22222,Menos de 1M€,Menos de 1M€,0.266909794633856,Crece,0.288051098621099,1.99873779516843,0.0124171650916734,0.559815565687872,30.0370366666667,53.6552366666667,2024-12-31,2024,93.84861,18.71406,8.62146,20.48847,16.9326198347107,54.95025,21.16924,17.4952396694215,49.62012,,,54.269479,0.29151739833285,0.7084826016671499,1.70788322164139,0.497877673429225,0.168941665169834,Menos de 1M€,Menos de 1M€,,Juguete,0.3333333333333333,0.05813057948801642,0.9678415474528104
848,CERAMICAS HNOS FENOLLAR PLA SL,B96668330,RAFOL DE SALEM,2332,Construcción,Industria,"Fabricación de ladrillos, tejas y productos de tierras cocidas para la construcción",1997-07-11,1997,28,Entre 25 y 50 años,Sin marca,No,Sin auditor,No,0.0,No Grupo Corporativo,0,No participadas,,No consejo,No realiza actividad exterior,,,,,346.36732,294.74073,204.97693,40.995386,0.636737772497747,0.134951155322621,46.74267,49.85704,321.91734,357.744,353.61678,5,251.7196,Menos de 1M€,Menos de 1M€,-0.100146082114585,Decrece,0.850948438207161,0.929410257295636,0.143942679118804,0.781938618155828,50.34392,64.383468,2024-12-31,2024,62.74495,36.0201,28.56394,56.76707,46.9149338842975,80.3591,9.82645,8.12103305785124,0.0,10.72257,39.286509,127.29972,0.194910128171412,0.8050898718285879,0.780807027455509,0.152187197798492,0.370135391981203,Menos de 1M€,Menos de 1M€,,Otros,9.971408,0.14520084565808103,5.776966249255831
849,LAPEÑA Y VALERO SL,B03738259,IBI,1071,Alimentación,Industria,Fabricación de pan y de productos frescos de panadería y pastelería,1992-01-01,1992,33,Entre 25 y 50 años,Sin marca,No,Sin auditor,No,0.0,No Grupo Corporativo,0,No participadas,,No consejo,No realiza actividad exterior,,,,,109.65063,93.22911,115.95662,23.191324,0.363144051036317,-0.0445036202710372,-4.87985,8.78962,319.31301,293.54328,307.24211,5,111.07677,Menos de 1M€,Menos de 1M€,0.0877885196349923,Crece,0.850237796171349,2.91209462271215,0.0801602325495075,0.347861710990103,22.215354,63.862602,2024-12-31,2024,161.80575,-6.17959,-4.23565,27.53395,22.7553305785124,30.712,6.58639,5.44329752066116,0.0,1.29974,-2.93591,51.65956,0.506730840688264,0.493269159311736,5.26848625944256,2.6697044714019,0.150397984278346,Menos de 1M€,Menos de 1M€,,Alimentación,1.7579239999999998,-0.015282340046213589,4.180431161835237
850,TALLERES RAYPI SL,B03960036,IBI,2573,Maquinaria,Industria,Fabricación de herramientas,1994-08-09,1994,31,Entre 25 y 50 años,Sin marca,No,Sin auditor,No,0.0,No Grupo Corporativo,0,No participadas,,No consejo,No realiza actividad exterior,,,,,488.65309,308.00023,144.90242,28.980484,0.454472196755512,-0.00935583974307827,-4.57176,185.38558,318.83671,363.44434,387.51612,5,138.07968,Menos de 1M€,Menos de 1M€,-0.122735794977575,Decrece,0.630304476331051,0.65248069954904,0.379380758648226,0.433073343405156,27.615936,63.767342,2023-12-31,2023,138.42278,-14.57911,-16.83009,62.91271,51.9939752066116,52.23101,9.07898,7.50328925619835,25.88319,10.00735,-6.82274,106.06474,0.434149442829215,0.565850557170785,2.65020301158258,1.15058416086289,0.303358091828301,Menos de 1M€,Menos de 1M€,,Otros,37.077116000000004,-0.0143388758465109,6.929490978061414
851,CARPINTERIA METALICA ALU-VALL SL.,B98528169,ONTINYENT,2512,Metal,Industria,Fabricación de carpintería metálica,2013-03-28,2013,12,Entre 10 y 25 años,Sin marca,No,Sin auditor,No,0.0,No Grupo Corporativo,0,No participadas,,No consejo,No realiza actividad exterior,,,,,197.94723,88.95705,109.11319,27.2782975,0.342502103888954,0.0619876267023287,12.270279,3.35626,318.5767,371.00746,381.56366,4,121.4073,Menos de 1M€,Menos de 1M€,-0.141319961598616,Decrece,0.449397801626221,1.60940216238439,0.0169553269323344,0.381092842006336,30.351825,79.644175,2024-12-31,2024,161.84921,11.56424,11.58807,66.320009,54.8099247933884,4.4015,39.05213,32.2744876033058,0.0,0.70604,12.29411,31.669379,0.508038440978264,0.491961559021736,36.7713756673861,18.6812723666849,0.0845540090975977,Menos de 1M€,Menos de 1M€,La Vall d'Albaida,Metal,0.839065,0.03851593352558426,1.698243066383317
853,NOU PERFIL 21 ALUMINIS SL,B97809990,MONTAVERNER,2512,Metal,Industria,Fabricación de carpintería metálica,2006-10-31,2006,19,Entre 10 y 25 años,Sin marca,No,Sin auditor,No,0.0,No Grupo Corporativo,0,No participadas,,No consejo,No realiza actividad exterior,,,,,150.20648,42.47572,54.02444,27.01222,0.169796865433456,0.123696920399173,18.580079,38.33902,318.171009,213.783669,233.18519,2,72.60452,Menos de 1M€,Menos de 1M€,0.488284911978005,Crece,0.282782207531925,2.1182242537073,0.255242117384017,0.228193386406239,36.30226,159.0855045,2024-12-31,2024,229.47056,17.70496,13.57297,34.44376,28.4659173553719,4.3102,41.96456,34.6814545454545,0.0,0.87512,14.44809,-3.210599,0.721217689572716,0.27878231042728396,53.238958749014,38.396878824221,-0.00598840603382139,Menos de 1M€,Menos de 1M€,,Metal,19.16951,0.05839651782981899,0.8207821075688639
854,JUGUETES MAYBRO SL,B03837390,CASTALLA,3240,Juguete,Industria,Fabricación de juegos y juguetes,1993-02-23,1993,32,Entre 25 y 50 años,Sin marca,No,Sin auditor,No,0.0,No Grupo Corporativo,0,No participadas,,No consejo,No realiza actividad exterior,,,,,513.61899,296.56471,213.69022,26.7112775,0.672687786462189,-0.00560308138139518,-2.877849,170.30513,317.66627,443.52497,644.36352,8,211.82238,Menos de 1M€,Menos de 1M€,-0.283769141566032,Decrece,0.577402151738977,0.618486224584492,0.331578725311539,0.666807905038203,26.4777975,39.70828375,2024-12-31,2024,-17.1029,-41.20551,-38.15806,305.57013,252.537297520661,32.54652,0.0,0.0,92.29404,38.32766,0.1696,338.11665,-0.0538392067876769,1.053839206787677,-0.525490897337104,0.0282920130867742,0.897431815850834,Menos de 1M€,Menos de 1M€,,Juguete,21.28814125,-0.009059347094043066,
855,EQUIPOS DE RECICLADO BIOLOGICO SL,B54508924,COCENTAINA,2829,Maquinaria,Industria,Fabricación de otra maquinaria de uso general n.c.o.p.,2010-07-23,2010,15,Entre 10 y 25 años,COMTEM,Sí,Sin auditor,No,5.0,Grupo Corporativo,2,Participadas,,No consejo,Exportador,0.0,0.0,0.0,0.0,1437.71805,455.08664,123.65517,30.9137925,0.390714095341944,0.058163351291305,83.6225,169.67721,316.48505,557.76776,744.07348,4,199.02767,Menos de 1M€,Menos de 1M€,-0.4325863330645,Decrece,0.31653399635624,0.220130122175207,0.118018418145338,0.628869104559599,49.7569175,79.1212625,2022-12-31,2022,69.79692,21.81103,0.026529,267.55702,221.121504132231,998.115,229.48808,189.659570247934,30.0,61.81147,61.838,1036.18394,0.220537810553769,0.779462189446231,0.0699287356667318,0.0154219302587343,3.25316135433347,Menos de 1M€,Menos de 1M€,El comtat,Otros,42.4193025,0.2642225912408817,1.1658863501755705
856,PULIDOS GAONA SL.,B42707737,IBI,2561,Metal,Industria,Tratamiento y revestimiento de metales,2020-04-30,2020,5,Menor de 10 años,Sin marca,No,Sin auditor,No,2.0,Grupo Corporativo,0,No participadas,,No consejo,No realiza actividad exterior,,,,,357.80824,280.45197,98.85086,32.9502866666667,0.313869697104883,0.433057913926186,154.95169,28.99671,314.94235,215.07579,206.28981,3,253.80255,Menos de 1M€,Menos de 1M€,0.46433194549698,Crece,0.783805230421748,0.880198706435603,0.0810398050084034,0.805869867929797,84.60085,104.980783333333,2024-12-31,2024,13.22634,147.9905,112.158129,39.41756,32.5764958677686,,2.28627,1.88947933884298,0.0,6.96119,119.119319,37.13129,0.0419960668992278,0.9580039331007721,,,,Menos de 1M€,Menos de 1M€,,Metal,9.66557,0.49200017082491454,17.24099078411557
857,PINTURA INDUSTRIAL RICO SL,B03868064,CASTALLA,2561,Metal,Industria,Tratamiento y revestimiento de metales,1993-07-05,1993,32,Entre 25 y 50 años,Sin marca,No,Sin auditor,No,0.0,No Grupo Corporativo,0,No participadas,,No consejo,No realiza actividad exterior,,,,,275.47755,239.91202,213.4424,53.3606,0.677919547252405,0.0325235577272994,8.95951,35.46884,314.84916,299.03301,227.28395,4,222.417669,Menos de 1M€,Menos de 1M€,0.0528909835071385,Crece,0.870894996706628,1.14292130157249,0.12875401280431,0.706426115286444,55.60441725,78.71229,2024-12-31,2024,33.24907,4.25343,3.287279,103.46849,85.5111487603306,31.80621,7.73564,6.39309090909091,0.0,4.70608,7.99336,127.53906,0.105603172007828,0.894396827992172,1.04536409713701,0.110393764560767,0.352309238656504,Menos de 1M€,Menos de 1M€,,Metal,8.86721,0.0284565154945943,13.37555651503948
858,MECANIZADOS TORTOSA SL,B53012134,IBI,2896,Plástico,Industria,Fabricación de maquinaria para la industria del plástico y el caucho,1995-02-24,1995,30,Entre 25 y 50 años,RT,Sí,Sin auditor,No,0.0,No Grupo Corporativo,0,No participadas,,No consejo,No realiza actividad exterior,,,,,674.49136,601.02638,203.98394,33.9973233333333,0.650020850104289,0.0542727930569785,36.60653,283.25429,313.81138,387.3413,390.27663,6,247.119979,Menos de 1M€,Menos de 1M€,-0.189832377802212,Decrece,0.89108091762658,0.465256337753533,0.419952436455228,0.787479341890023,41.1866631666667,52.3018966666667,2024-12-31,2024,108.98611,27.40829,26.11279,135.89983,112.313909090909,191.5508,10.96892,9.06522314049587,0.0,9.19824,35.31103,316.48171,0.34729814450961,0.6527018554903901,0.568967135611023,0.197601230484656,0.939416173978182,Menos de 1M€,Menos de 1M€,,Plástico,47.209048333333335,0.11665137828972295,12.389536071007887
859,TALLERES AGULLENT SL.,B06848642,AGULLENT,2410,Metal,Industria,"Fabricación de productos básicos de hierro, acero y ferroaleaciones",2021-06-02,2021,4,Menor de 10 años,Sin marca,No,Sin auditor,No,0.0,No Grupo Corporativo,0,No participadas,,No consejo,No realiza actividad exterior,,,,,143.91222,70.18216,101.50487,33.8349566666667,0.324034479445228,0.243175179981241,34.99588,14.07862,313.2533,374.56813,249.73237,3,136.50075,Menos de 1M€,Menos de 1M€,-0.163694732918148,Decrece,0.487673388680961,2.17669701711224,0.0978278286583308,0.435751993674129,45.50025,104.417766666667,2024-12-31,2024,147.49529,24.41899,18.67247,26.28627,21.7241900826446,10.835,12.79205,10.5719421487603,0.0,10.57689,29.24936,24.32922,0.470849916026423,0.529150083973577,13.612855560683,6.40961189762741,0.0701899961912111,Menos de 1M€,Menos de 1M€,La Vall d'Albaida,Metal,4.692873333333334,0.11171751422890037,2.054891123783916
860,TEXALEXPORT TEXTIL 2019 SOCIEDAD LIMITADA.,B40591281,ONTINYENT,1320,Textil,Industria,Fabricación de tejidos textiles,2019-06-06,2019,6,Menor de 10 años,Sin marca,No,Sin auditor,No,2.0,Grupo Corporativo,0,No participadas,,No consejo,No realiza actividad exterior,,,,,844.70626,-85.84916,83.02956,16.605912,0.265390636918849,-0.0351067245553502,-29.65487,37.47276,312.85791,241.29095,138.36838,5,53.37469,Menos de 1M€,Menos de 1M€,0.296600266193158,Crece,-0.101631968490443,0.370374797506532,0.0443618826738658,0.170603613634062,10.674938,62.571582,2023-12-31,2023,215.20642,-29.65487,-22.83425,803.53522,664.078694214876,3.69828,593.87358,490.804611570248,0.0,,,213.35992,0.687872715124895,0.312127284875105,58.1909482245801,40.0279655509341,0.565663699040334,Menos de 1M€,Menos de 1M€,La Vall d'Albaida,Textil,7.4945520000000005,-0.09478702328478765,1.3530408609859355
861,MECANIZADOS IBI SL.,B42548420,IBI,2849,Maquinaria,Industria,Fabricación de otras máquinas herramienta,2018-01-01,2018,7,Menor de 10 años,Sin marca,No,Sin auditor,No,0.0,No Grupo Corporativo,0,No participadas,,No consejo,No realiza actividad exterior,,,,,543.05147,199.74996,87.42754,87.42754,0.281404995573291,0.0856642907163109,46.520119,317.68542,310.68226,483.68891,365.61199,1,134.02278,Menos de 1M€,Menos de 1M€,-0.357681655343307,Decrece,0.367828780575808,0.572104629419381,0.585000570940357,0.43138214586182,134.02278,310.68226,2024-12-31,2024,201.85962,17.7846,3.52871,73.77352,60.9698512396694,148.56,80.02568,66.1369256198347,58.42852,28.73552,32.26423,142.30784,0.649730113331865,0.35026988666813497,1.35877504038772,0.882837060983624,0.461542044981373,Menos de 1M€,Menos de 1M€,,Otros,317.68542,0.14973535663091933,0.9218730787417238
862,CHENIBEN SL.,B54608096,BENIARRES,1320,Textil,Industria,Fabricación de tejidos textiles,2012-01-10,2012,13,Entre 10 y 25 años,Sin marca,No,Sin auditor,No,0.0,No Grupo Corporativo,0,No participadas,,No consejo,Importador / Exportador,0.0,0.0,0.0,0.0,645.62025,26.78944,97.4777,32.4925666666667,0.317917586759418,0.0671827440356773,43.37454,543.9437,306.61311,278.37623,385.35785,3,140.6933,Menos de 1M€,Menos de 1M€,0.101434235243433,Crece,0.0414941136062569,0.474912473702614,0.84251338151181,0.458862636369332,46.8977666666667,102.20437,2024-12-31,2024,54.02969,-4.03811,-12.14284,25.34645,20.947479338843,1.3201,11.95359,9.879,0.0,47.41265,35.26981,14.71296,0.176214546077302,0.823785453922698,40.9284826907053,7.21219399897536,0.0404045976339465,Menos de 1M€,Menos de 1M€,,Textil,181.31456666666668,0.14146342274797058,2.1204048323558053
863,FITLENE FACTORY S.L.,B05324843,L'ALQUERIA D'ASNAR,1310,Textil,Industria,Preparación e hilado de fibras textiles,2021-04-07,2021,4,Menor de 10 años,Sin marca,No,Sin auditor,No,2.0,Grupo Corporativo,0,No participadas,,No consejo,No realiza actividad exterior,,,,,215.31118,-33.6369,217.95372,27.244215,0.71133270239738,0.0531265956556459,11.43875,187.82627,306.40194,249.80294,138.39801,8,229.392469,Menos de 1M€,Menos de 1M€,0.226574595158888,Crece,-0.156224586201237,1.42306562994081,0.872347966324833,0.748665197746463,28.674058625,38.3002425,2024-12-31,2024,2.72872,-3.60858,-9.12359,12.39708,10.245520661157,,5.48798,4.53552066115703,1.96252,15.04733,5.92374,6.9091,0.008905687738139,0.991094312261861,,,,Menos de 1M€,Menos de 1M€,,Textil,23.47828375,0.03733249861276988,2.2589513810181447
864,IMPRENTA SIMO SL,B96747324,ALBAIDA,1812,Artes gráficas,Industria,Otras actividades de impresión y artes gráficas,1998-03-31,1998,27,Entre 25 y 50 años,Sin marca,No,Sin auditor,No,0.0,No Grupo Corporativo,0,No participadas,,No consejo,No realiza actividad exterior,,,,,261.30796,166.64583,108.64811,18.1080183333333,0.358339098246153,0.179409609259511,46.881159,99.46129,303.19915,298.74938,254.47984,6,155.53628,Menos de 1M€,Menos de 1M€,0.0148946585261533,Se mantiene,0.637737288982701,1.16031348604918,0.380628626850862,0.51298389194033,25.9227133333333,50.5331916666667,2024-12-31,2024,107.8689,13.51056,10.30672,61.67947,50.9747685950413,6.14392,25.21957,20.8426198347107,0.0,33.3706,43.67732,42.60382,0.355769137215589,0.644230862784411,17.5570157163505,6.24624433348655,0.119644361668991,Menos de 1M€,Menos de 1M€,La Vall d'Albaida,Otros,16.57688166666667,0.1546216702784292,2.445698717305652
865,RIESPATEX SL,B54018098,BANYERES DE MARIOLA,1310,Textil,Industria,Preparación e hilado de fibras textiles,2005-06-23,2005,20,Entre 10 y 25 años,Sin marca,No,Sin auditor,No,0.0,No Grupo Corporativo,0,No participadas,,No consejo,No realiza actividad exterior,,,,,76.87912,37.11199,42.82348,21.41174,0.14182093683828,0.0511046432373315,3.92888,21.97642,301.95457,249.29354,284.97089,2,46.75236,Menos de 1M€,Menos de 1M€,0.211241053418392,Crece,0.482731722215343,3.92765382850376,0.285856810015515,0.154832430587158,23.37618,150.977285,2024-12-31,2024,219.19245,2.3296,1.17034,22.27966,18.4129421487603,28.26292,9.36506,7.73971900826446,0.0,1.59928,2.76962,41.17752,0.725912013850295,0.274087986149705,7.75547784871485,5.62979454353196,0.128947023853608,Menos de 1M€,Menos de 1M€,L'Alcoià,Textil,10.98821,0.013011493748877521,2.3790194617012568
866,PLABELPUNT SOCIEDAD LIMITADA,B96553235,AGULLENT,1414,Textil,Industria,Confección de ropa interior,1996-06-03,1996,29,Entre 25 y 50 años,J PLA B CAPITANA JOSE PLA BELDA,Sí,Sin auditor,No,0.0,No Grupo Corporativo,0,No participadas,,No consejo,No realiza actividad exterior,,,,,590.78644,87.45983,254.14103,36.3058614285714,0.850276782137984,0.275478834619156,162.74916,75.62866,298.89212,314.11716,375.37753,7,416.89019,Menos de 1M€,Menos de 1M€,-0.0484693036190701,Se mantiene,0.148039670646469,0.505922444665453,0.12801353395992,1.39478481399911,59.5557414285714,42.6988742857143,2024-12-31,2024,112.86269,157.80863,119.58132,434.41685,359.022190082645,63.32191,231.68122,191.472082644628,9.69471,4.94053,124.52185,266.05754,0.377603430963653,0.622396569036347,1.78236395585667,0.673026744957428,0.772425908846364,Menos de 1M€,Menos de 1M€,La Vall d'Albaida,Textil,10.804094285714285,0.5445080318611277,1.875062855763625
867,MARMOLES ONTINYENT SOCIEDAD LIMITADA,B96233457,ONTINYENT,2370,Textil,Industria,"Corte, tallado y acabado de la piedra",1993-12-17,1993,32,Entre 25 y 50 años,Sin marca,No,Sin auditor,No,0.0,No Grupo Corporativo,0,No participadas,,No consejo,No realiza actividad exterior,,,,,150.27688,113.37314,128.63554,32.158885,0.430824296532873,0.0712534755845344,10.70775,39.80687,298.58005,305.34485,289.03627,4,139.363289,Menos de 1M€,Menos de 1M€,-0.0221546228796718,Se mantiene,0.754428359172748,1.98686617662012,0.264890181377202,0.466753518863702,34.84082225,74.6450125,2024-12-31,2024,123.10247,9.17075,9.19075,27.52883,22.7510991735537,23.72779,24.02794,19.8578016528926,0.0,1.537,10.72775,27.22868,0.412293018237488,0.587706981762512,5.18811360012879,2.13902301515606,0.089158962632169,Menos de 1M€,Menos de 1M€,La Vall d'Albaida,Textil,9.9517175,0.03586224196827618,1.1457007966558899
868,MANUFACTURAS ULLSPLAST SL,B54261284,ONIL,3240,Juguete,Industria,Fabricación de juegos y juguetes,2007-07-17,2007,18,Entre 10 y 25 años,Sin marca,No,Sin auditor,No,2.0,Grupo Corporativo,0,No participadas,,No consejo,Exportador,0.0,0.0,30.0,43.746729,221.15979,171.01575,135.15032,45.0501066666667,0.453902856756725,0.0758677244177163,16.77889,0.60024,297.75164,234.30227,259.25281,3,151.92921,Menos de 1M€,Menos de 1M€,0.270801345629302,Crece,0.773267825946118,1.34631905736572,0.00271405575127377,0.510254821770251,50.64307,99.2505466666667,2024-12-31,2024,101.07063,16.77889,12.30348,20.55057,16.9839421487603,100.50891,10.71964,8.85920661157025,0.0,,,110.33984,0.339446090036649,0.6605539099633511,1.00558875825039,0.341343172172904,0.364846506092091,Menos de 1M€,Menos de 1M€,,Juguete,0.20008,0.05635196501352604,1.917095163643551
869,PIROTECNIA EUROPEA SL,B96159744,BUFALI,2051,Química,Industria,Fabricación de explosivos,1993-05-11,1993,32,Entre 25 y 50 años,Sin marca,No,Sin auditor,No,0.0,No Grupo Corporativo,0,No participadas,,No consejo,No realiza actividad exterior,,,,,392.69934,368.79936,46.66339,46.66339,0.156991873384251,-0.00128444320787501,-0.5044,257.28275,297.23443,221.00301,59.49032,1,46.15899,Menos de 1M€,Menos de 1M€,0.344933854068322,Crece,0.939139240722941,0.756900762807495,0.655164712016068,0.155294896355042,46.15899,297.23443,2022-12-31,2022,214.72149,-20.55802,-15.41851,0.05977,0.049396694214876,,17.91677,14.8072479338843,0.0,20.05362,4.635109,-17.857,0.722397772021229,0.277602227978771,,,,Menos de 1M€,Menos de 1M€,,Otros,257.28275,-0.0016969770292088976,0.0033359807599249165
870,SOLO BORRAS SL,B98277940,AIELO DE MALFERIT,1392,Textil,Industria,"Fabricación de artículos confeccionados con textiles, excepto prendas de vestir",2010-08-05,2010,15,Entre 10 y 25 años,Sin marca,No,Sin auditor,No,0.0,No Grupo Corporativo,0,No participadas,,No consejo,No realiza actividad exterior,,,,,521.52434,505.72432,208.70632,34.7843866666667,0.706815099890405,0.0858869597534029,44.79214,279.10126,295.27711,961.19012,1621.54652,6,257.47591,Menos de 1M€,Menos de 1M€,-0.692800514845076,Decrece,0.969704156089819,0.566180880455167,0.535164399038403,0.87198059477079,42.9126516666667,49.2128516666667,2024-12-31,2024,114.97579,26.97624,23.215269,144.7387,119.618760330579,76.694,0.0,0.0,0.0,17.8159,41.03117,221.4327,0.389382671755356,0.610617328244644,1.49914973791952,0.583742930312445,0.664842460462237,Menos de 1M€,Menos de 1M€,La Vall d'Albaida,Textil,46.51687666666667,0.15169526686304943,
871,METAL-INOX ONTINYENT SOCIEDAD LIMITADA.,B70660386,ONTINYENT,2512,Metal,Industria,Fabricación de carpintería metálica,2024-02-02,2024,1,Menor de 10 años,Sin marca,No,Sin auditor,No,0.0,No Grupo Corporativo,0,No participadas,,No consejo,No realiza actividad exterior,,,,,130.82114,11.40541,117.18073,29.2951825,0.398272078225342,0.0978604834050521,12.80222,12.77005,294.22281,,,4,129.98295,Menos de 1M€,Menos de 1M€,,Se mantiene,0.0871832335354974,2.24904636972281,0.0976145751367095,0.441784068339229,32.4957375,73.5557025,2024-12-31,2024,125.02625,11.50478,8.40541,75.06521,62.0373636363636,,18.05998,14.9256033057851,0.0,1.29744,9.70285,57.00523,0.424937311964358,0.575062688035642,,,,Menos de 1M€,Menos de 1M€,La Vall d'Albaida,Metal,3.1925125,0.043511990113886824,4.156439265159767
872,PRINTKEA IMPRESION Y ROTULACION SL.,B98698145,ONTINYENT,1812,Artes gráficas,Industria,Otras actividades de impresión y artes gráficas,2014-12-30,2014,11,Entre 10 y 25 años,Sin marca,No,Sin auditor,No,0.0,No Grupo Corporativo,0,No participadas,,No consejo,No realiza actividad exterior,,,,,121.70194,97.83016,147.3891,29.47782,0.502583398101711,0.227573775734388,27.69617,31.65656,293.26297,266.415789,217.01034,5,174.98591,Menos de 1M€,Menos de 1M€,0.100771733915515,Crece,0.803850456286892,2.40968196562849,0.260115491996266,0.596686005055463,34.997182,58.652594,2024-12-31,2024,70.7527,17.70288,13.92338,62.24245,51.440041322314,18.58826,1.97964,1.63606611570248,1.38293,9.99329,23.91667,78.851069,0.241260258668184,0.758739741331816,3.80631108021945,0.918311595785321,0.23321128885318,Menos de 1M€,Menos de 1M€,La Vall d'Albaida,Otros,6.331312,0.09444141549817898,31.441297407609422
873,SHT VIDRIOGROUP SOCIEDAD LIMITADA.,B44993616,ONTINYENT,2512,Metal,Industria,Fabricación de carpintería metálica,2023-04-20,2023,2,Menor de 10 años,ACRISTAGLASS,Sí,Sin auditor,No,2.0,Grupo Corporativo,0,No participadas,,No consejo,No realiza actividad exterior,,,,,64.14083,8.49918,40.41515,20.207575,0.138620460063873,0.10022695372043,6.42864,9.66901,291.55256,34.6827,,2,46.84379,Menos de 1M€,Menos de 1M€,7.40628209453128,Crece,0.132508107550214,4.54550650498286,0.150746568137643,0.16067013783038,23.421895,145.77628,2024-12-31,2024,214.90307,6.42864,4.92705,11.97828,9.89940495867769,11.63475,13.67716,11.3034380165289,0.0,,,9.935869,0.737098895650239,0.262901104349761,18.4707939577559,13.614801828045,0.0350904719963658,Menos de 1M€,Menos de 1M€,La Vall d'Albaida,Metal,4.834505,0.022049677766506317,0.87578707860404
874,MON DEL NUGOL SL.,B54874003,ONIL,3240,Juguete,Industria,Fabricación de juegos y juguetes,2015-07-22,2015,10,Mayor de 50 años,MON DEL NUGOL,Sí,Sin auditor,No,2.0,Grupo Corporativo,0,No participadas,,No consejo,No realiza actividad exterior,,,,,386.34217,30.87327,49.34766,24.67383,0.169562963466159,0.1760324015367,68.00874,101.57943,291.02853,62.55564,35.12,2,117.40267,Menos de 1M€,Menos de 1M€,3.65231480326954,Crece,0.0799117269543731,0.753292165853911,0.262926074055027,0.403406050946277,58.701335,145.514265,2024-12-31,2024,157.13895,28.07574,17.02028,226.76399,187.408256198347,6.58134,12.78501,10.5661239669421,60.82615,39.933,56.95328,220.560319,0.539943455028275,0.460056544971725,23.8764370173855,12.8919258969321,0.630259419004058,Menos de 1M€,Menos de 1M€,,Juguete,50.789715,0.2336840996310568,17.736708066712573
875,TEXTIGEN SL,B97691505,COCENTAINA,1392,Textil,Industria,"Fabricación de artículos confeccionados con textiles, excepto prendas de vestir",2006-01-25,2006,19,Entre 10 y 25 años,Sin marca,No,Sin auditor,No,0.0,No Grupo Corporativo,0,No participadas,,No consejo,No realiza actividad exterior,,,,,161.49867,73.15215,53.14742,26.57371,0.183402898686357,0.12468783798653,20.13692,62.84891,289.78506,302.78777,302.63452,2,73.28445,Menos de 1M€,Menos de 1M€,-0.0429433130671032,Se mantiene,0.452958219408247,1.7943495138381,0.389160542312825,0.252892436897886,36.642225,144.89253,2024-12-31,2024,150.31593,10.80177,7.8196,77.08196,63.7040991735537,21.5678,25.85154,21.3649090909091,13.52909,9.33515,17.15475,72.79822,0.518715250537761,0.481284749462239,6.96946049202979,3.61516544523626,0.220532383838714,Menos de 1M€,Menos de 1M€,El comtat,Textil,31.424455,0.06948915861984052,2.981716369701764
876,CARMINA CONFECCIONES SL,B46661906,ONTINYENT,1392,Textil,Industria,"Fabricación de artículos confeccionados con textiles, excepto prendas de vestir",1989-11-13,1989,36,Entre 25 y 50 años,QUAC,Sí,Sin auditor,No,2.0,Grupo Corporativo,0,No participadas,,No consejo,No realiza actividad exterior,,,,,844.13041,778.1162,172.59149,24.6559271428571,0.604157092789943,0.141891594688551,119.77501,370.83231,285.6732,601.18346,565.55662,7,302.599879,Menos de 1M€,Menos de 1M€,-0.524815270200547,Decrece,0.921796194974187,0.338423064275104,0.439306895720058,1.05925189692278,43.2285541428571,40.8104571428571,2024-12-31,2024,12.51845,97.10684,83.62846,104.17851,86.0979421487603,,0.0,0.0,0.0,22.66817,106.29663,104.17851,0.0438208764420324,0.9561791235579676,,,,Menos de 1M€,Menos de 1M€,La Vall d'Albaida,Textil,52.97604428571429,0.41927282643244096,
877,GUISVAL SA,A03006699,IBI,3240,Juguete,Industria,Fabricación de juegos y juguetes,1963-12-23,1963,62,Mayor de 50 años,"GUISVAL, S.A.",Sí,Don Luis Casamitjana Lleonart,Sí,0.0,No Grupo Corporativo,0,No participadas,,No consejo,No realiza actividad exterior,,,,,2435.41045,1872.60403,172.41471,24.6306728571429,0.604257549464547,0.0020393523399721,4.96666,2177.73549,285.33315,299.155079,367.9316,7,177.38137,Menos de 1M€,Menos de 1M€,-0.046203223579567,Se mantiene,0.768906953651283,0.117160189568867,0.894196495707736,0.621664079340238,25.3401957142857,40.7618785714286,2024-12-31,2024,6.81082,4.96666,4.96666,33.97689,28.0800743801653,217.8357,15.40552,12.7318347107438,32.88421,,,236.40707,0.0238697115985296,0.9761302884014704,0.0312658577083554,0.000746307006379109,0.817233958512782,Menos de 1M€,Menos de 1M€,,Juguete,311.10507,0.017406529875690926,2.2055010152205194
878,R. J. SANCHIS MODELOS SL.,B42566844,IBI,2599,Metal,Industria,Fabricación de otros productos metálicos n.c.o.p.,2018-03-16,2018,7,Menor de 10 años,Sin marca,No,Sin auditor,No,0.0,No Grupo Corporativo,0,No participadas,,No consejo,No realiza actividad exterior,,,,,145.52793,34.22688,115.35422,115.35422,0.406339710255688,0.0636595325722011,9.26424,45.05136,283.88616,328.48607,315.24565,1,124.61846,Menos de 1M€,Menos de 1M€,-0.135774128869452,Decrece,0.235191141659199,1.95073316854022,0.309571915164326,0.438973354671464,124.61846,283.88616,2024-12-31,2024,134.54106,4.33264,3.0016,57.97264,47.9112727272727,8.274308,73.87087,61.050305785124,0.0,4.9316,7.9332,-7.623921,0.473926097700571,0.526073902299429,16.2600981254263,7.70608485281167,-0.0171361825382796,Menos de 1M€,Menos de 1M€,,Metal,45.05136,0.03263364441577567,0.7847835012637584
879,GRAFICAS OLLERIA SL,B46185443,L'OLLERIA,1812,Artes gráficas,Industria,Otras actividades de impresión y artes gráficas,1982-03-11,1982,43,Entre 25 y 50 años,Sin marca,No,Sin auditor,No,0.0,No Grupo Corporativo,0,No participadas,,No consejo,No realiza actividad exterior,,,,,183.11883,106.80184,78.57099,26.19033,0.277572665573347,0.0697544867450278,12.77336,69.60293,283.06458,288.20656,286.54175,3,91.344349,Menos de 1M€,Menos de 1M€,-0.0178413010446398,Se mantiene,0.583237889844534,1.5457972290452,0.380097065932542,0.322697912257337,30.4481163333333,94.35486,2024-12-31,2024,154.95293,5.27969,3.81709,46.42948,38.3714710743802,35.62973,29.91982,24.7271239669422,0.0,7.49367,11.31076,52.13939,0.54741193688027,0.45258806311973,4.34897850755535,2.38068274827154,0.174073623437585,Menos de 1M€,Menos de 1M€,,Otros,23.200976666666666,0.04512525021675266,1.5517967688308267
881,MARMOLES Y DECORACION ESTILO M-30 SL,B53184537,CASTALLA,2370,Textil,Industria,"Corte, tallado y acabado de la piedra",1997-04-04,1997,28,Entre 25 y 50 años,Sin marca,No,Sin auditor,No,0.0,No Grupo Corporativo,0,No participadas,,No consejo,No realiza actividad exterior,,,,,307.21644,207.89478,73.37055,36.685275,0.260521739785011,0.0405850676480725,12.4684,80.94765,281.62928,286.26271,272.81779,2,85.83895,Menos de 1M€,Menos de 1M€,-0.0161859363379884,Se mantiene,0.676704606042567,0.91671292070177,0.263487364152778,0.304794125099492,42.919475,140.81464,2024-12-31,2024,146.23618,9.35115,6.60347,35.54144,29.3730909090909,124.42242,43.41213,35.8777933884298,10.2,3.11725,9.72072,116.551729,0.519250626213297,0.480749373786703,1.17532017139676,0.610285734998889,0.418698359491105,Menos de 1M€,Menos de 1M€,,Textil,40.473825,0.04427238531448151,0.8186983684053268
882,TEXTILES SANTEX SL,B97938179,ONTINYENT,1419,Textil,Industria,Confección de otras prendas de vestir y accesorios,2007-08-10,2007,18,Entre 10 y 25 años,Sin marca,No,Sin auditor,No,0.0,No Grupo Corporativo,0,No participadas,,No consejo,No realiza actividad exterior,,,,,101.27673,47.3022,221.48416,20.1349236363636,0.787077529909397,0.0335122391886073,3.39401,22.45056,281.40069,298.87932,293.01699,11,225.06428,Menos de 1M€,Menos de 1M€,-0.0584805599798608,Decrece,0.467058918667694,2.77853254148312,0.22167540361937,0.799800028919616,20.4603890909091,25.5818809090909,2024-12-31,2024,16.26874,3.39401,3.55867,15.51907,12.8256776859504,33.92368,0.0,0.0,0.0,,,49.44275,0.0578134332222142,0.9421865667777858,0.479568843946176,0.0277255213349367,0.166130927702951,Menos de 1M€,Menos de 1M€,La Vall d'Albaida,Textil,2.04096,0.012061128919051336,
883,KAVINAR PROTECTION SL.,B54939442,IBI,2229,Plástico,Industria,Fabricación de otros productos de plástico,2016-05-06,2016,9,Menor de 10 años,Sin marca,No,Sin auditor,No,2.0,Grupo Corporativo,0,No participadas,,No consejo,No realiza actividad exterior,,,,,240.16448,175.37964,150.19915,37.5497875,0.5341341194182,0.267396823210493,64.219219,8.84847,281.20119,335.00355,305.88737,4,216.52288,Menos de 1M€,Menos de 1M€,-0.16060235779591,Decrece,0.730248036678863,1.17086918931559,0.0368433750069952,0.769992758565495,54.13072,70.3002975,2024-12-31,2024,35.68699,59.39277,47.352909,98.95767,81.7831983471074,,5.41675,4.47665289256198,0.0,4.82645,52.179359,93.54092,0.126909100206866,0.873090899793134,,,,Menos de 1M€,Menos de 1M€,,Plástico,2.2121175,0.22837463454546547,18.26882724881156
884,PLASTICOS LINARES SL,B96046925,BELLUS,2222,Plástico,Industria,Fabricación de envases y embalajes de plástico,1992-03-20,1992,33,Entre 25 y 50 años,Sin marca,No,Sin auditor,No,2.0,Grupo Corporativo,0,No participadas,,No consejo,Importador,1.0,1.7900631,0.0,0.0,206.63424,138.68168,58.17373,29.086865,0.207624168744619,0.208134043999678,43.00762,74.26683,280.18766,221.2318,312.74009,2,101.18135,Menos de 1M€,Menos de 1M€,0.266489085203845,Crece,0.671145692020838,1.35595949635452,0.359412021937894,0.361119936545385,50.590675,140.09383,2024-12-31,2024,142.31634,34.80711,25.03648,32.53517,26.8885702479339,18.69756,17.37858,14.3624628099174,11.99124,8.20051,33.236989,33.854149,0.507932219427508,0.492067780572492,7.6114926225668,3.86612234093646,0.111438410378303,Menos de 1M€,Menos de 1M€,,Plástico,37.133415,0.15349576780076613,1.8721420277145726
885,FUSTERIA I MOBLES NALSANZ SL,B96470901,AIELO DE MALFERIT,1623,Madera,Industria,Fabricación de otras estructuras de madera y piezas de carpintería y ebanistería para la construcción,1995-09-27,1995,30,Entre 25 y 50 años,Sin marca,No,Sin auditor,No,0.0,No Grupo Corporativo,0,No participadas,,No consejo,No realiza actividad exterior,,,,,207.98711,134.66382,106.61794,21.323588,0.380714342745513,0.248193650077642,51.62108,108.35248,280.04708,195.57235,164.974479,5,158.323199,Menos de 1M€,Menos de 1M€,0.431935956181945,Crece,0.647462335526466,1.34646363421272,0.520957668963235,0.565344937715473,31.6646398,56.009416,2024-12-31,2024,90.6387,38.3095,29.075059,44.69182,36.9353884297521,24.105,0.38735,0.320123966942149,2.84254,13.31158,42.38664,68.40947,0.323655222543295,0.6763447774567051,3.7601617921593,1.21699600164011,0.216821630358759,Menos de 1M€,Menos de 1M€,La Vall d'Albaida,Madera,21.670496,0.184330006226096,115.37839163547181
888,ENMARCACIONES EUROPEAS SL,B53848164,ONIL,1629,Madera,Industria,"Fabricación de otros productos de madera; artículos de corcho, cestería y espartería",2004-01-29,2004,21,Entre 10 y 25 años,Sin marca,No,Sin auditor,No,0.0,No Grupo Corporativo,0,No participadas,,No consejo,No realiza actividad exterior,,,,,2700.79771,1071.81087,47.7356,23.8678,0.172154460659495,0.0115393277640183,31.16539,2452.99961,277.28355,272.24863,377.87324,2,80.56599,Menos de 1M€,Menos de 1M€,0.0184938304372735,Se mantiene,0.396849740368004,0.102667278253876,0.908250033283685,0.29055452442094,40.282995,138.641775,2024-12-31,2024,159.49561,24.27953,19.97729,94.91557,78.4426198347108,35.95,66.82025,55.223347107438,0.0,6.88586,26.86315,64.04532,0.575207616896134,0.424792383103866,4.43659554937413,2.55196355308749,0.213389047879951,Menos de 1M€,Menos de 1M€,,Madera,1226.499805,0.11239538010819611,1.4204611625966692
889,DELENZO LINEN FROM EUROPE SL.,B01821115,COCENTAINA,1392,Textil,Industria,"Fabricación de artículos confeccionados con textiles, excepto prendas de vestir",2020-08-05,2020,5,Menor de 10 años,Sin marca,No,Sin auditor,No,2.0,Grupo Corporativo,0,No participadas,,No consejo,No realiza actividad exterior,,,,,72.6021,52.23029,54.87966,27.43983,0.198477263453184,0.36800850113151,26.71819,13.0114,276.50351,194.58652,211.29,2,81.59785,Menos de 1M€,Menos de 1M€,0.420979778044235,Crece,0.719404672867589,3.8084781294205,0.179215201764136,0.295106018726489,40.798925,138.251755,2024-12-31,2024,122.18969,24.86403,17.67103,11.37529,9.40106611570248,12.82833,1.17057,0.967413223140496,0.0,1.85416,19.52519,23.03305,0.441910086421688,0.558089913578312,9.52498805378409,4.20918829401327,0.0768958878408523,Menos de 1M€,Menos de 1M€,El comtat,Textil,6.5057,0.09662875527330557,9.717735803924583
890,TEJIDOS VILANOVA S.L.,B03987740,MURO DE ALCOY,1320,Textil,Industria,Fabricación de tejidos textiles,1994-12-22,1994,31,Entre 25 y 50 años,Sin marca,No,Sin auditor,No,0.0,No Grupo Corporativo,0,No participadas,,No consejo,No realiza actividad exterior,,,,,474.19352,412.14384,135.58585,27.11717,0.490490012313452,0.0880657120746821,41.76019,325.74601,276.42938,355.42468,328.55521,5,177.34762,Menos de 1M€,Menos de 1M€,-0.222256090938874,Decrece,0.869146925499952,0.582946346462094,0.686947409150593,0.641565740949822,35.469524,55.285876,2024-12-31,2024,14.46122,-30.31277,-24.886489,121.65762,100.543487603306,4.5206,3.51045,2.90119834710744,17.67033,72.07296,47.18647,122.66777,0.0523143379332544,0.9476856620667456,3.19896031500243,0.167351490954107,0.369580430474497,Menos de 1M€,Menos de 1M€,El comtat,Textil,65.149202,0.15107001289081504,34.65584754091361
892,DESSIGRAF SA,A46068581,ONTINYENT,1812,Artes gráficas,Industria,Otras actividades de impresión y artes gráficas,1973-10-19,1973,52,Mayor de 50 años,Sin marca,No,Sin auditor,No,0.0,No Grupo Corporativo,0,No participadas,,No consejo,Importador,0.0,0.0,0.0,0.0,659.38135,380.54351,146.71678,29.343356,0.53608197323419,0.0254024018119408,16.74987,398.2712,273.68348,438.7259,648.74632,5,163.46665,Menos de 1M€,Menos de 1M€,-0.376185723249984,Decrece,0.577122040227556,0.415060996189838,0.604007377521369,0.597283584672338,32.69333,54.736696,2024-12-31,2024,99.7079,5.9201,0.85925,111.49505,92.1446694214876,125.5192,27.34537,22.599479338843,37.2247,10.82977,11.68902,209.66888,0.364318299372691,0.635681700627309,0.794363730807717,0.289401243491214,0.712737173915812,Menos de 1M€,Menos de 1M€,La Vall d'Albaida,Otros,79.65424,0.061201611438147466,4.077291695084027
893,TEXTILES AETEX SL.,B96909122,AIELO DE MALFERIT,1439,Textil,Industria,Confección de otras prendas de vestir de punto,1999-09-20,1999,26,Entre 25 y 50 años,Sin marca,No,Sin auditor,No,0.0,No Grupo Corporativo,0,No participadas,,No consejo,No realiza actividad exterior,,,,,412.98714,328.48069,180.7321,25.8188714285714,0.664489205733034,0.0821028228627167,33.90741,290.95964,271.98651,287.44445,247.04879,7,214.63951,Menos de 1M€,Menos de 1M€,-0.0537771385045006,Decrece,0.79537752676754,0.658583485190362,0.704524697790832,0.789154984193885,30.6627871428571,38.8552157142857,2024-12-31,2024,4.71259,23.61374,18.338269,63.76451,52.6979421487603,8.70244,0.19364,0.16003305785124,19.04191,10.29367,28.631939,72.27331,0.0173265578502404,0.9826734421497596,0.541525135479245,0.00938276658724043,0.225159509164293,Menos de 1M€,Menos de 1M€,La Vall d'Albaida,Textil,41.565662857142854,0.12466577846085086,329.29410245816894
894,IMPRESIONES SIMON SL,B54892989,ONIL,1812,Artes gráficas,Industria,Otras actividades de impresión y artes gráficas,2015-11-04,2015,10,Mayor de 50 años,Sin marca,No,Sin auditor,No,0.0,No Grupo Corporativo,0,No participadas,,No consejo,No realiza actividad exterior,,,,,138.25563,98.94336,178.32839,35.665678,0.656965425247579,0.233305218745884,32.25576,18.22942,271.44258,302.9637,305.39589,5,210.58415,Menos de 1M€,Menos de 1M€,-0.104042563515035,Decrece,0.715655196103045,1.96333834651074,0.131853003020564,0.775796302849759,42.11683,54.288516,2024-12-31,2024,15.45239,28.98173,21.95334,25.50865,21.0815289256198,1.00884,5.60056,4.62856198347107,0.0,3.27403,25.22737,20.91693,0.056926919866441,0.943073080133559,15.316987827604,0.871948938657264,0.0643296528575169,Menos de 1M€,Menos de 1M€,,Otros,3.645884,0.11883087760218017,4.554660605368031
895,FUSNIL SL,B53080594,ONIL,3291,Metal,Industria,"Fabricación de escobas, brochas y cepillos",1996-01-01,1996,29,Entre 25 y 50 años,FUSNIL,Sí,Sin auditor,No,3.0,Grupo Corporativo,0,No participadas,,No consejo,No realiza actividad exterior,,,,,258.37949,146.56899,54.08636,27.04318,0.20002649447673,0.0133827572769031,3.45783,6.19788,270.39598,233.94034,244.95119,2,57.51587,Menos de 1M€,Menos de 1M€,0.155833064105148,Crece,0.567262478921992,1.04650713568635,0.0239875076771767,0.212709782149868,28.757935,135.19799,2024-12-31,2024,162.98071,3.45783,2.57213,66.05149,54.5880082644628,183.69317,50.53657,41.7657603305785,44.00587,,,199.20809,0.602748273106723,0.39725172689327704,0.88724425627801,0.534784943295429,0.726769007194132,Menos de 1M€,Menos de 1M€,,Metal,3.09894,0.01278802295803362,1.3070038192144817
896,AUXILIAR MAPEL SL.,B54737564,IBI,3240,Juguete,Industria,Fabricación de juegos y juguetes,2013-10-08,2013,12,Entre 10 y 25 años,Sin marca,No,Sin auditor,No,0.0,No Grupo Corporativo,0,No participadas,,No consejo,No realiza actividad exterior,,,,,412.71997,-54.7464,154.49963,25.7499383333333,0.571590833849767,0.0701688120397954,28.96007,193.39117,270.297599,223.31429,303.09282,6,183.473718,Menos de 1M€,Menos de 1M€,0.210390965128116,Crece,-0.132647809603204,0.654917664875775,0.468577205023542,0.67878412046124,30.578953,45.0495998333333,2024-12-31,2024,69.16178,16.55577,3.505819,38.68686,31.9726115702479,147.147,1.60826,1.32914049586777,16.66373,12.4043,15.910118,184.225599,0.255872713097981,0.744127286902019,0.470018281038689,0.120264852775019,0.657758232896402,Menos de 1M€,Menos de 1M€,,Juguete,32.23186166666667,0.10714142525550145,24.055103030604453
897,BEST BREATHE COMPANY SL.,B54637715,ONIL,2229,Plástico,Industria,Fabricación de otros productos de plástico,2012-05-23,2012,13,Entre 10 y 25 años,BEST BREATHE,Sí,Sin auditor,No,0.0,No Grupo Corporativo,0,No participadas,,No consejo,No realiza actividad exterior,,,,,345.03818,44.97014,127.13816,31.78454,0.472721030666932,0.0437488946875386,15.095039,212.37446,268.949659,293.57362,285.78035,4,142.23367,Menos de 1M€,Menos de 1M€,-0.0838766133006092,Decrece,0.130333808275942,0.779477966757186,0.615510028484384,0.528848672011144,35.5584175,67.23741475,2024-12-31,2024,69.11297,9.47305,2.01016,35.64982,29.4626611570248,63.94835,22.31973,18.4460578512397,0.59286,5.62199,7.63215,77.27844,0.256973629403263,0.743026370596737,1.08076236525258,0.277727427521411,0.278732286125654,Menos de 1M€,Menos de 1M€,,Plástico,53.093615,0.05612589008711106,1.5972334790788216
898,MULTIACOLCHADOS SL,B97568307,ONTINYENT,1392,Textil,Industria,"Fabricación de artículos confeccionados con textiles, excepto prendas de vestir",2005-03-14,2005,20,Entre 10 y 25 años,Sin marca,No,Sin auditor,No,2.0,Grupo Corporativo,0,No participadas,,No consejo,No realiza actividad exterior,,,,,156.5022,105.0589,119.80494,59.90247,0.445967280082147,-0.0659949189212676,-10.32835,6.56237,268.64065,475.85457,664.242919,2,109.561659,Menos de 1M€,Menos de 1M€,-0.43545640425393,Decrece,0.671293438686485,1.71652954399363,0.0419314872250997,0.407837231632666,54.7808295,134.320325,2024-12-31,2024,123.3734,-32.40031,-35.45673,6.68684,5.52631404958678,,0.0,0.0,0.0,22.07196,-13.38477,6.68684,0.459250675577207,0.540749324422793,,,,Menos de 1M€,Menos de 1M€,La Vall d'Albaida,Textil,3.281185,-0.03844671310912924,
899,RODRICREA SL.,B70924725,IBI,2599,Metal,Industria,Fabricación de otros productos metálicos n.c.o.p.,2024-03-20,2024,1,Menor de 10 años,Sin marca,No,Sin auditor,No,0.0,No Grupo Corporativo,0,No participadas,,No consejo,No realiza actividad exterior,,,,,242.9116,78.74382,33.96673,16.983365,0.126798750152401,0.416062674652013,101.06645,,267.87906,,,2,135.033789,Menos de 1M€,Menos de 1M€,,Se mantiene,0.324166569237533,1.10278414040334,,0.504084899357195,67.5168945,133.93953,2024-12-31,2024,115.56424,101.06645,75.743819,64.66024,53.4382148760331,,104.03422,85.978694214876,0.0,,,-39.37398,0.431404530089063,0.568595469910937,,,,Menos de 1M€,Menos de 1M€,,Metal,,0.377283875790814,0.6215285701185637
900,BATACHAP SL,B54396528,IBI,2550,Metal,Industria,"Forja, estampación y embutición de metales; metalurgia de polvos",2009-01-15,2009,16,Entre 10 y 25 años,Sin marca,No,Sin auditor,No,0.0,No Grupo Corporativo,0,No participadas,,No consejo,No realiza actividad exterior,,,,,144.59913,26.14408,115.79235,23.15847,0.432877466050519,0.0294883516934023,4.26399,7.83872,267.49452,404.90683,399.06665,5,120.05634,Menos de 1M€,Menos de 1M€,-0.339367725656789,Decrece,0.180803854075747,1.84990407618635,0.0542100080408506,0.448817942139525,24.011268,53.498904,2024-12-31,2024,98.231,4.26399,3.283269,0.3255,0.26900826446281,19.186,0.0,0.0,0.0,,,19.5115,0.367226214578153,0.6327737854218469,5.11993119983321,1.88017295341533,0.0727304928133212,Menos de 1M€,Menos de 1M€,,Metal,1.567744,0.015940476089005486,
901,DORADOS DE IBI SL,B54541727,IBI,2561,Metal,Industria,Tratamiento y revestimiento de metales,2011-01-12,2011,14,Entre 10 y 25 años,Sin marca,No,Sin auditor,No,0.0,No Grupo Corporativo,0,No participadas,,No consejo,No realiza actividad exterior,,,,,173.49299,40.54822,90.14993,30.0499766666667,0.34017762055241,0.136909796758935,23.75289,37.87839,265.008409,274.464699,254.50959,3,113.90282,Menos de 1M€,Menos de 1M€,-0.0344535746653526,Se mantiene,0.233716762850188,1.52748770425825,0.218328071929592,0.42980832355399,37.9676066666667,88.3361363333333,2024-12-31,2024,114.62872,7.79092,5.50151,59.71488,49.3511404958678,48.96897,74.18921,61.3133966942149,0.00126,15.96197,21.46348,34.49464,0.432547481917829,0.567452518082171,2.34084400795034,1.01252618120136,0.139643545430488,Menos de 1M€,Menos de 1M€,,Metal,12.626130000000002,0.0896307030015791,0.8048997960754672
904,ARLIMPLAST SL,B96215702,ALBAIDA,2229,Plástico,Industria,Fabricación de otros productos de plástico,1993-10-05,1993,32,Entre 25 y 50 años,Sin marca,No,Sin auditor,No,0.0,No Grupo Corporativo,0,No participadas,,No consejo,No realiza actividad exterior,,,,,316.63851,234.60666,107.69008,35.8966933333333,0.410476353509322,0.0972238310494829,30.784809,147.54247,262.353919,227.60009,228.54803,3,138.474889,Menos de 1M€,Menos de 1M€,0.152696903590855,Crece,0.740929017130607,0.828559732042701,0.465965021121404,0.527817116389254,46.1582963333333,87.4513063333333,2024-12-31,2024,68.43049,19.82884,15.26821,107.53311,88.8703388429752,12.925,11.27073,9.31465289256198,0.0,10.95597,26.22418,109.18738,0.260832734120507,0.739167265879493,5.29442862669246,1.38096029430607,0.352503542935119,Menos de 1M€,Menos de 1M€,La Vall d'Albaida,Plástico,49.180823333333336,0.11734076287993242,9.54091793521804
905,GRAFICAS TORMO LIT SL,B96416516,ONTINYENT,1812,Artes gráficas,Industria,Otras actividades de impresión y artes gráficas,1995-03-20,1995,30,Entre 25 y 50 años,Sin marca,No,Sin auditor,No,0.0,No Grupo Corporativo,0,No participadas,,No consejo,No realiza actividad exterior,,,,,216.45574,160.85929,112.99704,28.24926,0.432967101263351,0.0946849457538063,20.4951,4.85621,260.98297,219.56683,215.42205,4,133.49286,Menos de 1M€,Menos de 1M€,0.188626578978255,Crece,0.743150955479397,1.20571055311354,0.0224351176827189,0.511500271454494,33.373215,65.2457425,2024-12-31,2024,99.64588,19.2451,14.69697,28.99541,23.9631487603306,19.6669,22.68549,18.7483388429752,0.0,1.25,15.94697,25.976819,0.381809893572749,0.618190106427251,5.06667954786977,1.93450837893938,0.0953384426476385,Menos de 1M€,Menos de 1M€,La Vall d'Albaida,Otros,1.2140525,0.07853041139044437,1.2781478381114992
906,VABE BY DRG SOCIEDAD LIMITADA.,B10957595,AIELO DE MALFERIT,2512,Metal,Industria,Fabricación de carpintería metálica,2022-08-01,2022,3,Menor de 10 años,Sin marca,No,Sin auditor,No,2.0,Grupo Corporativo,0,No participadas,,No consejo,No realiza actividad exterior,,,,,103.79113,35.05959,37.33756,37.33756,0.143343400403668,0.287581125670373,29.84837,24.35251,260.47631,393.4823,94.81915,1,67.18593,Menos de 1M€,Menos de 1M€,-0.33802280305874,Decrece,0.337789847745178,2.50962013805997,0.234629972715395,0.257934896267534,67.18593,260.47631,2024-12-31,2024,167.86659,24.13836,18.50306,16.10928,13.3134545454545,0.3166,34.86365,28.8129338842975,0.68333,5.71001,24.21307,-18.43777,0.644460104644449,0.35553989535555097,530.216645609602,341.703474913793,-0.0582889067295332,Menos de 1M€,Menos de 1M€,La Vall d'Albaida,Metal,24.35251,0.11459149586386569,0.4620652169236427
908,SISTEMAS METALICOS EL COMTAT SL,B54840350,COCENTAINA,2512,Metal,Industria,Fabricación de carpintería metálica,2015-02-10,2015,10,Mayor de 50 años,Sin marca,No,Sin auditor,No,2.0,Grupo Corporativo,0,No participadas,,No consejo,No realiza actividad exterior,,,,,117.64606,54.37691,101.74224,25.43556,0.391246259563913,0.029820293174289,3.50824,18.17535,260.04655,335.44871,246.49257,4,105.25048,Menos de 1M€,Menos de 1M€,-0.224779996918158,Decrece,0.462207659143026,2.21041444141861,0.154491786635269,0.40473707495831,26.31262,65.0116375,2024-12-31,2024,107.09259,2.54897,1.962709,44.39974,36.694,29.05008,36.54009,30.1984214876033,0.0,0.95927,2.921979,36.90973,0.411820845152531,0.5881791548474691,3.68648175839791,1.51817003338282,0.136689598506101,Menos de 1M€,Menos de 1M€,El comtat,Metal,4.5438375,0.013490815394397655,1.21509662400941
909,JOAN ROSES SL,B96519715,ALFARRASI,1320,Textil,Industria,Fabricación de tejidos textiles,1996-02-21,1996,29,Entre 25 y 50 años,Sin marca,No,Sin auditor,No,0.0,No Grupo Corporativo,0,No participadas,,No consejo,No realiza actividad exterior,,,,,736.94661,505.43893,83.85539,27.9517966666667,0.322679116572527,0.0667890445957815,49.21996,606.70951,259.87238,255.27168,205.0707,3,133.08937,Menos de 1M€,Menos de 1M€,0.01802275912471,Se mantiene,0.685855560147023,0.352633930970929,0.823274714568536,0.512133571101323,44.3631233333333,86.6241266666667,2024-12-31,2024,82.57253,11.23514,6.05891,88.14853,72.8500247933884,10.50662,19.26324,15.9200330578512,1.51288,37.98482,44.043729,79.391909,0.317742616587419,0.682257383412581,7.85909550359678,2.49716956932326,0.259498957663516,Menos de 1M€,Menos de 1M€,,Textil,202.23650333333333,0.18940050497093996,4.575997080449612
910,MARDAN INTERMEDIARIOS S.L.,B81350282,GAIANES,2895,Papel y cartón,Industria,Fabricación de maquinaria para la industria del papel y del cartón,1995-12-21,1995,30,Entre 25 y 50 años,Sin marca,No,Sin auditor,No,0.0,No Grupo Corporativo,0,No participadas,,No consejo,No realiza actividad exterior,,,,,328.88056,248.98471,80.74504,40.37252,0.310932112746173,0.0656967076436503,21.60637,100.8471,259.68704,298.20141,374.14258,2,102.35141,Menos de 1M€,Menos de 1M€,-0.129155559660164,Decrece,0.757067276946987,0.789608969286601,0.306637461332467,0.394133684915504,51.175705,129.84352,2023-12-31,2023,129.87813,10.43858,7.73882,146.48638,121.063123966942,42.10025,9.20784,7.60978512396694,13.03008,11.16779,18.90661,179.37879,0.50013327580768,0.49986672419232003,3.08497289208496,1.54289759829634,0.599004050579402,Menos de 1M€,Menos de 1M€,,Papel y cartón,50.42355,0.08320157216933119,15.908875480025701
911,TERMO-ART SL,B03955481,MURO DE ALCOY,1330,Textil,Industria,Acabado de textiles,1994-07-13,1994,31,Entre 25 y 50 años,Sin marca,No,Sin auditor,No,2.0,Grupo Corporativo,0,No participadas,,No consejo,No realiza actividad exterior,,,,,238.55457,147.4563,61.18426,20.3947533333333,0.235912142379221,0.0986084651407013,23.5235,18.48581,259.35189,205.87669,242.1185,3,84.70776,Menos de 1M€,Menos de 1M€,0.259743830153865,Crece,0.618123978928595,1.08718055579484,0.0774909070071473,0.326613235785558,28.23592,86.45063,2024-12-31,2024,102.06608,17.85577,17.25045,79.18244,65.4400330578512,95.89687,20.64742,17.0639834710744,0.0,5.66773,22.91818,154.43189,0.393542842506372,0.6064571574936279,1.06433171385051,0.41886012803841,0.556282507086325,Menos de 1M€,Menos de 1M€,El comtat,Textil,6.161936666666667,0.09070109340633684,3.834979866733948
914,JOSE JUAN RICO E HIJOS S.L.,B53300497,CASTALLA,3102,Mueble,Industria,Fabricación de muebles de cocina,1998-08-26,1998,27,Entre 25 y 50 años,Sin marca,No,Sin auditor,No,0.0,No Grupo Corporativo,0,No participadas,,No consejo,No realiza actividad exterior,,,,,236.7632,12.72891,112.97542,22.595084,0.446105396889779,-0.00423570892773877,-1.00286,74.03804,253.24827,306.56001,313.81156,5,111.97256,Menos de 1M€,Menos de 1M€,-0.173903112803265,Decrece,0.0537621978415565,1.0696268254526,0.31270923859789,0.442145409325007,22.394512,50.649654,2024-12-31,2024,116.57741,-2.26121,-3.608859,43.38165,35.8526033057851,117.222,10.31765,8.52698347107438,11.87219,1.25835,-2.350509,150.286,0.46032855426811,0.5396714457318901,0.994501117537664,0.457797261654133,0.570774362386407,Menos de 1M€,Menos de 1M€,,Otros,14.807607999999998,-0.003959987564771914,4.20460569994136
915,PROYECTOS DE INYECCION ALPA SL,B54541909,IBI,3299,Manufacturas,Industria,Otras industrias manufactureras n.c.o.p.,2011-01-18,2011,14,Entre 10 y 25 años,Sin marca,No,Sin auditor,No,0.0,No Grupo Corporativo,0,No participadas,,No consejo,No realiza actividad exterior,,,,,234.5116,156.23805,81.84064,81.84064,0.325468994409287,0.227894398400761,53.44388,137.93197,251.45449,225.08359,183.53176,1,135.28452,Menos de 1M€,Menos de 1M€,0.117160473582281,Crece,0.666227384914008,1.07224755619765,0.588166939289997,0.538007971144202,135.28452,251.45449,2022-12-31,2022,78.27904,30.3815,20.676149,37.08987,30.6527851239669,0.23522,3.15602,2.60828099173554,0.0,23.06238,43.73853,34.16907,0.311304999962419,0.688695000037581,332.790749085962,103.599424131699,0.112464582088916,Menos de 1M€,Menos de 1M€,,Otros,137.93197,0.21253897673491534,11.752102331417388
916,ECOSPAIN MEDITERRANEA INGENIERIA DEL CONFORT SL,B54655733,MURO DE ALCOY,2752,,Industria,Fabricación de aparatos domésticos no eléctricos,2012-09-06,2012,13,Entre 10 y 25 años,Sin marca,No,Sin auditor,No,2.0,Grupo Corporativo,0,No participadas,,No consejo,No realiza actividad exterior,,,,,162.33023,108.65899,73.18499,24.3949966666667,0.293064100617847,0.0136267841177826,2.212039,43.2218,249.72349,280.06071,351.95632,3,75.397029,Menos de 1M€,Menos de 1M€,-0.108323727380395,Decrece,0.669370024301697,1.53836712976998,0.266258478165158,0.301922053868461,25.132343,83.2411633333333,2024-12-31,2024,127.89031,-5.99651,-6.87311,2.11904,1.75127272727273,31.24569,6.4676,5.34512396694215,0.0,8.208549,1.335439,26.897129,0.512127673692211,0.487872326307789,4.09305443406755,2.0961664456146,0.1107298266588,Menos de 1M€,Menos de 1M€,El comtat,Otros,14.407266666666667,0.008857953250613308,0.32763930979033995
918,BALLESTER MERINO SL,B54029913,BANYERES DE MARIOLA,2512,Metal,Industria,Fabricación de carpintería metálica,2005-08-03,2005,20,Entre 10 y 25 años,Sin marca,No,Sin auditor,No,2.0,Grupo Corporativo,0,No participadas,,No consejo,No realiza actividad exterior,,,,,149.20145,64.22096,131.60118,32.900295,0.530332575184849,0.145826464823231,21.75752,9.687,248.1484,263.35386,297.05373,4,153.3587,Menos de 1M€,Menos de 1M€,-0.057737752543289,Decrece,0.430431205594852,1.66317686590847,0.0649256424786756,0.618012044405686,38.339675,62.0371,2024-12-31,2024,40.7751,18.49295,14.41503,30.48772,25.1964628099174,56.2481,4.03327,3.33328099173554,0.0,3.26457,17.6796,82.70255,0.16431740039428,0.83568259960572,0.724915152689602,0.119116173396378,0.314776487852357,Menos de 1M€,Menos de 1M€,L'Alcoià,Metal,2.42175,0.0876794692208372,7.559057538920039
919,CASA GRIM S.L.,B53612339,COCENTAINA,1392,Textil,Industria,"Fabricación de artículos confeccionados con textiles, excepto prendas de vestir",2001-11-27,2001,24,Entre 10 y 25 años,Sin marca,No,Sin auditor,No,0.0,No Grupo Corporativo,0,No participadas,,No consejo,Importador,7.0,11.8259057,0.0,0.0,168.34758,50.00065,84.15457,42.077285,0.339192534251749,-0.0296613708376444,-4.99342,17.35506,248.10266,180.94542,166.67621,2,79.16115,Menos de 1M€,Menos de 1M€,0.3711463932052,Crece,0.29700842744517,1.47375245904931,0.103090641397993,0.319066107554026,39.580575,124.05133,2024-12-31,2024,129.04983,-7.31692,-7.29018,22.54064,18.6286280991736,116.34,31.24578,25.822958677686,0.0,2.3235,-4.96668,107.63486,0.520146902092868,0.47985309790713204,1.10924729241877,0.576971542806526,0.439921399558907,Menos de 1M€,Menos de 1M€,El comtat,Textil,8.67753,-0.020126426697722632,0.7213978975720885
920,ARTESANIAS SUCH SL.,B72506819,L'OLLERIA,1629,Madera,Industria,"Fabricación de otros productos de madera; artículos de corcho, cestería y espartería",2022-09-15,2022,3,Menor de 10 años,Sin marca,No,Sin auditor,No,2.0,Grupo Corporativo,0,No participadas,,No consejo,Importador,0.0,0.0,0.0,0.0,229.73788,60.79845,55.16801,18.3893366666667,0.222600553249107,0.142405636371329,32.715969,30.77117,247.83411,291.60775,110.71423,3,88.28826,Menos de 1M€,Menos de 1M€,-0.150111373926105,Decrece,0.264642687570722,1.07876903016603,0.13394034105303,0.356239340904285,29.42942,82.61137,2024-12-31,2024,120.35334,27.93376,13.632619,156.15556,129.054181818182,42.81115,4.66861,3.85835537190083,28.41204,4.78221,18.414829,194.2981,0.485620562883777,0.514379437116223,2.81126155218909,1.36520641738759,0.67790094126382,Menos de 1M€,Menos de 1M€,,Madera,10.257056666666667,0.1320075311667147,33.4479770209977
921,MULTICAPRICHOS DEL HOGAR SL,B53223053,CASTALLA,3299,Manufacturas,Industria,Otras industrias manufactureras n.c.o.p.,1997-11-07,1997,28,Entre 25 y 50 años,Sin marca,No,Sin auditor,No,2.0,Grupo Corporativo,0,No participadas,,No consejo,No realiza actividad exterior,,,,,1251.60817,-38.82346,53.09054,53.09054,0.215472252009951,-0.0849922943535915,-106.37705,274.90321,246.39154,815.3806,751.91749,1,-53.286509,Menos de 1M€,Menos de 1M€,-0.697820208133478,Decrece,-0.0310188611184921,0.196859964568624,0.219639993241655,-0.216267608051802,-53.286509,246.39154,2022-12-31,2022,192.11136,-106.37705,-106.45379,0.92118,0.761305785123967,273.694,723.849,598.222314049587,222.08355,,,-449.23382,0.779699497799316,0.22030050220068398,0.701920246698868,0.547286863846279,-1.31403459820277,Menos de 1M€,Menos de 1M€,,Otros,274.90321,-0.43173986412033466,0.0012726134870670537
923,ANFORA SINFONY S.L.,B70873393,ONTINYENT,1624,Madera,Industria,Fabricación de envases y embalajes de madera,2024-03-12,2024,1,Menor de 10 años,Sin marca,No,Sin auditor,No,0.0,No Grupo Corporativo,0,No participadas,,No consejo,No realiza actividad exterior,,,,,199.21838,9.02897,127.52794,18.2182771428571,0.519774577301873,0.0369161720921533,7.35438,6.4979,245.3524,,,7,134.88232,Menos de 1M€,Menos de 1M€,,Se mantiene,0.0453219728019071,1.23157511872148,0.0326169703819497,0.549749340132805,19.2689028571429,35.0503428571429,2024-12-31,2024,73.24902,7.15228,6.028969,25.15107,20.7860082644628,,66.633229,55.0687842975207,0.0,0.2021,6.23107,-41.482159,0.298546172770268,0.7014538272297319,,,,Menos de 1M€,Menos de 1M€,La Vall d'Albaida,Madera,0.9282714285714285,0.029974762830932162,0.37745536840185206
924,ONTIJACQUARD SL,B96253836,ONTINYENT,1320,Textil,Industria,Fabricación de tejidos textiles,1994-01-20,1994,31,Entre 25 y 50 años,Sin marca,No,Sin auditor,No,0.0,No Grupo Corporativo,0,No participadas,,No consejo,No realiza actividad exterior,,,,,219.80889,129.59829,124.7365,24.9473,0.509608477011494,-0.0256896343000504,-5.64681,202.32865,244.76928,236.7408,253.41024,5,119.089689,Menos de 1M€,Menos de 1M€,0.0339125321871008,Se mantiene,0.589595307086988,1.11355496131207,0.920475281959706,0.486538543562329,23.8179378,48.953856,2024-12-31,2024,7.32248,-22.16165,-19.23962,0.0,0.0,,0.0,0.0,12.58448,16.51484,-2.72478,,0.0299158456486043,0.9700841543513957,,,,Menos de 1M€,Menos de 1M€,La Vall d'Albaida,Textil,40.46573,-0.023069929363684856,
925,INDUSTRIAS GRAFICAS BASE 2000 SL.,B73901480,IBI,1812,Artes gráficas,Industria,Otras actividades de impresión y artes gráficas,2015-10-08,2015,10,Mayor de 50 años,Sin marca,No,Sin auditor,No,0.0,No Grupo Corporativo,0,No participadas,,No consejo,No realiza actividad exterior,,,,,636.98207,171.55524,18.46152,9.23076,0.0755302013717716,0.119302524480791,75.993569,506.57892,244.425669,478.77461,713.797899,2,94.4621,Menos de 1M€,Menos de 1M€,-0.489476543043918,Decrece,0.26932506907141,0.383724567003903,0.795279716429067,0.386465547528071,47.23105,122.2128345,2024-12-31,2024,103.70001,60.77749,32.885949,23.42657,19.3608016528926,82.36929,0.0,0.0,0.0,15.21608,48.10203,105.795859,0.424259900460782,0.575740099539218,1.25896447571662,0.534128143151192,0.416200524556578,Menos de 1M€,Menos de 1M€,,Otros,253.28946,0.3109066625895171,
926,SOCIEDAD ALCOYANA DE FABRICACION DE ELEMENTOS DE TRANSMISION INDUSTRIAL SL,B03195542,COCENTAINA,2599,Metal,Industria,Fabricación de otros productos metálicos n.c.o.p.,1985-11-09,1985,40,Entre 25 y 50 años,Sin marca,No,Sin auditor,No,4.0,Grupo Corporativo,0,No participadas,,No consejo,No realiza actividad exterior,,,,,287.44788,232.75315,201.10743,40.221486,0.82761318467903,-0.0253148849106141,-7.27671,95.16816,242.99689,261.32937,309.57851,5,193.83072,Menos de 1M€,Menos de 1M€,-0.0701508598134223,Decrece,0.809722966125198,0.845359826623178,0.33107970738904,0.797667492781492,38.766144,48.599378,2024-12-31,2024,13.11516,-20.71159,-16.109029,0.0,0.0,191.2,21.89025,18.0911157024793,5.8647,13.43488,-2.674149,169.30975,0.0539725426115536,0.9460274573884464,0.0685939330543933,0.0037021889746723,0.712391357344206,Menos de 1M€,Menos de 1M€,El comtat,Metal,19.033632,-0.029945691897538273,0.0
927,MATERIAS ESPECIALES SL,B97184386,AGULLENT,1330,Textil,Industria,Acabado de textiles,2002-02-01,2002,23,Entre 10 y 25 años,Sin marca,No,Sin auditor,No,0.0,No Grupo Corporativo,0,No participadas,,No consejo,No realiza actividad exterior,,,,,10304.95115,10140.86237,215.20381,107.601905,0.891602598710406,0.0207769175111519,214.10512,6601.30031,241.36741,274.45671,286.53106,2,1572.04847,Menos de 1M€,Menos de 1M€,-0.120562911360411,Decrece,0.984076704720721,0.0234224700812871,0.640595012427594,6.51309333766311,786.024235,120.683705,2024-12-31,2024,0.92467,3.46957,1054.11374,112.45826,92.9407107438016,,0.0,0.0,0.0,210.63555,1264.74929,112.45826,0.00383096458631263,0.9961690354136874,,,,Menos de 1M€,Menos de 1M€,La Vall d'Albaida,Textil,3300.650155,0.8870506585789688,
928,DOLORES MORILLAS SL,B03901147,MURO DE ALCOY,1399,Textil,Industria,Fabricación de otros productos textiles n.c.o.p.,1994-01-01,1994,31,Entre 25 y 50 años,MORILLAS EGIPCIO,Sí,Sin auditor,No,0.0,No Grupo Corporativo,0,No participadas,,No consejo,No realiza actividad exterior,,,,,485.14731,228.86926,51.44483,25.722415,0.215059192996752,0.0241721632961337,11.72706,41.59399,239.21242,248.52195,399.23299,2,63.17189,Menos de 1M€,Menos de 1M€,-0.0374595885796003,Se mantiene,0.471752095255357,0.493071722895877,0.0857347637359877,0.264082818107856,31.585945,119.60621,2024-12-31,2024,171.95497,9.34761,7.19228,57.90798,47.8578347107438,293.66568,107.85225,89.1340909090909,0.0,2.37945,9.57173,243.721409,0.718837968363014,0.28116203163698605,0.585546700588234,0.420913200632512,1.05508494835533,Menos de 1M€,Menos de 1M€,El comtat,Textil,20.796995,0.049023625111104176,0.5369195357537743
929,MUESTRARIOS SOLER SOCIEDAD LIMITADA.,B40529539,BENISSODA,1392,Textil,Industria,"Fabricación de artículos confeccionados con textiles, excepto prendas de vestir",2018-10-02,2018,7,Menor de 10 años,Sin marca,No,Sin auditor,No,0.0,No Grupo Corporativo,0,No participadas,,No consejo,No realiza actividad exterior,,,,,211.13523,52.91467,137.94762,17.2434525,0.581478149280135,0.115688982838155,24.42602,132.31588,237.23612,409.66976,183.21739,8,162.38065,Menos de 1M€,Menos de 1M€,-0.420908880362563,Decrece,0.250619804189002,1.12362167128622,0.626687834143075,0.684468494932391,20.29758125,29.654515,2024-12-31,2024,39.03974,6.05273,1.08348,58.75329,48.5564380165289,6.15012,21.94244,18.1342479338843,1.94616,18.37329,19.45677,42.96097,0.164560691685566,0.835439308314434,6.34780134371362,1.04459857980408,0.154159957103685,Menos de 1M€,Menos de 1M€,,Textil,16.539485,0.1029607970320877,2.677609691538405
931,AGRI-BIO SANZ SOCIEDAD LIMITADA,B97889398,FONTANARS DELS ALFORINS,1043,Alimentación,Industria,Fabricación de aceite de oliva,2007-04-26,2007,18,Entre 10 y 25 años,Sin marca,No,Sin auditor,No,2.0,Grupo Corporativo,0,No participadas,,No consejo,No realiza actividad exterior,,,,,334.2121,93.25745,81.04315,20.2607875,0.344924866630901,0.189057577508415,63.18533,149.08195,234.95885,348.09686,171.11488,4,144.637389,Menos de 1M€,Menos de 1M€,-0.325018760582902,Decrece,0.279036725480615,0.703023170016885,0.446069875985938,0.615586044109426,36.15934725,58.7397125,2022-12-31,2022,22.917,25.51713,14.33364,146.04398,120.697504132231,,56.28631,46.5176115702479,49.65151,37.6682,52.00184,89.75767,0.0975362281522913,0.9024637718477087,,,,Menos de 1M€,Menos de 1M€,,Alimentación,37.2704875,0.26892083443547665,2.5946625387238855
932,TALLERES FABRIMOLD SL.,B42686717,IBI,2573,Maquinaria,Industria,Fabricación de herramientas,2019-12-18,2019,6,Menor de 10 años,Sin marca,No,Sin auditor,No,2.0,Grupo Corporativo,0,No participadas,,No consejo,No realiza actividad exterior,,,,,271.43375,76.13091,95.92736,31.9757866666667,0.413743083533116,0.0422207260519372,11.46013,1.09454,231.85248,239.2566,294.5569,3,107.387489,Menos de 1M€,Menos de 1M€,-0.0309463563387592,Se mantiene,0.280476948795056,0.85417705056943,0.00403243885478501,0.463171621023851,35.7958296666667,77.28416,2024-12-31,2024,83.27732,10.34013,3.44445,103.60662,85.625305785124,27.14545,57.95679,47.898173553719,35.32559,1.12,4.56445,72.79528,0.359182355953234,0.640817644046766,3.0678187320527,1.10190635981615,0.279801114188664,Menos de 1M€,Menos de 1M€,,Otros,0.3648466666666667,0.04942854180382284,1.7876528358454646
933,AMICS DEL POSTRE SL,B53964318,IBI,1072,Alimentación,Industria,Fabricación de galletas y productos de panadería y pastelería de larga duración,2005-01-28,2005,20,Entre 10 y 25 años,Sin marca,No,Sin auditor,No,0.0,No Grupo Corporativo,0,No participadas,,No consejo,No realiza actividad exterior,,,,,567.8767,417.54798,83.67419,20.9185475,0.360940871856101,0.0317839242215784,18.04935,489.4715,231.82243,380.3208,298.53301,4,101.72354,Menos de 1M€,Menos de 1M€,-0.39045555751881,Decrece,0.735279295664006,0.408226697802534,0.861932704757917,0.43879938623713,25.430885,57.9556075,2024-12-31,2024,110.57525,-17.27935,-19.06319,65.44441,54.0862892561984,,1.2722,1.05140495867769,23.89894,35.3287,16.265509,64.17221,0.476982533571061,0.523017466428939,,,,Menos de 1M€,Menos de 1M€,,Alimentación,122.367875,0.07785851438102862,51.44191950951094
934,INYECTADOS LEVANTE S.L.,B53469946,IBI,2229,Plástico,Industria,Fabricación de otros productos de plástico,2000-06-15,2000,25,Mayor de 50 años,Sin marca,No,Sin auditor,No,0.0,No Grupo Corporativo,0,No participadas,,No consejo,No realiza actividad exterior,,,,,1216.46949,464.36297,89.98691,29.9956366666667,0.391221954326627,0.0975711606215459,118.69234,1041.03541,230.01498,296.37665,295.42068,3,208.67925,Menos de 1M€,Menos de 1M€,-0.223909913280955,Decrece,0.381730058844304,0.189084051750447,0.8557842334377,0.907241997890746,69.55975,76.67166,2023-12-31,2023,,83.43174,61.43225,143.85824,118.891107438017,24.7184,14.25541,11.7813305785124,21.59224,35.2606,96.69285,154.321229,,1.0,,,0.573128658226973,Menos de 1M€,Menos de 1M€,,Plástico,347.0118033333333,0.5160200435641191,10.091483864722273
935,CAN LEANDRO VINYES I VINS SL.,B10963403,ONTINYENT,1102,Alimentación,Industria,Elaboración de vinos,2022-07-22,2022,3,Menor de 10 años,Sin marca,No,Sin auditor,No,0.0,No Grupo Corporativo,0,No participadas,,No consejo,No realiza actividad exterior,,,,,197.40749,47.84039,63.74497,31.872485,0.27718654717759,0.0894641333011225,17.66089,14.3292,229.97137,213.01828,29.0868,2,81.41303,Menos de 1M€,Menos de 1M€,0.0795851417070874,Crece,0.242343337631211,1.16495767207212,0.0725869114692659,0.354013762669675,40.706515,114.985685,2024-12-31,2024,98.62607,13.99089,11.34182,169.35784,139.965157024793,,34.12378,28.2014710743802,0.0,3.67,15.01182,135.23406,0.428862384043718,0.571137615956282,,,,Menos de 1M€,Menos de 1M€,La Vall d'Albaida,Alimentación,7.1646,0.0767960376980839,4.96304453961429
937,SA DE URDIMBRES,A46106712,ONTINYENT,1310,Textil,Industria,Preparación e hilado de fibras textiles,1976-09-21,1976,49,Entre 25 y 50 años,Sin marca,No,Sin auditor,No,0.0,No Grupo Corporativo,0,No participadas,,No consejo,No realiza actividad exterior,,,,,305.68709,185.3866,124.07715,24.81543,0.53990936990111,0.0863108415864079,26.38411,270.07064,229.81107,228.59869,209.28653,5,150.461259,Menos de 1M€,Menos de 1M€,0.00530352995461181,Se mantiene,0.606458715675562,0.751785330548307,0.88348722872137,0.654717194432801,30.0922518,45.962214,2023-12-31,2023,8.5789,9.405,2.63123,1.94042,1.60365289256198,19.95166,0.0,0.0,0.0,16.97911,19.61034,21.89208,0.0373302295663999,0.9626697704336001,0.429984271985389,0.0160514115831559,0.0937957988384197,Menos de 1M€,Menos de 1M€,La Vall d'Albaida,Textil,54.01412800000001,0.1148078288830908,
938,ESPAI EN FUSTA SL,B97108500,L'OLLERIA,3109,Mueble,Industria,Fabricación de otros muebles,2001-05-25,2001,24,Entre 10 y 25 años,Sin marca,No,Sin auditor,No,3.0,Grupo Corporativo,0,No participadas,,No consejo,No realiza actividad exterior,,,,,280.59498,204.09715,77.01081,38.505405,0.337063976485866,0.0580817946208446,16.29746,121.3721,228.47535,183.86129,195.32085,2,93.30827,Menos de 1M€,Menos de 1M€,0.242650641687546,Crece,0.727372777659814,0.814253163046609,0.43255264224613,0.408395347681927,46.654135,114.237675,2024-12-31,2024,113.61947,9.02715,6.83727,3.56445,2.94582644628099,4.84968,14.74852,12.1888595041322,3.74452,7.27031,14.10758,-6.334389,0.497294215765508,0.502705784234492,23.4282406261856,11.6507285489646,-0.0192290024190848,Menos de 1M€,Menos de 1M€,,Otros,60.68605,0.0713313711960612,0.2416818772324279
939,FUSTES-DUC SOCIEDAD LIMITADA.,B98254931,LA POBLA DEL DUC,1623,Madera,Industria,Fabricación de otras estructuras de madera y piezas de carpintería y ebanistería para la construcción,2010-05-20,2010,15,Entre 10 y 25 años,Sin marca,No,Sin auditor,No,0.0,No Grupo Corporativo,0,No participadas,,No consejo,No realiza actividad exterior,,,,,155.77929,-9.95454,97.55863,24.3896575,0.431762126707058,0.00605228076209617,0.94282,11.9573,225.95458,170.07777,210.56081,4,98.50145,Menos de 1M€,Menos de 1M€,0.328536821713972,Crece,-0.0639015622680011,1.45047894363879,0.076757956721975,0.435934735202092,24.6253625,56.488645,2024-12-31,2024,111.13541,0.94282,0.14804,28.51573,23.5667190082645,107.23368,12.68423,10.4828347107438,0.0,,,123.06518,0.491848450250488,0.5081515497495119,1.03638530357253,0.509744505424533,0.532485618558919,Menos de 1M€,Menos de 1M€,,Madera,2.989325,0.00417260849503471,2.248124639808648
940,GAME-MOVIL SL,B53238382,IBI,3240,Juguete,Industria,Fabricación de juegos y juguetes,1998-01-01,1998,27,Entre 25 y 50 años,GAME MOVIL,Sí,Sin auditor,No,0.0,No Grupo Corporativo,0,No participadas,,No consejo,No realiza actividad exterior,,,,,329.60202,175.06101,84.64452,21.16113,0.376073862578379,0.0264858176536661,8.729779,87.22522,225.07419,227.56534,243.99823,4,93.40205,Menos de 1M€,Menos de 1M€,-0.0109469658252879,Se mantiene,0.531128450001611,0.682866537043675,0.264638001915158,0.414983388366298,23.3505125,56.2685475,2024-12-31,2024,49.86959,6.44328,0.37922,100.61609,83.1537933884297,120.28913,25.50284,21.0767272727273,64.5565,2.2865,2.66572,195.40238,0.221569563351533,0.778430436648467,0.414581018251608,0.0918585351878427,0.810249260991242,Menos de 1M€,Menos de 1M€,,Juguete,21.806305,0.03878622866531254,3.945289622645941
942,LARASUN METAL SL,B97393532,BENIGANIM,2512,Metal,Industria,Fabricación de carpintería metálica,2003-11-12,2003,22,Entre 10 y 25 años,Sin marca,No,Sin auditor,No,0.0,No Grupo Corporativo,0,No participadas,,No consejo,No realiza actividad exterior,,,,,256.33497,181.57496,69.15236,34.57618,0.309454217464203,0.154666840813799,39.64652,74.68685,223.46556,289.18401,197.50792,2,108.80119,Menos de 1M€,Menos de 1M€,-0.227254784937798,Decrece,0.708350327698168,0.871771650976845,0.29136426450125,0.486881244698288,54.400595,111.73278,2024-12-31,2024,93.38229,32.47475,25.00734,57.10561,47.1947190082645,8.5478,23.31401,19.2677768595041,0.0,7.17177,32.17911,42.3394,0.417882245478901,0.5821177545210989,10.9247163012705,4.56524497919487,0.163223103142875,Menos de 1M€,Menos de 1M€,,Metal,37.343425,0.17741669007072053,2.4494117485580618
943,REGENERADOS DEL ALGODON SL.,B02886356,IBI,1310,Textil,Industria,Preparación e hilado de fibras textiles,2020-12-04,2020,5,Menor de 10 años,Sin marca,No,Sin auditor,No,0.0,No Grupo Corporativo,0,No participadas,,No consejo,No realiza actividad exterior,,,,,274.38696,67.41006,35.67511,17.837555,0.160529957184779,0.0306772559453992,8.417439,111.96842,222.233349,437.634879,358.99486,2,44.09255,Menos de 1M€,Menos de 1M€,-0.492194613217746,Decrece,0.245675158906968,0.809926787337124,0.4080675699749,0.198406540685305,22.046275,111.1166745,2024-12-31,2024,136.55893,6.73744,1.956179,67.76741,56.0061239669421,89.85458,36.95947,30.5450165289256,0.0,1.68,3.63618,120.662519,0.614484417457976,0.385515582542024,1.5197770664556,0.93387932534696,0.518894612158396,Menos de 1M€,Menos de 1M€,,Textil,55.98421,0.03787657900075114,1.8335601132808448
944,CREACIONES SEYSA SL,B96836929,ONTINYENT,1392,Textil,Industria,"Fabricación de artículos confeccionados con textiles, excepto prendas de vestir",1999-01-18,1999,26,Entre 25 y 50 años,Sin marca,No,Sin auditor,No,0.0,No Grupo Corporativo,0,No participadas,,No consejo,No realiza actividad exterior,,,,,61.81969,19.35331,180.56052,45.14013,0.813250101250607,0.257399851083045,15.912379,14.31865,222.02336,200.16721,167.79099,4,196.472899,Menos de 1M€,Menos de 1M€,0.109189462150169,Crece,0.313060612241828,3.59146673171606,0.231619569751967,0.884919942658286,49.11822475,55.50584,2024-12-31,2024,2.19491,15.39345,11.38596,19.19135,15.8606198347107,1.29199,0.74981,0.619677685950413,0.0,0.518929,11.904889,19.73353,0.00988594173153672,0.9901140582684633,1.69885989829643,0.0167948299646029,0.0744648317580651,Menos de 1M€,Menos de 1M€,La Vall d'Albaida,Textil,3.5796625,0.0716698414076789,25.594950720849223
945,FORMAONDULADOS SL,B53054854,IBI,1310,Textil,Industria,Preparación e hilado de fibras textiles,1995-09-08,1995,30,Entre 25 y 50 años,Sin marca,No,Sin auditor,No,3.0,Grupo Corporativo,0,No participadas,,No consejo,No realiza actividad exterior,,,,,1007.74329,925.10085,45.13716,45.13716,0.203982104121475,0.147961708581557,149.107419,627.23032,221.28,214.8,214.8,1,194.24599,Menos de 1M€,Menos de 1M€,0.030167597765363,Se mantiene,0.917992567333294,0.219579730468858,0.622410812579065,0.877828949746927,194.24599,221.28,2024-12-31,2024,,95.28318,71.46344,22.3124,18.44,,0.0,0.0,0.0,53.82424,125.28768,22.3124,,1.0,,,,Menos de 1M€,Menos de 1M€,,Textil,627.23032,0.673840469088937,
946,FRANCISCO FERRE NAVARRO SL,B03103132,BANYERES DE MARIOLA,1399,Textil,Industria,Fabricación de otros productos textiles n.c.o.p.,1982-03-05,1982,43,Entre 25 y 50 años,CENTAURO,Sí,Sin auditor,No,0.0,No Grupo Corporativo,0,No participadas,,No consejo,No realiza actividad exterior,,,,,281.81021,160.12565,33.9948,16.9974,0.153810166506876,0.062087956288028,17.49702,20.5866,221.0179,304.69514,271.08637,2,51.49739,Menos de 1M€,Menos de 1M€,-0.274626106606098,Decrece,0.568203863160245,0.784279249499158,0.073051292215424,0.233000992227326,25.748695,110.50895,2024-12-31,2024,150.5017,16.84934,10.4992,39.63643,32.7573801652893,52.914,11.19219,9.24974380165289,0.0,0.64768,11.14688,81.358239,0.680948013712916,0.319051986287084,2.84426994746192,1.93679997118754,0.345771253656995,Menos de 1M€,Menos de 1M€,L'Alcoià,Textil,10.2933,0.07916562414175503,3.5414364838338215
947,ACAPERSA SOCIEDAD LIMITADA,B96680491,AGULLENT,1330,Textil,Industria,Acabado de textiles,1997-09-05,1997,28,Entre 25 y 50 años,Sin marca,No,Sin auditor,No,0.0,No Grupo Corporativo,0,No participadas,,No consejo,No realiza actividad exterior,,,,,2888.58062,2536.7626,32.24713,32.24713,0.146502940700644,0.0621648046645137,179.56805,1537.95916,220.11251,220.11998,219.22745,1,2611.815179,Menos de 1M€,Menos de 1M€,-3.39360379735254e-05,Se mantiene,0.878203842550186,0.0762009232063601,0.532427292958851,11.8658188896215,2611.815179,220.11251,2024-12-31,2024,,140.97188,2457.405579,0.0,0.0,,0.0,0.0,0.0,38.59617,2496.001749,,,1.0,,,,Menos de 1M€,Menos de 1M€,La Vall d'Albaida,Textil,1537.95916,0.8158012009403737,
948,NEON TOYS SL,B03901600,CASTALLA,2229,Plástico,Industria,Fabricación de otros productos de plástico,1993-12-31,1993,32,Entre 25 y 50 años,Sin marca,No,Sin auditor,No,0.0,No Grupo Corporativo,0,No participadas,,No consejo,No realiza actividad exterior,,,,,144.8592,82.96902,160.01063,26.6684383333333,0.729634284623555,0.0319886482874405,4.63385,43.66596,219.30251,264.38143,320.52242,6,164.69885,Menos de 1M€,Menos de 1M€,-0.170507134332392,Decrece,0.572756304052487,1.51390115367198,0.301437257695749,0.751012152118095,27.4498083333333,36.5504183333333,2024-12-31,2024,3.63985,4.63385,2.23835,14.12812,11.676132231405,85.54822,0.0,0.0,0.0,,,99.67634,0.0165973932537297,0.9834026067462703,0.0425473493194832,0.000706175088559273,0.443334425271307,Menos de 1M€,Menos de 1M€,,Plástico,7.27766,0.02112994511553926,
949,SANSAR PACKAGING SL.,B98756968,ONTINYENT,1812,Artes gráficas,Industria,Otras actividades de impresión y artes gráficas,2015-08-03,2015,10,Mayor de 50 años,Sin marca,No,Sin auditor,No,0.0,No Grupo Corporativo,0,No participadas,,No consejo,No realiza actividad exterior,,,,,159.86654,97.38929,16.48222,16.48222,0.075409980822915,0.00824512746694837,1.31812,29.26448,218.56815,260.22649,236.43947,1,17.80035,Menos de 1M€,Menos de 1M€,-0.160084932168128,Decrece,0.609191204113131,1.36719134598147,0.183055691328529,0.0814407314148928,17.80035,218.56815,2024-12-31,2024,94.68757,0.90912,0.211269,48.63449,40.1937933884298,15.34567,31.31641,25.8813305785124,0.0,0.409,0.62027,32.663749,0.433217602839206,0.5667823971607939,6.17031188602387,2.67308772403352,0.135692839098091,Menos de 1M€,Menos de 1M€,La Vall d'Albaida,Otros,29.26448,0.006030704839657562,1.5530033614964185
950,INDPLAMET SL.,B01589050,CASTALLA,2229,Plástico,Industria,Fabricación de otros productos de plástico,2020-06-04,2020,5,Menor de 10 años,Sin marca,No,Sin auditor,No,2.0,Grupo Corporativo,0,No participadas,,No consejo,No realiza actividad exterior,,,,,279.04964,165.08343,50.59172,50.59172,0.231546033255635,0.157572717169605,43.97061,,218.4953,267.1499,117.58673,1,94.56233,Menos de 1M€,Menos de 1M€,-0.182124717246759,Decrece,0.591591625059971,0.78299796408983,,0.432788851751045,94.56233,218.4953,2024-12-31,2024,116.68414,43.97061,34.45177,41.23751,34.0805867768595,156.16084,0.0,0.0,0.0,,,197.39835,0.534035011279419,0.465964988720581,0.747204869031186,0.399033560661106,0.870688874208551,Menos de 1M€,Menos de 1M€,,Plástico,,0.2012428184954093,
951,VINYA ALFORI SOCIEDAD LIMITADA.,B98630932,ONTINYENT,1102,Alimentación,Industria,Elaboración de vinos,2014-04-11,2014,11,Entre 10 y 25 años,EL CUBET DE VINYA ALFORI,Sí,Sin auditor,No,0.0,No Grupo Corporativo,0,No participadas,,No consejo,No realiza actividad exterior,,,,,898.54689,864.63297,75.15282,25.05094,0.345094340844261,0.0481952911772918,43.305729,373.2729,217.77471,276.67617,386.95954,3,118.45855,Menos de 1M€,Menos de 1M€,-0.21288953074636,Decrece,0.962256927960654,0.242363211562615,0.415418387347599,0.543949983907681,39.4861833333333,72.59157,2024-12-31,2024,85.35238,19.92235,14.924629,114.12927,94.3217107438017,330.67054,15.61179,12.902305785124,0.0,23.38338,38.308009,429.18802,0.391929714887463,0.608070285112537,0.258119093403362,0.10116454268459,1.89227640325489,Menos de 1M€,Menos de 1M€,La Vall d'Albaida,Alimentación,124.4243,0.1988556384715195,7.310453830086093
952,BESANT SL,B46927414,LA POBLA DEL DUC,1419,Textil,Industria,Confección de otras prendas de vestir y accesorios,1991-04-10,1991,34,Entre 25 y 50 años,Sin marca,No,Sin auditor,No,0.0,No Grupo Corporativo,0,No participadas,,No consejo,No realiza actividad exterior,,,,,158.86638,118.83428,88.91852,22.22963,0.409321866851807,0.0311159604694209,4.94328,18.01315,217.23374,296.81806,308.07248,4,93.8618,Menos de 1M€,Menos de 1M€,-0.268124924743461,Decrece,0.748014022853671,1.36739906832396,0.11338553821142,0.432077448006005,23.46545,54.308435,2024-12-31,2024,83.95917,2.1201,1.63248,39.95574,33.0212727272727,47.99376,22.0669,18.2371074380165,0.0,2.82318,4.45566,65.8826,0.386492310080377,0.613507689919623,1.74937679398322,0.676120678307577,0.288987913614415,Menos de 1M€,Menos de 1M€,,Textil,4.5032875,0.022755581154198234,1.8106639355777219
954,BERENGUER & QUILIS SL,B54304084,ONIL,2229,Plástico,Industria,Fabricación de otros productos de plástico,2007-12-31,2007,18,Entre 10 y 25 años,Sin marca,No,Sin auditor,No,2.0,Grupo Corporativo,0,No participadas,,No consejo,No realiza actividad exterior,,,,,97.21911,72.00969,124.25593,41.4186433333333,0.576828121315208,0.046917113312393,4.56124,27.27368,215.4124,340.98744,432.02347,3,128.83119,Menos de 1M€,Menos de 1M€,-0.368268813654837,Decrece,0.740694807841792,2.21574132904529,0.280538260430485,0.598067659986148,42.94373,71.8041333333333,2024-12-31,2024,63.37705,3.26302,1.549969,34.60297,28.5974958677686,24.969,7.68122,6.34811570247934,0.0,1.29822,2.848189,51.89075,0.294212635855689,0.705787364144311,2.53822940446153,0.746779163493043,0.219199916835286,Menos de 1M€,Menos de 1M€,,Plástico,9.091226666666666,0.021174454209692665,4.504879433215036
955,TOMAS DESCALS SL,B46670204,ALBAIDA,1320,Textil,Industria,Fabricación de tejidos textiles,1989-12-28,1989,36,Entre 25 y 50 años,Sin marca,No,Sin auditor,No,0.0,No Grupo Corporativo,0,No participadas,,No consejo,No realiza actividad exterior,,,,,923.15441,464.44121,75.72361,75.72361,0.352872836042462,0.0107991034782578,9.96924,7.32638,214.59178,413.34567,472.5278,1,85.69467,Menos de 1M€,Menos de 1M€,-0.480841833906232,Decrece,0.503102411653972,0.232454915099198,0.00793624546515463,0.399338082754148,85.69467,214.59178,2023-12-31,2023,56.78913,9.96924,2.03086,92.31635,76.2945041322314,823.51168,72.59604,59.9967272727273,92.69694,,,843.23199,0.264637955843416,0.735362044156584,0.0689597140868725,0.0182493577714963,3.91352109041411,Menos de 1M€,Menos de 1M€,La Vall d'Albaida,Textil,7.32638,0.04645676549213581,1.2716444312940478
956,HARROW CLICK SL.,B54866769,IBI,2511,Metal,Industria,Fabricación de estructuras metálicas y sus componentes,2015-06-11,2015,10,Mayor de 50 años,Sin marca,No,Sin auditor,No,0.0,No Grupo Corporativo,0,No participadas,,No consejo,No realiza actividad exterior,,,,,153.72985,-305.50841,40.83886,40.83886,0.191490468089572,-0.228584429113799,-35.14025,150.78777,213.26837,150.23285,15.40031,1,5.698609,Menos de 1M€,Menos de 1M€,0.419585463498829,Crece,-1.98730701942401,1.38729316394962,0.980862012159642,0.0267203664565918,5.698609,213.26837,2022-12-31,2022,1.70918,-42.84597,-32.52108,0.0,0.0,,19.26471,15.9212479338843,0.0,7.70572,-24.81536,-19.26471,0.00801422170573161,0.9919857782942684,,,,Menos de 1M€,Menos de 1M€,,Metal,150.78777,-0.16477009694405223,0.0
958,LOGRATA DESING SOCIEDAD LIMITADA.,B40628034,L'OLLERIA,2319,Vidrio,Industria,"Fabricación y manipulado de otro vidrio, incluido el vidrio técnico",2019-11-27,2019,6,Menor de 10 años,Sin marca,No,Sin auditor,No,0.0,No Grupo Corporativo,0,No participadas,,No consejo,No realiza actividad exterior,,,,,305.48758,38.81024,48.75,24.375,0.230997177143419,0.12296830529084,37.56529,115.15518,211.04154,267.3448,307.49917,2,86.31529,Menos de 1M€,Menos de 1M€,-0.210601664965992,Decrece,0.127043593719915,0.690835090578805,0.376955357726818,0.408996683780833,43.157645,105.52077,2023-12-31,2023,73.58079,21.46822,12.325869,69.305,57.2768595041322,0.45625,36.65316,30.291867768595,0.4,16.09707,28.42294,33.108089,0.348655482707338,0.651344517292662,161.272964383562,56.228703244794,0.130027679553216,Menos de 1M€,Menos de 1M€,,Otros,57.57759,0.17799950663741365,1.8908328777109547
960,TROQUELES DE VES SL.,B42502690,IBI,2573,Maquinaria,Industria,Fabricación de herramientas,2017-04-18,2017,8,Menor de 10 años,Sin marca,No,Sin auditor,No,0.0,No Grupo Corporativo,0,No participadas,,No consejo,No realiza actividad exterior,,,,,109.38761,47.38161,74.58152,37.29076,0.360974924128083,0.143696521022811,15.718619,21.26761,206.61136,161.16911,175.72876,2,90.30014,Menos de 1M€,Menos de 1M€,0.281953843388476,Crece,0.433153352559764,1.88880038607663,0.19442430454418,0.437053122345257,45.15007,103.30568,2023-12-31,2023,93.40675,9.30588,6.94444,38.39398,31.7305619834711,16.6802,29.84979,24.6692479338843,6.43162,6.41274,13.35718,25.22439,0.452089130045899,0.547910869954101,5.59985791537272,2.53163489334149,0.114909044931444,Menos de 1M€,Menos de 1M€,,Otros,10.633805,0.07607819337716959,1.2862395346834945
962,CERRAJERIA NAVALON VAÑO SL,B96398136,ALBAIDA,2512,Metal,Industria,Fabricación de carpintería metálica,1995-02-01,1995,30,Entre 25 y 50 años,Sin marca,No,Sin auditor,No,0.0,No Grupo Corporativo,0,No participadas,,No consejo,No realiza actividad exterior,,,,,148.59955,116.95362,89.62412,29.8747066666667,0.434244070190617,0.0662380202362659,9.84294,10.11846,206.39112,179.71713,177.0912,3,99.46706,Menos de 1M€,Menos de 1M€,0.1484220786299,Crece,0.787038857116324,1.3889081090757,0.0680921308308134,0.481934784791129,33.1556866666667,68.79704,2024-12-31,2024,126.94969,9.48653,7.2804,17.57889,14.5280082644628,90.843,9.79708,8.09676033057851,0.0,0.35641,7.636809,98.62481,0.615092790813868,0.38490720918613197,1.39746254527041,0.859569137028229,0.471310238220929,Menos de 1M€,Menos de 1M€,La Vall d'Albaida,Metal,3.3728200000000004,0.047690714600511885,1.7942989135538336
963,ROTARSA MONTAVERNER SL,B97747117,MONTAVERNER,3299,Manufacturas,Industria,Otras industrias manufactureras n.c.o.p.,2006-05-30,2006,19,Entre 10 y 25 años,Sin marca,No,Sin auditor,No,0.0,No Grupo Corporativo,0,No participadas,,No consejo,No realiza actividad exterior,,,,,113.64334,14.31178,200.19566,50.048915,0.98137484674877,-0.213808569864279,-24.29792,103.23787,203.9951,267.83507,283.58917,4,175.89871,Menos de 1M€,Menos de 1M€,-0.238355529766882,Decrece,0.125935932541229,1.79504667849431,0.908437485205908,0.862269289801569,43.9746775,50.998775,2023-12-31,2023,1.16227,-31.56431,-25.19127,8.21212,6.78687603305785,,0.14324,0.118380165289256,4.91991,7.26639,-17.92488,8.06888,0.00569753881343228,0.9943024611865677,,,,Menos de 1M€,Menos de 1M€,,Otros,25.8094675,-0.1191103119633756,57.33119240435641
964,TEIXITS MICO SL,B96599741,FONTANARS DELS ALFORINS,1320,Textil,Industria,Fabricación de tejidos textiles,1996-12-05,1996,29,Entre 25 y 50 años,Sin marca,No,Sin auditor,No,0.0,No Grupo Corporativo,0,No participadas,,No consejo,No realiza actividad exterior,,,,,742.58675,725.91126,185.94644,37.189288,0.914976916257662,-0.0615847508725412,-45.73202,503.50062,203.22528,346.9736,533.22091,5,140.22143,Menos de 1M€,Menos de 1M€,-0.414291807791717,Decrece,0.977544051250578,0.273672106322931,0.678036094772766,0.689980252456781,28.044286,40.645056,2024-12-31,2024,19.56313,-65.5336,-50.455469,75.49862,62.3955537190083,10.984,0.0,0.0,0.0,19.80158,-30.653889,86.48262,0.0962632700026296,0.9037367299973704,1.78105699198835,0.171450370109846,0.361074929846367,Menos de 1M€,Menos de 1M€,,Textil,100.700124,-0.2250311575410303,
965,AUXILIAR ERBER SL.,B42545897,ONIL,3240,Juguete,Industria,Fabricación de juegos y juguetes,2017-12-14,2017,8,Menor de 10 años,Sin marca,No,Sin auditor,No,0.0,No Grupo Corporativo,0,No participadas,,No consejo,No realiza actividad exterior,,,,,61.01472,-30.86805,190.33859,23.79232375,0.938052031865618,-0.636539018781042,-38.83825,39.53466,202.90835,337.915389,407.36653,8,151.51367,Menos de 1M€,Menos de 1M€,-0.399529122954504,Decrece,-0.505911524301021,3.32556389671214,0.647952821876426,0.746709881579541,18.93920875,25.36354375,2023-12-31,2023,6.73475,-43.79804,-36.300509,18.67492,15.4338181818182,,0.05133,0.0424214876033058,31.85939,4.95979,-31.340719,18.623589,0.033191093417299,0.966808906582701,,,,Menos de 1M€,Menos de 1M€,,Juguete,4.9418325,-0.19140784497040167,363.82076758231085
967,LUPO MED SOCIEDAD LIMITADA.,B01589233,AIELO DE MALFERIT,1413,Textil,Industria,Confección de otras prendas de vestir exteriores,2020-06-01,2020,5,Menor de 10 años,Sin marca,No,Sin auditor,No,8.0,Grupo Corporativo,0,No participadas,,No consejo,No realiza actividad exterior,,,,,178.31197,-67.01406,212.21807,21.221807,1.04943231139593,-0.300206206010735,-53.53036,23.54844,202.22178,292.02347,,10,158.68771,Menos de 1M€,Menos de 1M€,-0.30751531717639,Decrece,-0.375824797404235,1.13408976413642,0.132063147527336,0.784721161093528,15.868771,20.222178,2023-12-31,2023,18.68379,-54.46468,-42.28995,0.0,0.0,150.315,141.41862,116.874892561983,0.0,0.93432,-41.35563,8.89638,0.092392570177159,0.907607429822841,0.124297575092306,0.0114841724295666,0.165363530268681,Menos de 1M€,Menos de 1M€,La Vall d'Albaida,Textil,2.354844,-0.2647111503024056,0.0
970,CHUSCOS CAPOT SL,B53280871,CASTALLA,1072,Alimentación,Industria,Fabricación de galletas y productos de panadería y pastelería de larga duración,1998-05-19,1998,27,Entre 25 y 50 años,Sin marca,No,Sin auditor,No,0.0,No Grupo Corporativo,0,No participadas,,No consejo,No realiza actividad exterior,,,,,85.58501,60.13661,92.31558,30.77186,0.45999838056075,-0.1320331679578,-11.30006,25.551,200.68675,202.44273,199.62376,3,81.01552,Menos de 1M€,Menos de 1M€,-0.00867395929703196,Se mantiene,0.702653537108893,2.34488200679068,0.298545270953406,0.40369142457088,27.0051733333333,66.8955833333333,2024-12-31,2024,85.18412,-12.2937,-9.46615,9.05911,7.48686776859504,1.93159,0.0,0.0,0.0,0.99364,-8.47251,10.9907,0.424463099830955,0.575536900169045,44.1005182259175,18.7190426703245,0.0469311390442819,Menos de 1M€,Menos de 1M€,,Alimentación,8.517,-0.05630695598986979,
971,CELLER LA MUNTANYA SL,B53934519,MURO DE ALCOY,1102,Alimentación,Industria,Elaboración de vinos,2004-10-27,2004,21,Entre 10 y 25 años,PAQUITO EL CHOCOLATERO,Sí,Sin auditor,No,2.0,Grupo Corporativo,0,No participadas,,No consejo,No realiza actividad exterior,,,,,810.84604,793.91115,91.52415,22.8810375,0.457109199095293,-0.0443050569748111,-35.92458,491.15593,200.22382,167.78705,180.86506,4,55.599569,Menos de 1M€,Menos de 1M€,0.193321057852796,Crece,0.979114543125844,0.246931982303324,0.605732661653006,0.277687085382748,13.89989225,50.055955,2024-12-31,2024,75.36097,-110.5418,-110.5418,46.07812,38.0810909090909,235.31,12.69312,10.4901818181818,0.0,74.61722,-35.92458,268.695,0.376383639069517,0.623616360930483,0.320262504780927,0.120541567006964,1.31303512784298,Menos de 1M€,Menos de 1M€,El comtat,Alimentación,122.7889825,-0.17942210871813355,3.630165002773162
972,GRUP HERVER DESARROLLOS E INMUEBLES SL.,B53496600,IBI,2599,Metal,Industria,Fabricación de otros productos metálicos n.c.o.p.,2000-10-19,2000,25,Mayor de 50 años,Sin marca,No,Sin auditor,No,0.0,No Grupo Corporativo,0,No participadas,,No consejo,No realiza actividad exterior,,,,,783.3277,751.221,162.41683,81.208415,0.812149649869262,-0.180281725004746,-141.219669,244.95076,199.98387,503.97257,803.27846,2,21.197169,Menos de 1M€,Menos de 1M€,-0.603185010644528,Decrece,0.959012428642572,0.255300393436872,0.312705346689514,0.105994393447832,10.5985845,99.991935,2024-12-31,2024,167.64025,-165.17252,-123.94634,53.81906,44.4785619834711,8.270718,15.94542,13.1780330578512,0.0,23.95285,-99.99349,46.144358,0.838268856383267,0.16173114361673302,20.2691289921867,16.9909795801652,0.197872193020466,Menos de 1M€,Menos de 1M€,,Metal,122.47538,-0.7061552964246567,3.3752049177757746
973,MUÑECAS RAUBER SL,B53529624,ONIL,3240,Juguete,Industria,Fabricación de juegos y juguetes,2001-01-30,2001,24,Entre 10 y 25 años,RAUBER MUÑECAS,Sí,Sin auditor,No,2.0,Grupo Corporativo,0,No participadas,,No consejo,Exportador,0.0,0.0,0.0,0.0,897.02773,318.47917,104.96902,34.9896733333333,0.525426142499683,-0.023671152284222,-21.23368,531.88826,199.77883,791.10693,773.77318,3,90.349969,Menos de 1M€,Menos de 1M€,-0.747469245402767,Decrece,0.355038266208337,0.22271198907084,0.592945170156557,0.452249965624486,30.1166563333333,66.5929433333333,2024-12-31,2024,59.2164,-75.7797,-75.69355,191.95466,158.640214876033,1.56525,1.0803,0.892809917355372,110.0,54.54602,-21.14753,192.43961,0.296409784760477,0.703590215239523,37.8319118351701,11.2137488441401,0.797445129489835,Menos de 1M€,Menos de 1M€,,Juguete,177.29608666666664,-0.1062859363026603,177.68643895214285
974,ROTULOS BUENOS SOCIEDAD LIMITADA.,B72595903,LA POBLA DEL DUC,2790,Maquinaria,Industria,Fabricación de otro material y equipo eléctrico,2022-10-06,2022,3,Menor de 10 años,Sin marca,No,Sin auditor,No,2.0,Grupo Corporativo,0,No participadas,,No consejo,No realiza actividad exterior,,,,,150.5192,117.4485,99.8755,49.93775,0.503207335549769,0.253240981881381,38.11763,20.908,198.47783,208.00331,,2,137.99313,Menos de 1M€,Menos de 1M€,-0.0457948481685219,Se mantiene,0.780289159123886,1.31862134531674,0.138905867158475,0.695257147863819,68.996565,99.238915,2024-12-31,2024,28.5956,35.00532,26.9541,11.43448,9.44998347107438,,12.45462,10.2930743801653,0.0,3.11231,30.06641,-1.02014,0.144074529633864,0.855925470366136,,,,Menos de 1M€,Menos de 1M€,,Otros,10.454,0.19204981231405038,0.9180914391607281
976,MANOLO DOLLS SL.,B54166038,ONIL,3240,Juguete,Industria,Fabricación de juegos y juguetes,2006-10-02,2006,19,Entre 10 y 25 años,LAS MANOLITAS,Sí,Sin auditor,No,0.0,No Grupo Corporativo,0,No participadas,,No consejo,No realiza actividad exterior,,,,,167.26811,36.70055,66.65792,16.66448,0.339690143592615,0.0612789192153842,10.250009,20.93045,196.23154,208.00896,154.24752,4,76.90793,Menos de 1M€,Menos de 1M€,-0.0566197725328755,Decrece,0.219411518429903,1.1731557198799,0.125131144245009,0.391924407258894,19.2269825,49.057885,2024-12-31,2024,88.46947,6.0484,3.74641,8.94258,7.39056198347107,92.51395,12.03884,9.94945454545455,0.0,4.20161,7.94802,89.41769,0.450842255021797,0.549157744978203,0.956282484965781,0.431132551959821,0.45841283943456,Menos de 1M€,Menos de 1M€,,Juguete,5.2326125,0.05223425857025838,0.7428107691438702
977,TOLDOS LLORENS GILABERT SL,B03993078,COCENTAINA,1392,Textil,Industria,"Fabricación de artículos confeccionados con textiles, excepto prendas de vestir",1995-01-05,1995,30,Entre 25 y 50 años,Sin marca,No,Sin auditor,No,2.0,Grupo Corporativo,0,No participadas,,No consejo,No realiza actividad exterior,,,,,117.15875,31.27576,41.51964,20.75982,0.212323480286116,0.0356115953780661,4.17221,35.67685,195.54898,165.0358,137.11293,2,45.69185,Menos de 1M€,Menos de 1M€,0.184888248489116,Crece,0.266951977551826,1.66909411375591,0.304517161543632,0.233659362477882,22.845925,97.77449,2023-12-31,2023,125.00935,2.63841,1.327129,31.00845,25.6268181818182,8.9081,39.28412,32.4662148760331,0.0,1.5338,2.86093,0.63243,0.639273853537871,0.36072614646212897,14.0332225727147,8.97107227161397,0.0105789521673042,Menos de 1M€,Menos de 1M€,El comtat,Textil,17.838425,0.021335882191765968,0.7893380327725296
978,IMPRENTA DOMINGUEZ 1922 SL.,B54905369,COCENTAINA,1812,Artes gráficas,Industria,Otras actividades de impresión y artes gráficas,2016-01-01,2016,9,Menor de 10 años,Sin marca,No,Sin auditor,No,0.0,No Grupo Corporativo,0,No participadas,,No consejo,No realiza actividad exterior,,,,,148.66406,129.31016,73.06216,24.3540533333333,0.374488828379243,0.0661208230153273,9.82979,13.14798,195.09837,217.92723,176.58175,3,82.89195,Menos de 1M€,Menos de 1M€,-0.104754509108385,Decrece,0.869814533519399,1.31234388459457,0.0884408780440949,0.424872591195918,27.63065,65.03279,2024-12-31,2024,77.09702,6.93404,5.3392,39.08969,32.3055289256198,24.1,11.2555,9.30206611570248,0.0,2.89575,8.23495,51.93419,0.395169985274608,0.604830014725392,3.19904647302905,1.26416714763967,0.241434425156486,Menos de 1M€,Menos de 1M€,El comtat,Otros,4.3826600000000004,0.050383762816675504,3.472941228732615
979,CUESTAMARK ALIMENTACION GOURMET SOCIEDAD LIMITADA.,B98864739,AGULLENT,1089,Alimentación,Industria,Elaboración de otros productos alimenticios n.c.o.p.,2016-11-03,2016,9,Menor de 10 años,CHEF VALI,Sí,Sin auditor,No,0.0,No Grupo Corporativo,0,No participadas,,No consejo,No realiza actividad exterior,,,,,90.05542,16.42191,74.113,14.8226,0.388307100917302,0.0775521340081474,6.98399,46.91236,190.86182,169.37543,123.58734,5,81.096989,Menos de 1M€,Menos de 1M€,0.126856593072561,Crece,0.182353377509094,2.1193818206611,0.520927668762191,0.424898960934146,16.2193978,38.172364,2024-12-31,2024,50.05639,-2.10307,-4.67999,7.41085,6.1246694214876,31.12368,3.97497,3.28509917355372,15.53587,9.08706,4.40707,34.55956,0.262265077426171,0.737734922573829,1.60830563737964,0.42180240251232,0.177946800716528,Menos de 1M€,Menos de 1M€,La Vall d'Albaida,Alimentación,9.382472,0.036591865256236165,1.8643788506579908
980,BASTIDORES JURASA SL,B03959020,MURO DE ALCOY,1629,Madera,Industria,"Fabricación de otros productos de madera; artículos de corcho, cestería y espartería",1994-07-08,1994,31,Entre 25 y 50 años,Sin marca,No,Sin auditor,No,0.0,No Grupo Corporativo,0,No participadas,,No consejo,No realiza actividad exterior,,,,,158.489,126.3884,49.17757,16.3925233333333,0.259087981048026,0.154910750903848,24.55165,21.95823,189.81031,154.49169,153.490539,3,74.20922,Menos de 1M€,Menos de 1M€,0.228611778406981,Crece,0.79745849869707,1.19762450390879,0.138547343979708,0.390965169384108,24.7364066666667,63.2701033333333,2024-12-31,2024,83.51437,19.44654,18.28234,28.67428,23.6977520661157,24.50585,23.61927,19.5200578512397,0.0,5.10511,23.38745,29.560859,0.439988586499859,0.560011413500141,3.40793606424588,1.49945297178944,0.151116892516935,Menos de 1M€,Menos de 1M€,El comtat,Madera,7.31941,0.1293483478321067,1.2140205857335962
981,PARTYPLAST SL.,B54836432,CASTALLA,2229,Plástico,Industria,Fabricación de otros productos de plástico,2015-01-27,2015,10,Mayor de 50 años,Sin marca,No,Sin auditor,No,0.0,No Grupo Corporativo,0,No participadas,,No consejo,No realiza actividad exterior,,,,,140.07219,36.38009,62.81952,20.93984,0.33243432850425,-0.000377655264760264,-0.052899,33.432239,188.96821,292.69173,263.89284,3,62.76662,Menos de 1M€,Menos de 1M€,-0.354378034528,Decrece,0.259723860960552,1.34907728650491,0.238678634209974,0.332154387237938,20.9222066666667,62.9894033333333,2024-12-31,2024,87.77904,-3.93395,-5.18747,58.39586,48.261041322314,43.94268,0.0,0.0,46.20963,3.88105,-1.30642,102.33854,0.464517497413983,0.535482502586017,1.99758048439467,0.927911087494024,0.487932448120846,Menos de 1M€,Menos de 1M€,,Plástico,11.144079666666668,-0.0002799359744160142,
982,MOLDURAS SAMPER SL,B53745147,ONIL,2370,Textil,Industria,"Corte, tallado y acabado de la piedra",2003-02-20,2003,22,Entre 10 y 25 años,Sin marca,No,Sin auditor,No,0.0,No Grupo Corporativo,0,No participadas,,No consejo,No realiza actividad exterior,,,,,74.67774,24.57592,49.84494,16.61498,0.264884217903495,0.0385537912636349,2.87911,29.81245,188.17633,115.59164,92.27715,3,53.02463,Menos de 1M€,Menos de 1M€,0.627940653839672,Crece,0.329092980050012,2.5198450033437,0.399214678965914,0.281781614085045,17.6748766666667,62.7254433333333,2024-12-31,2024,101.87539,2.87911,0.943199,5.27178,4.35684297520661,27.788,12.06317,9.96956198347107,0.0,,,20.99661,0.541382595781308,0.458617404218692,3.66616489131999,1.98479786542511,0.117843094249609,Menos de 1M€,Menos de 1M€,,Textil,9.937483333333333,0.015300064572414606,0.4370144829261297
983,CONFOBIRD SL.,B42657403,BANYERES DE MARIOLA,2229,Plástico,Industria,Fabricación de otros productos de plástico,2019-07-02,2019,6,Menor de 10 años,Sin marca,No,Sin auditor,No,2.0,Grupo Corporativo,0,No participadas,,No consejo,No realiza actividad exterior,,,,,198.57362,21.65456,72.12238,24.0407933333333,0.385035696040899,0.105165882557814,20.88317,50.34241,187.31349,198.109639,172.04983,3,91.84444,Menos de 1M€,Menos de 1M€,-0.0544958289485349,Decrece,0.1090505375286,0.943294935147982,0.253520130216692,0.490324749167826,30.6148133333333,62.43783,2023-12-31,2023,12.86692,7.41993,2.15506,2.07525,1.7150826446281,46.39995,0.0,0.0,3.0,13.46324,15.6183,48.4752,0.0686919025426305,0.9313080974573695,0.27730460916445,0.0190485811873466,0.25686902018978,Menos de 1M€,Menos de 1M€,L'Alcoià,Plástico,16.780803333333335,0.11148780581686882,
984,TAPITER SL,B03930062,MURO DE ALCOY,1320,Textil,Industria,Fabricación de tejidos textiles,1994-03-08,1994,31,Entre 25 y 50 años,CONAQUA TEXTILE,Sí,Sin auditor,No,0.0,No Grupo Corporativo,0,No participadas,,No consejo,No realiza actividad exterior,,,,,458.36341,138.57013,129.78933,25.957866,0.693439755701072,0.00750893270472877,3.44182,144.68227,187.16742,291.10647,258.746,5,133.23115,Menos de 1M€,Menos de 1M€,-0.357048230497934,Decrece,0.30231499063156,0.408338484086241,0.315649693765914,0.711828746691064,26.64623,37.433484,2024-12-31,2024,111.93334,3.44182,0.83655,11.5367,9.53446280991736,301.95,60.31516,49.8472396694215,65.0,,,253.17154,0.598038590263199,0.40196140973680095,0.37070157310813,0.221693846189936,1.39787802353901,Menos de 1M€,Menos de 1M€,El comtat,Textil,28.936453999999998,0.018388990989991742,0.19127363667774408
985,TABLERCHOP SOCIEDAD LIMITADA.,B40577736,QUATRETONDA,1621,Madera,Industria,Fabricación de chapas y tableros de madera,2019-04-09,2019,6,Menor de 10 años,Sin marca,No,Sin auditor,No,2.0,Grupo Corporativo,0,No participadas,,No consejo,No realiza actividad exterior,,,,,65.63692,10.22517,44.66783,22.333915,0.239829644491521,0.109174379297505,7.16587,10.64996,186.24816,154.04003,339.4998,2,51.8337,Menos de 1M€,Menos de 1M€,0.209089351644504,Crece,0.155783818009742,2.83755179249727,0.162255632957793,0.27830449439071,25.91685,93.12408,2022-12-31,2022,20.81963,7.16587,5.32088,10.31452,8.52439669421488,5.518,0.78009,0.644702479338843,0.0,,,15.05243,0.111784352661524,0.888215647338476,3.77303914461762,0.421766738347671,0.071934639326778,Menos de 1M€,Menos de 1M€,,Madera,5.32498,0.038474849899188264,13.222217949210997
986,ROTULOGO SL,B97746069,L'OLLERIA,2599,Metal,Industria,Fabricación de otros productos metálicos n.c.o.p.,2006-05-29,2006,19,Entre 10 y 25 años,ROTULOGO,Sí,Sin auditor,No,0.0,No Grupo Corporativo,0,No participadas,,No consejo,No realiza actividad exterior,,,,,286.80137,0.91141,69.98531,69.98531,0.379677901541984,0.0985036089611427,28.25097,197.52209,184.32811,221.94079,185.82694,1,98.53628,Menos de 1M€,Menos de 1M€,-0.169471686570098,Decrece,0.00317784395520844,0.642703031718433,0.688706926330233,0.534570012137595,98.53628,184.32811,2024-12-31,2024,50.05558,-1.07933,-11.70105,39.32226,32.4977355371901,45.0102,9.00823,7.44481818181818,13.36658,29.3303,17.62925,75.32423,0.27155695352163,0.72844304647837,1.11209414754878,0.301996898737581,0.380100014888515,Menos de 1M€,Menos de 1M€,,Metal,197.52209,0.15326457803967067,4.365148314374748
987,CARTONAJES ALICANTE SL,B03914462,CASTALLA,1712,Papel y Cartón,Industria,Fabricación de papel y cartón,1994-02-01,1994,31,Entre 25 y 50 años,CARTONAJES ALICANTE,Sí,Sin auditor,No,2.0,Grupo Corporativo,0,No participadas,,No consejo,No realiza actividad exterior,,,,,237.33876,-109.82086,147.45519,29.491038,0.801298106150085,0.0436184127700001,10.35234,120.45689,184.02039,169.8445,126.35912,5,157.80753,Menos de 1M€,Menos de 1M€,0.0834639331859435,Crece,-0.462717762577002,0.775349083310286,0.507531471050072,0.857554589466961,31.561506,36.804078,2024-12-31,2024,3.25904,10.35234,7.9713,60.94241,50.3656280991736,51.25025,7.35006,6.07442975206612,25.0386,,,104.8426,0.0177102113521224,0.9822897886478776,0.0635907141916381,0.00112620498836632,0.519189467792713,Menos de 1M€,Menos de 1M€,,Papel y cartón,24.091378,0.05625648331687592,8.291416668707468
988,TEOCOLOR S.L.,B53333969,IBI,3240,Juguete,Industria,Fabricación de juegos y juguetes,1999-01-14,1999,26,Entre 25 y 50 años,Sin marca,No,Sin auditor,No,2.0,Grupo Corporativo,0,No participadas,,No consejo,No realiza actividad exterior,,,,,486.84941,442.56352,58.73299,58.73299,0.319936347184025,0.0821569630740643,39.998069,128.1927,183.57711,208.95668,336.05808,1,100.83106,Menos de 1M€,Menos de 1M€,-0.121458524321883,Decrece,0.909035752965173,0.377071649321707,0.263310784334729,0.549257257617793,100.83106,183.57711,2024-12-31,2024,30.88475,33.291309,27.14545,46.26787,38.2379090909091,,0.6367,0.526198347107438,0.0,6.70676,33.85221,45.63117,0.168238567433598,0.831761432566402,,,,Menos de 1M€,Menos de 1M€,,Juguete,128.1927,0.21788157031124414,72.66824250039268
990,SUMITEX SL,B46184487,ONTINYENT,1310,Textil,Industria,Preparación e hilado de fibras textiles,1982-04-23,1982,43,Entre 25 y 50 años,Sin marca,No,Sin auditor,No,0.0,No Grupo Corporativo,0,No participadas,,No consejo,No realiza actividad exterior,,,,,278.37475,164.45555,93.22661,18.645322,0.512749828880091,0.0404136510225874,11.25014,147.45392,181.81695,164.10913,216.03132,5,104.47675,Menos de 1M€,Menos de 1M€,0.107902710836381,Crece,0.590770355429147,0.653137362494264,0.529695742878979,0.574626018091273,20.89535,36.36339,2024-12-31,2024,16.77113,1.93096,2.5511,66.52774,54.9816033057851,43.10972,0.0,0.0,7.76856,9.31918,11.87028,109.63746,0.0922418399384656,0.9077581600615344,0.389033610053603,0.0358851759892479,0.539505933334517,Menos de 1M€,Menos de 1M€,La Vall d'Albaida,Textil,29.490784,0.06187618921118191,
991,D & A MAURI SL,B97675250,MONTAVERNER,1392,Textil,Industria,"Fabricación de artículos confeccionados con textiles, excepto prendas de vestir",2005-12-15,2005,20,Entre 10 y 25 años,VILSEN HOME,Sí,Sin auditor,No,0.0,No Grupo Corporativo,0,No participadas,,No consejo,No realiza actividad exterior,,,,,140.23094,2.40219,84.11273,21.0281825,0.464676018186689,0.201459178694802,28.25081,24.89552,181.01371,160.5274,86.73166,4,112.38154,Menos de 1M€,Menos de 1M€,0.127618774115821,Crece,0.017130242441504,1.29082576213209,0.177532290662817,0.620845459716836,28.095385,45.2534275,2024-12-31,2024,64.39556,22.15588,16.82956,54.56867,45.0980743801653,32.70207,15.86038,13.1077520661157,6.40416,6.09493,22.92449,71.410359,0.355749628025413,0.644250371974587,1.96915852727366,0.700527413600673,0.357389461351019,Menos de 1M€,Menos de 1M€,,Textil,6.22388,0.1560700015485015,3.44056510625849
993,METALICAS LA FOIA SL.,B54824198,ONIL,2512,Metal,Industria,Fabricación de carpintería metálica,2014-11-27,2014,11,Entre 10 y 25 años,Sin marca,No,Sin auditor,No,0.0,No Grupo Corporativo,0,No participadas,,No consejo,No realiza actividad exterior,,,,,114.93389,63.06576,68.37674,22.7922466666667,0.379673347637006,0.157473918267275,18.09909,54.09441,180.0936,185.89721,197.38439,3,86.47583,Menos de 1M€,Menos de 1M€,-0.031219457247368,Se mantiene,0.54871335164937,1.56693208591478,0.470656740148619,0.480171588551731,28.8252766666667,60.0312,2024-12-31,2024,66.96742,4.52545,1.73304,11.58371,9.57331404958678,24.98,0.0,0.0,0.0,13.57364,15.30668,36.56371,0.371847861334328,0.628152138665672,2.68084147317854,0.996865168377812,0.191863087025784,Menos de 1M€,Menos de 1M€,,Metal,18.031470000000002,0.10049824091472434,
994,PASTELERIA PANADERIA TAMAPAN SL,B53410841,IBI,1071,Alimentación,Industria,Fabricación de pan y de productos frescos de panadería y pastelería,1999-11-16,1999,26,Entre 25 y 50 años,Sin marca,No,Sin auditor,No,0.0,No Grupo Corporativo,0,No participadas,,No consejo,No realiza actividad exterior,,,,,169.59102,70.71019,62.51898,20.83966,0.347258755095933,0.0549885247461805,9.32556,117.36282,180.03572,177.01366,150.59792,3,71.84754,Menos de 1M€,Menos de 1M€,0.0170724677406253,Se mantiene,0.41694536656481,1.06158757698373,0.692034401349789,0.399073806020272,23.94918,60.0119066666667,2023-12-31,2023,68.03756,7.61977,3.86388,42.34177,34.9931983471074,9.13425,0.0,0.0,15.10206,1.70579,5.56967,51.47602,0.377911450016697,0.622088549983303,7.44862030270685,2.81491889921975,0.245103851319657,Menos de 1M€,Menos de 1M€,,Alimentación,39.12094,0.05179838756442332,
995,TEXTILES ELENA SL,B03472990,BANYERES DE MARIOLA,1320,Textil,Industria,Fabricación de tejidos textiles,1989-12-29,1989,36,Entre 25 y 50 años,Sin marca,No,Sin auditor,No,2.0,Grupo Corporativo,0,No participadas,,No consejo,No realiza actividad exterior,,,,,233.9029,207.90525,60.36734,30.18367,0.336665916938065,0.0260799673710758,6.10018,21.52695,179.30933,188.93514,230.71932,2,66.46752,Menos de 1M€,Menos de 1M€,-0.0509476955954302,Decrece,0.888852810290082,0.766597293150277,0.0920337028741414,0.370686344095982,33.23376,89.654665,2024-12-31,2024,79.04621,0.83943,0.46974,30.95381,25.5816611570248,173.79253,9.38105,7.75293388429752,0.0,5.26075,5.73049,195.36529,0.440837127660898,0.559162872339102,0.454830883697936,0.200506340340866,1.06866305993518,Menos de 1M€,Menos de 1M€,L'Alcoià,Textil,10.763475,0.03402042715791755,3.2996103847650327
996,CORTE INDUSTRIAL MURO SL.,B02912525,MURO DE ALCOY,1419,Textil,Industria,Confección de otras prendas de vestir y accesorios,2020-12-24,2020,5,Menor de 10 años,Sin marca,No,Sin auditor,No,2.0,Grupo Corporativo,0,No participadas,,No consejo,Importador / Exportador,0.0,0.0,0.0,0.0,126.00215,-68.18674,111.14669,22.229338,0.621666914539144,-0.42388927490523,-53.41096,80.0688,178.78817,219.44715,251.65877,5,57.735729,Menos de 1M€,Menos de 1M€,-0.185279143520433,Decrece,-0.541155369174256,1.41892951826616,0.635455823571264,0.3229281277391,11.5471458,35.757634,2024-12-31,2024,16.55046,-58.00134,-58.20968,26.80444,22.1524297520661,18.00982,5.17698,4.2784958677686,24.99902,4.59038,-53.6193,39.63728,0.092570218711898,0.907429781288102,0.918968651546767,0.0850691290630622,0.200705415153013,Menos de 1M€,Menos de 1M€,El comtat,Textil,16.013759999999998,-0.29873878120683267,5.177620929576694
999,IBICANARI SL,B53032868,ONIL,2229,Plástico,Industria,Fabricación de otros productos de plástico,1995-05-16,1995,30,Entre 25 y 50 años,IBICANARI,Sí,Sin auditor,No,2.0,Grupo Corporativo,0,No participadas,,No consejo,No realiza actividad exterior,,,,,87.119,71.73715,54.64214,27.32107,0.310495795884512,0.223241302126976,19.448559,29.45749,175.98351,167.12687,193.37338,2,74.0907,Menos de 1M€,Menos de 1M€,0.0529935132513402,Crece,0.823438629919995,2.02003592786878,0.338129340327598,0.421009332067533,37.04535,87.991755,2024-12-31,2024,55.68155,9.03134,6.75275,29.41606,24.3107933884298,17.9612,5.89031,4.86802479338843,0.0,10.41722,17.16997,41.48695,0.316402087900167,0.683597912099833,3.10010188628822,0.980878709524841,0.212542462615056,Menos de 1M€,Menos de 1M€,,Plástico,14.728745,0.1105135305006702,4.993974850220117
